# 3ds Max Wavefront OBJ Exporter v0.97b - (c)2007 guruware
# File Created: 31.07.2022 18:10:02

mtllib dumbbells obj.mtl

#
# object _Sweep__1413_
#

v  -115.6070 88.1758 9.0984
v  -116.1570 88.4760 9.2018
v  -116.2420 88.7762 9.3052
v  -115.9245 88.2562 9.1261
v  -116.2420 92.3786 10.5456
v  -115.9245 92.8986 10.7246
v  -116.1570 92.6788 10.6490
v  -115.6070 92.9790 10.7523
v  -110.5270 92.9790 10.7523
v  -109.8920 88.7762 9.3052
v  -110.2095 88.2562 9.1261
v  -110.5270 88.1758 9.0984
v  -109.9771 88.4760 9.2018
v  -109.8920 92.3786 10.5456
v  -109.9771 92.6788 10.6490
v  -110.2095 92.8986 10.7246
v  -109.8920 78.9259 49.6150
v  -109.8920 80.3582 45.4552
v  -110.5270 79.5294 49.8127
v  -110.2095 78.0166 53.9450
v  -109.9771 77.7965 53.8702
v  -110.5270 91.5467 14.9120
v  -109.8920 90.9463 14.7053
v  -110.5270 78.0971 53.9724
v  -110.5270 83.6778 37.7649
v  -109.8920 81.7905 41.2955
v  -109.8920 83.2228 37.1358
v  -110.5270 85.5381 32.3624
v  -109.8920 85.5118 30.4883
v  -110.5270 89.2585 21.5573
v  -109.8920 87.8007 23.8407
v  -109.8920 89.5140 18.8650
v  -110.5270 87.3983 26.9599
v  -110.5270 81.8176 43.1674
v  -109.8920 77.4936 53.7747
v  -109.8920 73.8912 52.5343
v  -109.9771 73.5883 52.4388
v  -109.8920 75.3212 48.3813
v  -109.8920 87.3439 13.4649
v  -110.5270 82.4465 25.7373
v  -109.8920 81.3325 30.9231
v  -110.5270 80.1576 32.3849
v  -110.2095 73.3682 52.3640
v  -109.8920 85.0543 20.1142
v  -110.5270 85.3111 17.4179
v  -110.5270 73.2908 52.3275
v  -110.5270 75.5797 45.6800
v  -110.5270 86.7434 13.2582
v  -109.8920 79.0430 37.5724
v  -110.5270 77.8687 39.0324
v  -109.8920 76.7535 44.2216
v  -109.8920 83.1934 25.5186
v  -110.5270 83.8788 21.5776
v  -109.8920 77.8982 40.8970
v  -115.6070 73.2908 52.3275
v  -116.1570 73.5883 52.4388
v  -116.2420 76.1801 45.8867
v  -115.6070 74.7200 48.1769
v  -116.2420 78.4691 39.2392
v  -115.6070 76.1523 44.0171
v  -116.2420 83.0469 25.9441
v  -115.6070 80.7317 30.7175
v  -116.2420 80.7580 32.5916
v  -115.6070 78.4420 37.3673
v  -116.2420 73.8912 52.5343
v  -116.2420 85.9115 17.6246
v  -116.2420 87.3439 13.4649
v  -115.6070 86.7434 13.2582
v  -115.6070 84.4537 19.9080
v  -115.9245 73.3682 52.3640
v  -115.6070 82.5927 25.3127
v  -116.2420 84.4792 21.7843
v  -115.6070 77.2971 40.6922
v  -116.2420 77.4936 53.7747
v  -116.2420 83.0769 37.5595
v  -115.6070 82.3909 41.5023
v  -115.6070 83.8232 37.3425
v  -116.2420 78.9282 49.6082
v  -116.1570 77.7965 53.8702
v  -115.9245 78.0166 53.9450
v  -116.2420 90.9463 14.7053
v  -115.6070 91.5467 14.9120
v  -115.6070 90.1144 19.0718
v  -116.2420 81.2166 42.9623
v  -115.6070 80.9586 45.6620
v  -116.2420 84.9373 32.1568
v  -115.6070 86.1122 30.6950
v  -116.2420 88.6579 21.3512
v  -115.6070 88.4011 24.0474
v  -115.6070 79.5263 49.8217
v  -116.2420 86.7976 26.7540
v  -115.6070 78.0940 53.9814
v  -110.5270 77.0721 56.4268
v  -109.9670 68.1397 64.9138
v  -110.0536 70.9971 63.3123
v  -110.1884 68.8170 64.8289
v  -109.9711 73.5332 60.9191
v  -110.1309 74.8529 59.6770
v  -110.2060 73.1042 61.6959
v  -109.9607 77.0437 55.6806
v  -110.0958 76.6416 56.8895
v  -109.9440 76.1086 57.3993
v  -110.5270 74.0801 60.8107
v  -110.5270 75.7248 58.7203
v  -110.0720 66.3419 65.8550
v  -110.3122 66.4327 65.9861
v  -110.0975 63.1143 66.7844
v  -109.9467 74.9882 59.1057
v  -110.2980 71.0971 63.4485
v  -110.5270 72.1680 62.6598
v  -109.8920 74.0076 59.7094
v  -110.5270 70.0236 64.2335
v  -110.5270 67.6862 65.5031
v  -109.8920 68.8024 64.2234
v  -109.8920 66.6637 65.1012
v  -110.5270 62.6069 67.0428
v  -110.5270 59.9580 67.2846
v  -110.2116 59.9569 67.2008
v  -109.8920 62.2375 66.3143
v  -109.9384 63.5528 66.4616
v  -109.9389 61.6854 66.7699
v  -110.5270 65.1988 66.4453
v  -109.8920 64.5249 65.9789
v  -109.8920 59.9501 66.6496
v  -109.8920 75.4857 57.9318
v  -109.9782 59.9540 66.9690
v  -109.8920 72.5295 61.4871
v  -109.8920 76.4908 55.8498
v  -109.8920 70.6660 62.8553
v  -109.8920 63.5507 62.2953
v  -109.8920 66.9603 60.8883
v  -109.8920 59.9027 62.8396
v  -109.8920 69.9304 58.7013
v  -109.8920 72.2862 55.8631
v  -110.0083 66.5973 60.6706
v  -110.2274 66.5172 60.4938
v  -110.0628 68.2586 59.5336
v  -109.8920 73.0875 54.2021
v  -109.9773 72.4724 54.9373
v  -109.8920 65.2555 61.5918
v  -110.0714 71.1065 56.7591
v  -110.2275 72.1266 55.0535
v  -110.5270 65.6026 60.8699
v  -110.5270 67.3279 59.9276
v  -110.2275 69.6916 58.1548
v  -110.0084 69.8370 58.2835
v  -110.5270 72.5305 54.1508
v  -109.8920 61.7267 62.5675
v  -109.9759 59.8987 62.5242
v  -109.8920 68.4453 59.7948
v  -110.2976 70.9887 56.6666
v  -110.5270 71.5358 55.8465
v  -109.8920 71.1083 57.2822
v  -110.5270 70.3218 57.3928
v  -110.0713 64.7650 61.4318
v  -109.9774 62.6211 62.1961
v  -110.2274 62.8336 61.9006
v  -110.2913 68.1659 59.4078
v  -110.2076 59.8958 62.2908
v  -110.5270 61.8518 62.0189
v  -110.5270 63.7661 61.5713
v  -110.2975 64.7115 61.2917
v  -110.5270 59.8948 62.2046
v  -110.5270 68.9106 58.7614
v  -115.6070 72.5305 54.1508
v  -115.6070 70.3218 57.3928
v  -115.6070 71.5358 55.8465
v  -115.6070 68.9106 58.7614
v  -115.6070 65.6026 60.8699
v  -115.6070 67.3279 59.9276
v  -115.6070 61.8518 62.0189
v  -115.6070 63.7661 61.5713
v  -115.6070 59.8948 62.2046
v  -115.8366 64.7115 61.2917
v  -115.9066 66.5172 60.4938
v  -116.1257 69.8370 58.2835
v  -116.2420 68.4453 59.7948
v  -116.2420 69.9304 58.7013
v  -115.9066 69.6916 58.1548
v  -115.8365 70.9887 56.6666
v  -116.0626 71.1065 56.7591
v  -115.9066 72.1266 55.0535
v  -115.9224 59.8958 62.2885
v  -115.9066 62.8336 61.9006
v  -116.1568 72.4724 54.9373
v  -116.2420 65.2555 61.5918
v  -116.0628 64.7650 61.4318
v  -116.2420 63.5507 62.2953
v  -116.2420 73.0875 54.2021
v  -116.1257 66.5973 60.6706
v  -116.1567 62.6211 62.1961
v  -116.1558 59.8987 62.5202
v  -115.8427 68.1659 59.4078
v  -116.0712 68.2586 59.5336
v  -116.2420 71.1083 57.2822
v  -116.2420 61.7267 62.5675
v  -116.2420 72.2862 55.8631
v  -116.2420 66.9603 60.8883
v  -116.2420 59.9027 62.8396
v  -116.2420 68.8024 64.2234
v  -116.2420 64.5249 65.9789
v  -116.2420 59.9501 66.6496
v  -116.2420 72.5295 61.4871
v  -116.2420 75.4857 57.9318
v  -116.1734 77.0437 55.6806
v  -116.0804 70.9971 63.3123
v  -116.1629 67.9463 65.0175
v  -115.9276 68.8235 64.8378
v  -116.0382 76.6416 56.8895
v  -115.6070 77.0721 56.4268
v  -116.1873 74.9882 59.1057
v  -116.1900 76.1086 57.3993
v  -116.1629 73.5332 60.9191
v  -116.0032 74.8529 59.6770
v  -116.2420 76.4908 55.8498
v  -115.9281 73.1042 61.6959
v  -115.6070 75.7248 58.7203
v  -115.6070 74.0801 60.8107
v  -115.6070 72.1680 62.6598
v  -116.0013 66.3738 65.9017
v  -116.2420 66.6637 65.1012
v  -116.1869 65.7945 65.8568
v  -116.1740 61.9125 66.7895
v  -116.0394 63.1951 66.7663
v  -116.1903 63.8378 66.4113
v  -115.9265 59.9569 67.1984
v  -116.2420 70.6660 62.8553
v  -115.8361 71.0971 63.4485
v  -115.6070 70.0236 64.2335
v  -115.6070 62.6069 67.0428
v  -115.6070 67.6862 65.5031
v  -115.6070 65.1988 66.4453
v  -115.6070 59.9580 67.2846
v  -116.2420 74.0076 59.7094
v  -116.1582 59.9540 66.9650
v  -116.2420 62.2375 66.3143
v  -110.5270 55.5586 67.2846
v  -109.8920 55.5507 66.6496
v  -110.5270 24.9074 67.2846
v  -110.5270 21.0129 67.2846
v  -109.8920 24.7548 66.6496
v  -110.5270 52.1690 67.2846
v  -109.8920 51.1513 66.6496
v  -110.5270 13.2239 67.2846
v  -109.8920 11.5178 66.6496
v  -109.8920 18.1363 66.6496
v  -110.5270 2.0453 67.2846
v  -110.2095 -2.2690 67.1996
v  -109.9771 -2.0366 66.9671
v  -109.8920 4.8994 66.6496
v  -110.5270 6.4447 67.2846
v  -109.8920 -1.7191 66.6496
v  -109.8920 37.9530 66.6496
v  -110.5270 36.5909 67.2846
v  -109.8920 33.5536 66.6496
v  -110.5270 40.4854 67.2846
v  -109.8920 8.2086 66.6496
v  -110.5270 32.6964 67.2846
v  -109.8920 29.1542 66.6496
v  -110.5270 17.1184 67.2846
v  -109.8920 42.3524 66.6496
v  -110.5270 48.2745 67.2846
v  -110.5270 44.3800 67.2846
v  -109.8920 46.7518 66.6496
v  -110.5270 -2.3541 67.2846
v  -110.5270 28.8019 67.2846
v  -109.8920 2.0909 62.8396
v  -110.2095 2.6408 62.2897
v  -110.5270 2.7259 62.2046
v  -110.5270 7.1253 62.2046
v  -110.5270 55.4953 62.2046
v  -109.8920 19.6885 62.8396
v  -110.5270 17.0181 62.2046
v  -110.5270 20.5912 62.2046
v  -109.8920 42.9403 62.8396
v  -109.8920 37.2862 62.8396
v  -110.5270 38.4564 62.2046
v  -110.5270 24.1642 62.2046
v  -109.8920 24.0879 62.8396
v  -110.5270 42.0295 62.2046
v  -110.5270 45.6025 62.2046
v  -109.9771 2.4084 62.5221
v  -109.8920 6.4903 62.8396
v  -110.5270 13.4450 62.2046
v  -109.8920 10.8897 62.8396
v  -110.5270 9.8720 62.2046
v  -109.8920 48.5944 62.8396
v  -110.5270 49.1756 62.2046
v  -109.8920 32.8867 62.8396
v  -110.5270 31.3103 62.2046
v  -110.5270 34.8834 62.2046
v  -110.5270 52.7486 62.2046
v  -109.8920 55.5032 62.8396
v  -109.8920 15.2891 62.8396
v  -109.8920 28.4873 62.8396
v  -110.5270 27.7373 62.2046
v  -115.6070 2.7259 62.2046
v  -115.6070 45.6025 62.2046
v  -116.2420 42.9403 62.8396
v  -116.2420 48.5944 62.8396
v  -116.2420 15.2891 62.8396
v  -115.6070 17.0181 62.2046
v  -115.6070 13.4450 62.2046
v  -116.2420 28.4873 62.8396
v  -116.2420 32.8867 62.8396
v  -115.6070 31.3103 62.2046
v  -116.2420 55.5032 62.8396
v  -115.6070 55.4953 62.2046
v  -115.6070 52.7486 62.2046
v  -115.6070 20.5912 62.2046
v  -116.2420 24.0879 62.8396
v  -115.6070 24.1642 62.2046
v  -115.6070 38.4564 62.2046
v  -115.6070 34.8834 62.2046
v  -116.2420 37.2862 62.8396
v  -116.2420 6.4903 62.8396
v  -116.2420 10.8897 62.8396
v  -115.6070 9.8720 62.2046
v  -115.6070 27.7373 62.2046
v  -115.6070 7.1253 62.2046
v  -116.1570 2.4084 62.5221
v  -116.2420 2.0909 62.8396
v  -115.6070 42.0295 62.2046
v  -115.6070 49.1756 62.2046
v  -115.9245 2.6408 62.2897
v  -116.2420 19.6885 62.8396
v  -116.2420 -1.7191 66.6496
v  -116.2420 18.1363 66.6496
v  -115.6070 13.2239 67.2846
v  -115.6070 17.1184 67.2846
v  -115.6070 28.8019 67.2846
v  -116.2420 33.5536 66.6496
v  -116.2420 29.1542 66.6496
v  -116.2420 46.7518 66.6496
v  -115.6070 46.7597 67.2846
v  -116.2420 51.1513 66.6496
v  -115.9245 -2.2690 67.1996
v  -115.6070 2.0453 67.2846
v  -116.1570 -2.0366 66.9671
v  -115.6070 42.3603 67.2846
v  -116.2420 37.9530 66.6496
v  -115.6070 35.5811 67.2846
v  -116.2420 11.5178 66.6496
v  -115.6070 6.4447 67.2846
v  -116.2420 42.3524 66.6496
v  -116.2420 4.8994 66.6496
v  -116.2420 24.7548 66.6496
v  -115.6070 21.0129 67.2846
v  -115.6070 24.9074 67.2846
v  -115.6070 55.5586 67.2846
v  -116.2420 55.5507 66.6496
v  -115.6070 51.1592 67.2846
v  -115.6070 -2.3541 67.2846
v  -115.6070 -2.3541 18.8667
v  -115.9245 -2.2690 18.8667
v  -116.2420 -1.7191 18.8667
v  -116.1570 -2.0366 18.8667
v  -110.5270 -2.3541 18.8667
v  -115.6070 2.7259 18.8667
v  -110.2095 -2.2690 18.8667
v  -109.9771 -2.0366 18.8667
v  -109.8920 -1.7191 18.8667
v  -110.5270 2.7259 18.8667
v  -116.2420 2.0909 18.8667
v  -116.1570 2.4084 18.8667
v  -115.9245 2.6408 18.8667
v  -109.9771 2.4084 18.8667
v  -109.8920 2.0909 18.8667
v  -110.2095 2.6408 18.8667
v  -110.5270 -2.3541 62.8852
v  -109.8920 -1.7191 62.2502
v  -109.8920 -1.7191 23.2661
v  -109.8920 -1.7191 27.6655
v  -110.5270 -2.3541 30.9711
v  -110.5270 -2.3541 27.1186
v  -110.5270 -2.3541 37.0234
v  -109.8920 -1.7191 32.0649
v  -109.8920 -1.7191 36.4643
v  -109.8920 -1.7191 47.7838
v  -110.5270 -2.3541 43.0756
v  -109.8920 -1.7191 44.0106
v  -110.5270 -2.3541 59.0327
v  -109.8920 -1.7191 59.1033
v  -110.5270 -2.3541 23.2661
v  -110.5270 -2.3541 49.1279
v  -110.5270 -2.3541 55.1801
v  -109.8920 -1.7191 51.5570
v  -109.8920 -1.7191 55.3301
v  -109.8920 -1.7191 40.2375
v  -109.8920 2.0909 27.6655
v  -110.5270 2.7259 29.7012
v  -109.8920 2.0909 32.0543
v  -110.5270 2.7259 23.2661
v  -109.8920 2.0909 23.2661
v  -109.8920 2.0909 49.6414
v  -110.5270 2.7259 45.9529
v  -110.5270 2.7259 51.3701
v  -109.8920 2.0909 58.4402
v  -109.8920 2.0909 54.0408
v  -110.5270 2.7259 57.8052
v  -110.5270 2.7259 35.1184
v  -109.8920 2.0909 45.2420
v  -109.8920 2.0909 38.6482
v  -110.5270 2.7259 40.5356
v  -115.6070 2.7259 23.2661
v  -116.2420 2.0909 54.0408
v  -115.6070 2.7259 57.8052
v  -115.6070 2.7259 51.3701
v  -115.6070 2.7259 29.7012
v  -116.2420 2.0909 27.6655
v  -116.2420 2.0909 32.0543
v  -115.6070 2.7259 35.1184
v  -116.2420 2.0909 38.6482
v  -115.6070 2.7259 40.5356
v  -116.2420 2.0909 58.4402
v  -116.2420 2.0909 23.2661
v  -115.6070 2.7259 45.9529
v  -116.2420 2.0909 49.6414
v  -116.2420 2.0909 45.2420
v  -115.6070 -2.3541 23.2661
v  -116.2420 -1.7191 23.2661
v  -116.2420 -1.7191 48.7310
v  -115.6070 -2.3541 45.8345
v  -115.6070 -2.3541 49.6870
v  -115.6070 -2.3541 62.8852
v  -116.2420 -1.7191 60.6768
v  -115.6070 -2.3541 58.4858
v  -116.2420 -1.7191 42.7581
v  -115.6070 -2.3541 38.1294
v  -116.2420 -1.7191 35.2118
v  -115.6070 -2.3541 34.2768
v  -115.6070 -2.3541 26.5717
v  -116.2420 -1.7191 38.9850
v  -116.2420 -1.7191 54.7039
v  -115.6070 -2.3541 41.9819
v  -116.2420 -1.7191 31.4386
v  -116.2420 -1.7191 27.6655
v  -115.6070 -2.3541 30.4243
v  -115.6070 -2.3541 54.0864
# 439 vertices

vn 0.0000 0.3256 -0.9455
vn 1.0000 0.0000 0.0000
vn 0.0000 0.9455 0.3256
vn 0.5000 0.8188 0.2820
vn 0.8660 0.4728 0.1628
vn 0.8660 -0.4728 -0.1628
vn -0.0000 -0.9455 -0.3256
vn 0.5000 -0.8188 -0.2820
vn -0.8660 -0.4728 -0.1628
vn -1.0000 -0.0000 -0.0000
vn -0.5000 -0.8188 -0.2820
vn -0.8660 0.4728 0.1628
vn -0.5000 0.8188 0.2820
vn 0.0000 0.9467 0.3220
vn 0.0000 0.8946 0.4470
vn 0.5000 0.8199 0.2789
vn 0.8819 0.2110 0.4217
vn 0.7455 0.3943 0.5373
vn 0.5332 0.4032 0.7437
vn 0.8754 0.3512 0.3321
vn 0.6239 0.6152 0.4820
vn 0.5056 0.6002 0.6198
vn 0.8919 0.4112 0.1883
vn 0.6790 0.6462 0.3484
vn 0.9181 0.3418 0.2007
vn -0.0000 0.7422 0.6701
vn 0.0000 0.8260 0.5637
vn 0.7166 0.2453 0.6529
vn 0.3384 0.3327 0.8802
vn 0.6765 0.1366 0.7237
vn 0.9139 0.3264 0.2415
vn 0.3607 0.5518 0.7519
vn -0.0000 0.6449 0.7643
vn -0.0000 0.5357 0.8444
vn 0.0000 0.4167 0.9090
vn 0.0000 0.1581 0.9874
vn 0.0000 0.0233 0.9997
vn 0.4967 0.0202 0.8677
vn 0.9270 0.0789 0.3666
vn 0.9262 0.0428 0.3745
vn 0.0000 0.2901 0.9570
vn 0.8643 0.0118 0.5029
vn 0.8660 0.4734 0.1610
vn 0.8168 -0.2760 -0.5065
vn 0.4718 -0.4226 -0.7738
vn 0.7311 -0.4047 -0.5493
vn 0.8660 -0.4734 -0.1610
vn 0.8657 -0.4363 -0.2452
vn 0.7175 -0.5479 -0.4302
vn 0.4717 -0.7606 -0.4461
vn -0.0000 -0.4190 -0.9080
vn -0.0000 -0.5375 -0.8433
vn 0.4717 -0.6139 -0.6330
vn 0.8168 -0.4021 -0.4138
vn -0.0000 -0.8947 -0.4466
vn 0.5000 -0.8199 -0.2789
vn 0.8680 -0.0133 -0.4964
vn -0.0000 -0.9467 -0.3220
vn 0.3613 -0.7334 -0.5758
vn -0.0000 -0.8264 -0.5630
vn -0.0000 -0.7431 -0.6692
vn 0.7178 -0.2484 -0.6505
vn 0.8656 -0.1050 -0.4897
vn 0.4718 -0.2008 -0.8585
vn 0.3712 -0.5508 -0.7476
vn 0.5030 -0.0233 -0.8639
vn -0.0000 -0.1614 -0.9869
vn -0.0000 -0.2929 -0.9561
vn 0.3615 -0.3326 -0.8710
vn -0.0000 -0.0271 -0.9996
vn -0.0000 -0.6462 -0.7632
vn -0.5000 -0.8199 -0.2789
vn -0.3615 -0.3326 -0.8710
vn -0.4718 -0.4226 -0.7738
vn -0.8168 -0.4021 -0.4138
vn -0.4717 -0.6139 -0.6330
vn -0.3613 -0.7334 -0.5758
vn -0.7175 -0.5479 -0.4302
vn -0.4717 -0.7606 -0.4461
vn -0.4967 -0.0234 -0.8676
vn -0.4718 -0.2008 -0.8585
vn -0.8657 -0.4363 -0.2452
vn -0.7178 -0.2484 -0.6505
vn -0.8660 -0.4734 -0.1610
vn -0.8168 -0.2760 -0.5065
vn -0.8656 -0.1050 -0.4897
vn -0.8643 -0.0135 -0.5028
vn -0.3712 -0.5508 -0.7476
vn -0.7311 -0.4047 -0.5493
vn -0.8660 0.4734 0.1610
vn -0.8919 0.4112 0.1883
vn -0.5000 0.8199 0.2789
vn -0.7455 0.3943 0.5373
vn -0.8755 0.2113 0.4346
vn -0.5049 0.4115 0.7588
vn -0.6790 0.6462 0.3484
vn -0.9139 0.3264 0.2415
vn -0.9181 0.3418 0.2007
vn -0.8754 0.3512 0.3321
vn -0.6239 0.6152 0.4820
vn -0.5056 0.6002 0.6198
vn -0.6209 0.2762 0.7336
vn -0.9131 0.1332 0.3853
vn -0.8929 0.0563 0.4467
vn -0.6809 0.1389 0.7191
vn -0.9185 0.0890 0.3853
vn -0.5030 0.0202 0.8640
vn -0.3607 0.5518 0.7519
vn -0.8680 0.0116 0.4965
vn -0.0000 -0.9999 0.0124
vn 0.0000 0.9999 -0.0124
vn 0.5000 -0.0000 0.8660
vn 0.0000 -0.0000 1.0000
vn 0.8660 -0.0000 0.5000
vn 0.5000 -0.0000 -0.8660
vn -0.0000 0.0000 -1.0000
vn 0.8660 -0.0000 -0.5000
vn -0.8660 0.0000 -0.5000
vn -0.5000 0.0000 -0.8660
vn -0.5000 0.0000 0.8660
vn -0.8660 0.0000 0.5000
vn 0.0000 -1.0000 -0.0000
vn 0.8660 -0.5000 -0.0000
vn 0.5000 -0.8660 -0.0000
vn 0.0000 1.0000 0.0000
vn 0.8660 0.5000 0.0000
vn 0.5000 0.8660 0.0000
vn -0.5000 0.8660 0.0000
vn -0.8660 0.5000 0.0000
vn -0.8660 -0.5000 -0.0000
vn -0.5000 -0.8660 -0.0000
# 131 vertex normals

vt 0.0833 3.9929 0.0000
vt 0.1014 4.0034 0.0000
vt 0.1042 4.0138 0.0000
vt 0.0938 3.9957 0.0000
vt 0.1042 4.1388 0.0000
vt 0.0938 4.1568 0.0000
vt 0.1014 4.1492 0.0000
vt 0.0833 4.1596 0.0000
vt -0.0833 4.1596 0.0000
vt -0.1042 4.0138 0.0000
vt -0.0938 3.9957 0.0000
vt -0.0833 3.9929 0.0000
vt -0.1014 4.0034 0.0000
vt -0.1042 4.1388 0.0000
vt -0.1014 4.1492 0.0000
vt -0.0938 4.1568 0.0000
vt -0.2381 -1.4060 0.0000
vt -0.2656 -1.5477 0.0000
vt -0.2061 -1.4126 0.0000
vt -0.1893 -1.2688 0.0000
vt -0.2000 -1.2667 0.0000
vt -0.4744 -2.7411 0.0000
vt -0.4363 -2.6015 0.0000
vt -0.4684 -2.5953 0.0000
vt -0.1786 -1.2709 0.0000
vt -0.2855 -1.8230 0.0000
vt -0.2930 -1.6894 0.0000
vt -0.3204 -1.8312 0.0000
vt -0.3212 -2.0070 0.0000
vt -0.3643 -2.0576 0.0000
vt -0.3924 -2.3751 0.0000
vt -0.4081 -2.2841 0.0000
vt -0.4409 -2.4536 0.0000
vt -0.3568 -2.1911 0.0000
vt -0.2499 -1.6389 0.0000
vt -0.4851 -2.7391 0.0000
vt -0.4637 -2.7432 0.0000
vt -0.2107 -1.2643 0.0000
vt -0.4958 -2.7370 0.0000
vt 2.9126 -1.9387 0.0000
vt 3.0308 -1.8980 0.0000
vt 2.5425 -0.4799 0.0000
vt 2.4243 -0.5204 0.0000
vt -0.1975 -1.2662 0.0000
vt -0.2082 -1.2642 0.0000
vt -0.2234 -1.4082 0.0000
vt -0.4781 -2.7400 0.0000
vt -0.4673 -2.7420 0.0000
vt -0.4414 -2.6000 0.0000
vt -0.3957 -2.1682 0.0000
vt -0.3324 -2.0041 0.0000
vt -0.3542 -1.9413 0.0000
vt -0.2189 -1.2622 0.0000
vt -0.3999 -2.3730 0.0000
vt -0.4476 -2.4521 0.0000
vt -0.2297 -1.2606 0.0000
vt -0.2712 -1.4875 0.0000
vt -0.4736 -2.5941 0.0000
vt -0.2909 -1.7771 0.0000
vt -0.3127 -1.7144 0.0000
vt -0.2494 -1.5502 0.0000
vt -0.3661 -2.1886 0.0000
vt -0.4216 -2.3102 0.0000
vt -0.4888 -2.7381 0.0000
vt -0.4995 -2.7361 0.0000
vt -0.2701 -1.6637 0.0000
vt 0.0833 3.4325 0.0000
vt -0.0833 3.4325 0.0000
vt 0.0833 1.9325 0.0000
vt -0.0833 1.9321 0.0000
vt 0.2082 -1.2642 0.0000
vt 0.2390 -1.4934 0.0000
vt 0.2556 -1.4022 0.0000
vt 0.2805 -1.7203 0.0000
vt 0.2816 -1.5442 0.0000
vt 0.3635 -2.1741 0.0000
vt 0.3646 -1.9982 0.0000
vt 0.3220 -1.9472 0.0000
vt 0.3231 -1.7712 0.0000
vt 0.1975 -1.2665 0.0000
vt 0.4154 -2.4580 0.0000
vt 0.4414 -2.6000 0.0000
vt 0.4736 -2.5941 0.0000
vt 0.4888 -2.7381 0.0000
vt 0.4320 -2.3671 0.0000
vt 0.2189 -1.2622 0.0000
vt 0.3983 -2.1827 0.0000
vt 0.3894 -2.3160 0.0000
vt 0.4781 -2.7400 0.0000
vt 0.4995 -2.7361 0.0000
vt 0.2296 -1.2603 0.0000
vt 0.4673 -2.7420 0.0000
vt 0.3023 -1.6577 0.0000
vt -3.0308 -1.8980 0.0000
vt -2.9126 -1.9387 0.0000
vt -2.5424 -0.4797 0.0000
vt -2.4242 -0.5202 0.0000
vt 0.3176 -1.8167 0.0000
vt 0.2609 -1.6957 0.0000
vt 0.2883 -1.8374 0.0000
vt 0.2382 -1.4063 0.0000
vt 0.2000 -1.2667 0.0000
vt 0.1893 -1.2688 0.0000
vt 0.4851 -2.7391 0.0000
vt 0.4684 -2.5953 0.0000
vt 0.4363 -2.6015 0.0000
vt 0.4088 -2.4598 0.0000
vt 0.2820 -1.6327 0.0000
vt 0.2334 -1.5540 0.0000
vt 0.3533 -2.0008 0.0000
vt 0.3322 -2.0638 0.0000
vt 0.4245 -2.3689 0.0000
vt 0.3760 -2.2903 0.0000
vt 0.2060 -1.4123 0.0000
vt 0.3889 -2.1848 0.0000
vt 0.4958 -2.7370 0.0000
vt 0.2107 -1.2646 0.0000
vt 0.4744 -2.7411 0.0000
vt 0.1786 -1.2705 0.0000
vt 0.4637 -2.7432 0.0000
vt -0.0833 1.9328 0.0000
vt 2.4809 -0.3557 0.0000
vt 2.4041 -0.3158 0.0000
vt 2.4758 -0.3653 0.0000
vt 2.0291 -0.1466 0.0000
vt 2.1273 -0.1919 0.0000
vt 2.0527 -0.1467 0.0000
vt 2.2272 -0.2490 0.0000
vt 2.2836 -0.2691 0.0000
vt 2.2074 -0.2262 0.0000
vt 2.4127 -0.3462 0.0000
vt 2.3793 -0.3205 0.0000
vt 2.3546 -0.3175 0.0000
vt 2.2505 -0.2361 0.0000
vt 2.3273 -0.2760 0.0000
vt 1.9726 -0.1107 0.0000
vt 1.9781 -0.1028 0.0000
vt 1.8752 -0.0588 0.0000
vt 2.2946 -0.2861 0.0000
vt 2.1318 -0.1832 0.0000
vt 2.1737 -0.1963 0.0000
vt 2.2585 -0.2772 0.0000
vt 2.0969 -0.1564 0.0000
vt 2.0202 -0.1166 0.0000
vt 2.0513 -0.1696 0.0000
vt 1.9822 -0.1338 0.0000
vt 1.8666 -0.0369 0.0000
vt 1.7898 0.0030 0.0000
vt 1.7848 -0.0067 0.0000
vt 1.8440 -0.0621 0.0000
vt 1.8854 -0.0745 0.0000
vt 1.8297 -0.0456 0.0000
vt 1.9434 -0.0767 0.0000
vt 1.9131 -0.0979 0.0000
vt 1.7749 -0.0262 0.0000
vt 2.3276 -0.3130 0.0000
vt 1.7799 -0.0164 0.0000
vt 2.1894 -0.2413 0.0000
vt 2.4708 -0.3750 0.0000
vt 2.4658 -0.3847 0.0000
vt 2.3967 -0.3489 0.0000
vt 2.1204 -0.2055 0.0000
vt 2.2573 -0.1369 0.0000
vt 2.0850 -0.2002 0.0000
vt 2.1969 -0.2463 0.0000
vt 2.1170 -0.0793 0.0000
vt 1.9653 -0.1823 0.0000
vt 1.9669 -0.0573 0.0000
vt 2.2943 -0.3181 0.0000
vt 2.3796 -0.2267 0.0000
vt 2.3716 -0.4112 0.0000
vt 2.4242 -0.5202 0.0000
vt 2.4766 -0.3433 0.0000
vt 2.0847 -0.1317 0.0000
vt 2.0806 -0.1405 0.0000
vt 2.1418 -0.1647 0.0000
vt 2.4049 -0.2963 0.0000
vt 2.3577 -0.2595 0.0000
vt 2.3258 -0.2552 0.0000
vt 2.0967 -0.1235 0.0000
vt 2.0444 -0.0963 0.0000
vt 2.2575 -0.2254 0.0000
vt 2.3126 -0.2613 0.0000
vt 2.0469 -0.1345 0.0000
vt 2.1049 -0.1647 0.0000
vt 2.1966 -0.2009 0.0000
vt 2.2015 -0.1926 0.0000
vt 2.3368 -0.2855 0.0000
vt 2.3998 -0.3060 0.0000
vt 1.9400 -0.0420 0.0000
vt 1.8878 -0.0148 0.0000
vt 1.8829 -0.0245 0.0000
vt 2.3948 -0.3157 0.0000
vt 2.1489 -0.1507 0.0000
vt 2.2534 -0.2334 0.0000
vt 2.2788 -0.2553 0.0000
vt 2.2533 -0.2051 0.0000
vt 2.2209 -0.2251 0.0000
vt 2.0256 -0.1046 0.0000
vt 1.9621 -0.0658 0.0000
vt 1.9922 -0.0692 0.0000
vt 1.9647 -0.0802 0.0000
vt 2.1375 -0.1728 0.0000
vt 1.8780 -0.0342 0.0000
vt 1.9309 -0.0741 0.0000
vt 1.9889 -0.1043 0.0000
vt 2.0215 -0.1126 0.0000
vt 1.8730 -0.0440 0.0000
vt 2.1629 -0.1949 0.0000
vt 2.3055 -0.2323 0.0000
vt 2.2011 -0.1779 0.0000
vt 2.4099 -0.2866 0.0000
vt 0.0833 1.1983 0.0000
vt 0.0833 1.2628 0.0000
vt -0.0833 1.1983 0.0000
vt 0.0833 1.0692 0.0000
vt 0.0833 1.1337 0.0000
vt -0.0833 1.0692 0.0000
vt -0.0833 1.1337 0.0000
vt -0.0833 1.0047 0.0000
vt 0.0833 1.0047 0.0000
vt -0.0833 1.2628 0.0000
vt -0.0833 0.9401 0.0000
vt 0.0833 0.8756 0.0000
vt 0.0833 0.9401 0.0000
vt 0.0833 0.7465 0.0000
vt 0.0833 0.8110 0.0000
vt -0.0833 0.7465 0.0000
vt 0.0833 0.6819 0.0000
vt -0.0833 0.8756 0.0000
vt -0.0833 0.8110 0.0000
vt -0.0833 0.6819 0.0000
vt -2.3948 -0.3157 0.0000
vt -2.3368 -0.2855 0.0000
vt -2.3998 -0.3060 0.0000
vt -2.0469 -0.1345 0.0000
vt -2.0215 -0.1126 0.0000
vt -2.0806 -0.1405 0.0000
vt -2.2015 -0.1926 0.0000
vt -2.1489 -0.1507 0.0000
vt -2.2011 -0.1779 0.0000
vt -2.1966 -0.2009 0.0000
vt -2.2209 -0.2251 0.0000
vt -2.1629 -0.1949 0.0000
vt -2.2534 -0.2334 0.0000
vt -2.2575 -0.2254 0.0000
vt -2.2788 -0.2553 0.0000
vt -2.3126 -0.2613 0.0000
vt -1.9309 -0.0741 0.0000
vt -1.8779 -0.0343 0.0000
vt -1.9647 -0.0802 0.0000
vt -2.3258 -0.2552 0.0000
vt -2.0444 -0.0963 0.0000
vt -2.0256 -0.1046 0.0000
vt -1.9922 -0.0692 0.0000
vt -2.3577 -0.2595 0.0000
vt -2.4049 -0.2963 0.0000
vt -2.0847 -0.1317 0.0000
vt -1.9621 -0.0658 0.0000
vt -1.8829 -0.0246 0.0000
vt -2.1049 -0.1647 0.0000
vt -2.1375 -0.1728 0.0000
vt -2.1418 -0.1647 0.0000
vt -1.9889 -0.1043 0.0000
vt -2.2533 -0.2051 0.0000
vt -1.8730 -0.0440 0.0000
vt -2.4099 -0.2866 0.0000
vt -1.9400 -0.0420 0.0000
vt -2.3055 -0.2323 0.0000
vt -2.0967 -0.1235 0.0000
vt -1.8878 -0.0148 0.0000
vt -2.1969 -0.2463 0.0000
vt -2.0850 -0.2002 0.0000
vt -2.2573 -0.1369 0.0000
vt -2.1170 -0.0793 0.0000
vt -1.9669 -0.0573 0.0000
vt -1.9653 -0.1823 0.0000
vt -2.3796 -0.2267 0.0000
vt -2.2943 -0.3181 0.0000
vt -2.5425 -0.4799 0.0000
vt -2.3716 -0.4112 0.0000
vt -2.4766 -0.3433 0.0000
vt -2.4708 -0.3750 0.0000
vt -2.4127 -0.3462 0.0000
vt -2.4758 -0.3653 0.0000
vt -2.1273 -0.1919 0.0000
vt -2.0228 -0.1430 0.0000
vt -2.0531 -0.1461 0.0000
vt -2.3793 -0.3205 0.0000
vt -2.4041 -0.3158 0.0000
vt -2.2946 -0.2861 0.0000
vt -2.3546 -0.3175 0.0000
vt -2.3276 -0.3130 0.0000
vt -2.2272 -0.2490 0.0000
vt -2.2836 -0.2691 0.0000
vt -2.4658 -0.3847 0.0000
vt -2.3967 -0.3489 0.0000
vt -2.2074 -0.2262 0.0000
vt -2.4809 -0.3557 0.0000
vt -2.3273 -0.2760 0.0000
vt -2.0513 -0.1696 0.0000
vt -2.2505 -0.2361 0.0000
vt -2.1737 -0.1963 0.0000
vt -1.9742 -0.1085 0.0000
vt -1.9822 -0.1338 0.0000
vt -1.9131 -0.0979 0.0000
vt -1.9541 -0.1093 0.0000
vt -1.8370 -0.0475 0.0000
vt -1.8776 -0.0602 0.0000
vt -1.8941 -0.0785 0.0000
vt -1.7848 -0.0068 0.0000
vt -2.1894 -0.2413 0.0000
vt -2.1204 -0.2055 0.0000
vt -2.1318 -0.1832 0.0000
vt -2.0969 -0.1564 0.0000
vt -1.8666 -0.0369 0.0000
vt -2.0202 -0.1166 0.0000
vt -1.9434 -0.0767 0.0000
vt -1.7898 0.0030 0.0000
vt -2.2585 -0.2772 0.0000
vt -1.7798 -0.0165 0.0000
vt -1.7749 -0.0262 0.0000
vt -1.8440 -0.0621 0.0000
vt 0.0833 1.6160 0.0000
vt -0.0833 1.7034 0.0000
vt -0.0833 1.6160 0.0000
vt 0.0833 1.4414 0.0000
vt -0.0833 1.5287 0.0000
vt -0.0833 1.4414 0.0000
vt 0.0833 1.5287 0.0000
vt -0.0833 1.3540 0.0000
vt 0.0833 1.3540 0.0000
vt 0.0833 1.7034 0.0000
vt 0.0833 1.2667 0.0000
vt -0.0833 1.2667 0.0000
vt -0.0833 1.1794 0.0000
vt 0.0833 1.0920 0.0000
vt -0.0833 1.0920 0.0000
vt -0.0833 0.9174 0.0000
vt 0.0833 1.1794 0.0000
vt 0.0833 0.9174 0.0000
vt -0.0833 0.0129 0.0000
vt -0.0938 0.0101 0.0000
vt -0.1014 0.0024 0.0000
vt -0.1042 -0.0079 0.0000
vt 0.0833 0.0129 0.0000
vt -0.0833 -0.1538 0.0000
vt 0.0937 0.0101 0.0000
vt 0.1013 0.0025 0.0000
vt 0.1042 -0.0079 0.0000
vt 0.1042 -0.1330 0.0000
vt -0.1042 -0.1330 0.0000
vt -0.1013 -0.1434 0.0000
vt -0.0937 -0.1510 0.0000
vt 0.0833 -0.1538 0.0000
vt 0.1014 -0.1433 0.0000
vt 0.0938 -0.1510 0.0000
vt 0.1014 0.0025 0.0000
vt 0.0938 0.0101 0.0000
vt -0.1014 0.0025 0.0000
vt 0.1014 -0.1434 0.0000
vt -0.1014 -0.1434 0.0000
vt -0.0938 -0.1510 0.0000
vt -1.9671 0.0311 0.0000
vt -1.8228 0.0202 0.0000
vt -1.9670 0.0420 0.0000
vt -1.8225 0.0529 0.0000
vt -1.9669 0.0529 0.0000
vt -0.8172 0.0202 0.0000
vt -0.6894 0.0202 0.0000
vt -0.8122 0.0529 0.0000
vt -1.7116 0.0202 0.0000
vt -1.6782 0.0529 0.0000
vt -0.4339 0.0202 0.0000
vt -0.3779 0.0529 0.0000
vt -0.5950 0.0529 0.0000
vt -0.0671 0.0202 0.0000
vt 0.0744 0.0311 0.0000
vt 0.0668 0.0420 0.0000
vt -0.1607 0.0529 0.0000
vt -0.2114 0.0202 0.0000
vt 0.0564 0.0529 0.0000
vt -1.2452 0.0529 0.0000
vt -1.2005 0.0202 0.0000
vt -1.1008 0.0529 0.0000
vt -1.3283 0.0202 0.0000
vt -0.2693 0.0529 0.0000
vt -1.0727 0.0202 0.0000
vt -0.9565 0.0529 0.0000
vt -0.5616 0.0202 0.0000
vt -1.3895 0.0529 0.0000
vt -1.5838 0.0202 0.0000
vt -1.4560 0.0202 0.0000
vt -1.5339 0.0529 0.0000
vt -1.9671 0.0202 0.0000
vt 0.0772 0.0202 0.0000
vt -0.9449 0.0202 0.0000
vt 0.0686 -0.1823 0.0000
vt -0.0564 -0.0573 0.0000
vt -0.0866 0.0635 0.0000
vt -0.0894 0.0744 0.0000
vt -0.2338 0.0744 0.0000
vt -1.9651 0.0744 0.0000
vt -1.9651 0.0635 0.0000
vt -1.8207 0.0744 0.0000
vt -0.6459 0.0417 0.0000
vt -0.5583 0.0744 0.0000
vt -0.6756 0.0744 0.0000
vt -1.4088 0.0417 0.0000
vt -1.2233 0.0417 0.0000
vt -1.2617 0.0744 0.0000
vt -0.7928 0.0744 0.0000
vt -0.7903 0.0417 0.0000
vt -1.3789 0.0744 0.0000
vt -1.4961 0.0744 0.0000
vt -0.0790 0.0526 0.0000
vt -0.2129 0.0417 0.0000
vt -0.4411 0.0744 0.0000
vt -0.3573 0.0417 0.0000
vt -0.3239 0.0744 0.0000
vt -1.5943 0.0417 0.0000
vt -1.6134 0.0744 0.0000
vt -1.0790 0.0417 0.0000
vt -1.0272 0.0744 0.0000
vt -1.1445 0.0744 0.0000
vt -1.7306 0.0744 0.0000
vt -0.0686 0.0417 0.0000
vt -1.8210 0.0417 0.0000
vt -0.5016 0.0417 0.0000
vt -1.9652 0.0526 0.0000
vt -1.9653 0.0417 0.0000
vt -0.9346 0.0417 0.0000
vt -0.9100 0.0744 0.0000
vt 0.0833 3.9651 0.0000
vt -0.0833 3.9651 0.0000
vt -0.0833 2.0894 0.0000
vt 0.0833 2.0894 0.0000
vt 1.4961 0.0744 0.0000
vt 1.4088 0.0417 0.0000
vt 1.5943 0.0417 0.0000
vt 0.5016 0.0417 0.0000
vt 0.5583 0.0744 0.0000
vt 0.4411 0.0744 0.0000
vt 0.9346 0.0417 0.0000
vt 1.0790 0.0417 0.0000
vt 1.0272 0.0744 0.0000
vt 1.8210 0.0417 0.0000
vt 1.8207 0.0744 0.0000
vt 1.7306 0.0744 0.0000
vt 1.9652 0.0526 0.0000
vt 1.9651 0.0635 0.0000
vt 0.6756 0.0744 0.0000
vt 0.7903 0.0417 0.0000
vt 0.7928 0.0744 0.0000
vt 1.2617 0.0744 0.0000
vt 1.1445 0.0744 0.0000
vt 1.2233 0.0417 0.0000
vt 0.2129 0.0417 0.0000
vt 0.3573 0.0417 0.0000
vt 0.3239 0.0744 0.0000
vt 0.9100 0.0744 0.0000
vt 0.2338 0.0744 0.0000
vt 0.0790 0.0526 0.0000
vt 0.0686 0.0417 0.0000
vt 1.3789 0.0744 0.0000
vt 1.9651 0.0744 0.0000
vt 1.6134 0.0744 0.0000
vt 0.0866 0.0635 0.0000
vt 1.9653 0.0417 0.0000
vt 0.0894 0.0744 0.0000
vt 0.6459 0.0417 0.0000
vt -0.0686 -0.1823 0.0000
vt 0.0564 -0.0573 0.0000
vt 0.5950 0.0529 0.0000
vt 0.4339 0.0202 0.0000
vt 0.5616 0.0202 0.0000
vt 0.9449 0.0202 0.0000
vt 1.1008 0.0529 0.0000
vt 0.9565 0.0529 0.0000
vt 1.5339 0.0529 0.0000
vt 1.5341 0.0202 0.0000
vt 1.6782 0.0529 0.0000
vt -0.0744 0.0311 0.0000
vt 0.0671 0.0202 0.0000
vt -0.0668 0.0420 0.0000
vt 1.3898 0.0202 0.0000
vt 1.2452 0.0529 0.0000
vt 1.1674 0.0202 0.0000
vt 0.3779 0.0529 0.0000
vt 0.2114 0.0202 0.0000
vt 1.3895 0.0529 0.0000
vt 0.1607 0.0529 0.0000
vt 0.8122 0.0529 0.0000
vt 0.6894 0.0202 0.0000
vt 0.8172 0.0202 0.0000
vt 1.9671 0.0202 0.0000
vt 1.9671 0.0311 0.0000
vt 1.8228 0.0202 0.0000
vt 1.9670 0.0420 0.0000
vt 1.9669 0.0529 0.0000
vt 1.8225 0.0529 0.0000
vt 1.6784 0.0202 0.0000
vt -0.0564 0.0529 0.0000
vt -0.0772 0.0202 0.0000
vt 0.0833 3.9671 0.0000
vt -0.0833 3.9671 0.0000
vt 0.0833 1.9228 0.0000
vt -0.0833 1.9228 0.0000
vt 0.0938 1.9256 0.0000
vt 0.1042 1.9436 0.0000
vt 0.1014 1.9332 0.0000
vt -0.0938 1.9256 0.0000
vt -0.1014 1.9332 0.0000
vt -0.1042 1.9436 0.0000
vt 0.1042 2.0686 0.0000
vt 0.1014 2.0790 0.0000
vt 0.0938 2.0866 0.0000
vt -0.1014 2.0790 0.0000
vt -0.1042 2.0686 0.0000
vt -0.0938 2.0866 0.0000
vt 0.0451 -0.1808 0.0000
vt 0.0669 -0.0469 0.0000
vt 0.0560 -0.0393 0.0000
vt 0.0778 -0.2017 0.0000
vt 0.0778 -0.0573 0.0000
vt 0.0560 -1.6250 0.0000
vt 0.0669 -1.6250 0.0000
vt 0.0778 -1.4807 0.0000
vt 0.0778 -1.3363 0.0000
vt 0.0451 -1.2279 0.0000
vt 0.0451 -1.3543 0.0000
vt 0.0451 -1.0293 0.0000
vt 0.0778 -1.1920 0.0000
vt 0.0778 -1.0476 0.0000
vt 0.0778 -0.6763 0.0000
vt 0.0451 -0.8307 0.0000
vt 0.0778 -0.8001 0.0000
vt 0.0451 -0.3072 0.0000
vt 0.0778 -0.3049 0.0000
vt 0.0451 -1.4807 0.0000
vt 0.0451 -1.6250 0.0000
vt 0.0451 -0.6322 0.0000
vt 0.0451 -0.4336 0.0000
vt 0.0778 -0.5525 0.0000
vt 0.0778 -0.4287 0.0000
vt 0.0778 -0.9239 0.0000
vt 0.0451 -0.0365 0.0000
vt 0.0778 -1.6250 0.0000
vt -0.0564 -1.6250 0.0000
vt 0.0686 -1.6250 0.0000
vt -0.0798 -1.3363 0.0000
vt -0.0471 -1.2695 0.0000
vt -0.0798 -1.1923 0.0000
vt -0.0471 -1.4807 0.0000
vt -0.0798 -1.4807 0.0000
vt -0.0798 -0.6153 0.0000
vt -0.0471 -0.7363 0.0000
vt -0.0471 -0.5586 0.0000
vt -0.0798 -0.3267 0.0000
vt -0.0798 -0.4710 0.0000
vt -0.0471 -0.3475 0.0000
vt -0.0471 -1.0918 0.0000
vt -0.0689 -0.1927 0.0000
vt -0.0580 -0.2004 0.0000
vt -0.0471 -0.2032 0.0000
vt -0.0798 -0.7597 0.0000
vt -0.0689 -1.6250 0.0000
vt -0.0580 -1.6250 0.0000
vt -0.0798 -0.9760 0.0000
vt -0.0471 -0.9141 0.0000
vt -0.0471 -1.6250 0.0000
vt -0.0798 -1.6250 0.0000
vt -0.0798 -0.1823 0.0000
vt 0.0833 -0.2032 0.0000
vt -0.0833 -0.2032 0.0000
vt 0.0833 -1.6250 0.0000
vt -0.0833 -1.6250 0.0000
vt 0.0580 -1.6250 0.0000
vt 0.0689 -1.6250 0.0000
vt 0.0471 -1.4807 0.0000
vt 0.0798 -0.4710 0.0000
vt 0.0471 -0.3475 0.0000
vt 0.0471 -0.5586 0.0000
vt 0.0471 -1.2695 0.0000
vt 0.0798 -1.3363 0.0000
vt 0.0798 -1.1923 0.0000
vt 0.0471 -1.0918 0.0000
vt 0.0798 -0.9760 0.0000
vt 0.0471 -0.9141 0.0000
vt 0.0580 -0.2004 0.0000
vt 0.0471 -0.2032 0.0000
vt 0.0798 -0.3267 0.0000
vt 0.0689 -0.1927 0.0000
vt 0.0798 -1.4807 0.0000
vt 0.0471 -0.7363 0.0000
vt 0.0798 -0.6153 0.0000
vt 0.0798 -0.7597 0.0000
vt 0.0471 -1.6250 0.0000
vt 0.0798 -1.6250 0.0000
vt 0.0798 -0.1823 0.0000
vt 0.0564 -1.6250 0.0000
vt -0.0686 -1.6250 0.0000
vt -0.0451 -1.4807 0.0000
vt -0.0778 -1.4807 0.0000
vt -0.0669 -1.6250 0.0000
vt -0.0778 -0.6452 0.0000
vt -0.0451 -0.7402 0.0000
vt -0.0451 -0.6138 0.0000
vt -0.0451 -0.1808 0.0000
vt -0.0778 -0.2533 0.0000
vt -0.0451 -0.3252 0.0000
vt -0.0778 -0.8412 0.0000
vt -0.0451 -0.9930 0.0000
vt -0.0778 -1.0887 0.0000
vt -0.0451 -1.1194 0.0000
vt -0.0560 -1.6250 0.0000
vt -0.0451 -1.6250 0.0000
vt -0.0669 -0.0469 0.0000
vt -0.0778 -0.0573 0.0000
vt -0.0451 -1.3722 0.0000
vt -0.0778 -0.9649 0.0000
vt -0.0560 -0.0393 0.0000
vt -0.0778 -0.4492 0.0000
vt -0.0451 -0.8666 0.0000
vt -0.0778 -1.2125 0.0000
vt -0.0778 -1.3363 0.0000
vt -0.0451 -1.2458 0.0000
vt -0.0451 -0.4695 0.0000
vt -0.0778 -1.6250 0.0000
vt -0.0451 -0.0365 0.0000
vt 0.0833 -0.0365 0.0000
vt -0.0833 -0.0365 0.0000
# 632 texture coords

g _Sweep__1413_
usemtl aluminum
s off
f 1/1/1 2/2/1 3/3/1 
f 2/2/1 1/1/1 4/4/1 
f 5/5/1 1/1/1 3/3/1 
f 6/6/1 5/5/1 7/7/1 
f 5/5/1 6/6/1 8/8/1 
f 8/8/1 1/1/1 5/5/1 
f 8/8/1 9/9/1 1/1/1 
f 10/10/1 11/11/1 12/12/1 
f 11/11/1 10/10/1 13/13/1 
f 14/14/1 10/10/1 12/12/1 
f 15/15/1 9/9/1 16/16/1 
f 9/9/1 15/15/1 14/14/1 
f 14/14/1 12/12/1 9/9/1 
f 1/1/1 9/9/1 12/12/1 
f 17/17/2 18/18/2 19/19/3 
f 20/20/4 21/21/5 17/17/2 
f 16/22/4 22/23/3 23/24/2 
f 20/20/4 19/19/3 24/25/3 
f 25/26/3 26/27/2 27/28/2 
f 28/29/3 27/28/2 29/30/2 
f 30/31/3 31/32/2 32/33/2 
f 22/23/3 32/33/2 23/24/2 
f 27/28/2 28/29/3 25/26/3 
f 31/32/2 33/34/3 29/30/2 
f 34/35/3 18/18/2 26/27/2 
f 22/23/3 30/31/3 32/33/2 
f 17/17/2 19/19/3 20/20/4 
f 19/19/3 18/18/2 34/35/3 
f 23/24/2 15/36/5 16/22/4 
f 16/22/4 9/37/3 22/23/3 
f 21/21/5 35/38/2 17/17/2 
f 23/24/2 14/39/2 15/36/5 
f 25/26/3 34/35/3 26/27/2 
f 31/32/2 30/31/3 33/34/3 
f 28/29/3 29/30/2 33/34/3 
f 10/40/2 14/41/2 35/42/2 
f 35/42/2 36/43/2 10/40/2 
f 36/44/2 37/45/6 38/46/2 
f 13/47/6 10/48/2 39/49/2 
f 40/50/7 41/51/2 42/52/7 
f 38/46/2 37/45/6 43/53/8 
f 39/49/2 44/54/2 45/55/7 
f 46/56/7 47/57/7 43/53/8 
f 45/55/7 48/58/7 39/49/2 
f 42/52/7 49/59/2 50/60/7 
f 50/60/7 51/61/2 47/57/7 
f 13/47/6 39/49/2 48/58/7 
f 41/51/2 49/59/2 42/52/7 
f 52/62/2 53/63/7 44/54/2 
f 48/58/7 11/64/8 13/47/6 
f 53/63/7 52/62/2 40/50/7 
f 38/46/2 43/53/8 47/57/7 
f 51/61/2 38/46/2 47/57/7 
f 48/58/7 12/65/7 11/64/8 
f 50/60/7 49/59/2 54/66/2 
f 50/60/7 54/66/2 51/61/2 
f 52/62/2 41/51/2 40/50/7 
f 53/63/7 45/55/7 44/54/2 
f 1/67/7 12/68/7 55/69/7 
f 46/70/7 55/69/7 12/68/7 
f 56/71/9 57/72/10 58/73/7 
f 59/74/10 60/75/7 57/72/10 
f 61/76/10 62/77/7 63/78/10 
f 62/77/7 64/79/7 63/78/10 
f 65/80/10 57/72/10 56/71/9 
f 66/81/10 67/82/10 68/83/7 
f 63/78/10 64/79/7 59/74/10 
f 4/84/11 68/83/7 67/82/10 
f 69/85/7 66/81/10 68/83/7 
f 58/73/7 57/72/10 60/75/7 
f 58/73/7 70/86/11 56/71/9 
f 71/87/7 72/88/10 69/85/7 
f 67/82/10 2/89/9 4/84/11 
f 72/88/10 71/87/7 61/76/10 
f 4/84/11 1/90/7 68/83/7 
f 58/73/7 55/91/7 70/86/11 
f 67/82/10 3/92/10 2/89/9 
f 59/74/10 64/79/7 73/93/7 
f 59/74/10 73/93/7 60/75/7 
f 71/87/7 62/77/7 61/76/10 
f 72/88/10 66/81/10 69/85/7 
f 5/94/10 3/95/10 74/96/10 
f 65/97/10 74/96/10 3/95/10 
f 75/98/10 76/99/3 77/100/3 
f 78/101/10 79/102/12 80/103/13 
f 7/104/12 81/105/10 82/106/3 
f 81/105/10 83/107/3 82/106/3 
f 84/108/10 85/109/3 76/99/3 
f 86/110/10 77/100/3 87/111/3 
f 83/107/3 88/112/10 89/113/3 
f 85/109/3 78/101/10 90/114/3 
f 77/100/3 86/110/10 75/98/10 
f 87/111/3 89/113/3 91/115/10 
f 7/104/12 5/116/10 81/105/10 
f 74/117/10 79/102/12 78/101/10 
f 83/107/3 81/105/10 88/112/10 
f 78/101/10 85/109/3 84/108/10 
f 82/106/3 6/118/13 7/104/12 
f 80/103/13 90/114/3 78/101/10 
f 80/103/13 92/119/3 90/114/3 
f 82/106/3 8/120/3 6/118/13 
f 75/98/10 84/108/10 76/99/3 
f 89/113/3 88/112/10 91/115/10 
f 86/110/10 87/111/3 91/115/10 
f 9/67/3 8/68/3 92/121/3 
f 92/121/3 24/69/3 9/67/3 
f 24/122/14 93/123/15 20/124/16 
f 94/125/17 95/126/18 96/127/19 
f 97/128/20 98/129/21 99/130/22 
f 100/131/23 101/132/24 102/133/25 
f 98/129/21 103/134/26 99/130/22 
f 98/129/21 101/132/24 104/135/27 
f 105/136/28 106/137/29 107/138/30 
f 98/129/21 104/135/27 103/134/26 
f 98/129/21 108/139/31 102/133/25 
f 93/123/15 101/132/24 20/124/16 
f 102/133/25 101/132/24 98/129/21 
f 100/131/23 20/124/16 101/132/24 
f 109/140/32 99/130/22 110/141/33 
f 109/140/32 96/127/19 95/126/18 
f 111/142/2 108/139/31 97/128/20 
f 94/125/17 96/127/19 105/136/28 
f 112/143/34 109/140/32 110/141/33 
f 110/141/33 99/130/22 103/134/26 
f 112/143/34 113/144/35 96/127/19 
f 95/126/18 94/125/17 114/145/2 
f 104/135/27 101/132/24 93/123/15 
f 105/136/28 115/146/2 94/125/17 
f 116/147/36 117/148/37 118/149/38 
f 116/147/36 118/149/38 107/138/30 
f 119/150/2 120/151/39 121/152/40 
f 107/138/30 122/153/41 116/147/36 
f 123/154/2 120/151/39 119/150/2 
f 113/144/35 122/153/41 106/137/29 
f 121/152/40 124/155/2 119/150/2 
f 120/151/39 105/136/28 107/138/30 
f 111/142/2 125/156/2 108/139/31 
f 95/126/18 97/128/20 99/130/22 
f 126/157/42 107/138/30 118/149/38 
f 95/126/18 127/158/2 97/128/20 
f 97/128/20 127/158/2 111/142/2 
f 106/137/29 96/127/19 113/144/35 
f 108/139/31 125/156/2 102/133/25 
f 21/159/43 100/131/23 35/160/2 
f 97/128/20 108/139/31 98/129/21 
f 125/156/2 128/161/2 102/133/25 
f 128/161/2 35/160/2 100/131/23 
f 128/161/2 100/131/23 102/133/25 
f 20/124/16 100/131/23 21/159/43 
f 105/136/28 120/151/39 123/154/2 
f 121/152/40 107/138/30 126/157/42 
f 107/138/30 121/152/40 120/151/39 
f 124/155/2 121/152/40 126/157/42 
f 96/127/19 109/140/32 112/143/34 
f 127/158/2 95/126/18 129/162/2 
f 115/146/2 105/136/28 123/154/2 
f 115/146/2 114/145/2 94/125/17 
f 99/130/22 109/140/32 95/126/18 
f 95/126/18 114/145/2 129/162/2 
f 107/138/30 106/137/29 122/153/41 
f 96/127/19 106/137/29 105/136/28 
f 114/163/2 130/164/2 131/165/2 
f 123/166/2 130/164/2 114/163/2 
f 132/167/2 123/166/2 124/168/2 
f 123/166/2 132/167/2 130/164/2 
f 131/165/2 133/169/2 127/170/2 
f 134/171/2 36/172/2 35/42/2 
f 134/171/2 35/42/2 125/173/2 
f 127/170/2 114/163/2 131/165/2 
f 133/169/2 125/173/2 127/170/2 
f 133/169/2 134/171/2 125/173/2 
f 135/174/44 136/175/45 137/176/46 
f 37/177/47 138/178/2 139/179/48 
f 135/174/44 131/180/2 140/181/2 
f 139/179/48 141/182/49 142/183/50 
f 136/175/45 143/184/51 144/185/52 
f 137/176/46 145/186/53 146/187/54 
f 147/188/55 43/189/56 142/183/50 
f 43/189/56 139/179/48 142/183/50 
f 148/190/2 132/191/2 149/192/57 
f 46/193/58 43/189/56 147/188/55 
f 135/174/44 150/194/2 131/180/2 
f 151/195/59 142/183/50 141/182/49 
f 147/188/55 142/183/50 152/196/60 
f 141/182/49 153/197/2 146/187/54 
f 152/196/60 151/195/59 154/198/61 
f 135/174/44 140/181/2 155/199/62 
f 145/186/53 154/198/61 151/195/59 
f 156/200/63 130/201/2 148/190/2 
f 156/200/63 157/202/64 155/199/62 
f 158/203/65 145/186/53 137/176/46 
f 146/187/54 145/186/53 141/182/49 
f 156/200/63 159/204/66 157/202/64 
f 148/190/2 149/192/57 156/200/63 
f 159/204/66 160/205/67 157/202/64 
f 158/203/65 136/175/45 144/185/52 
f 160/205/67 161/206/68 157/202/64 
f 155/199/62 136/175/45 135/174/44 
f 162/207/69 136/175/45 155/199/62 
f 157/202/64 161/206/68 162/207/69 
f 163/208/70 160/205/67 159/204/66 
f 139/179/48 43/189/56 37/177/47 
f 162/207/69 161/206/68 143/184/51 
f 154/198/61 145/186/53 164/209/71 
f 145/186/53 158/203/65 164/209/71 
f 144/185/52 164/209/71 158/203/65 
f 136/175/45 158/203/65 137/176/46 
f 159/204/66 156/200/63 149/192/57 
f 142/183/50 151/195/59 152/196/60 
f 145/186/53 151/195/59 141/182/49 
f 136/175/45 162/207/69 143/184/51 
f 157/202/64 162/207/69 155/199/62 
f 139/179/48 134/210/2 141/182/49 
f 146/187/54 133/211/2 150/194/2 
f 146/187/54 150/194/2 137/176/46 
f 140/181/2 130/201/2 155/199/62 
f 150/194/2 135/174/44 137/176/46 
f 138/178/2 37/177/47 36/212/2 
f 138/178/2 134/210/2 139/179/48 
f 153/197/2 141/182/49 134/210/2 
f 153/197/2 133/211/2 146/187/54 
f 130/201/2 156/200/63 155/199/62 
f 165/213/55 55/214/58 147/215/55 
f 166/216/61 167/217/60 154/218/61 
f 152/219/60 167/217/60 165/213/55 
f 164/220/71 168/221/71 166/216/61 
f 147/215/55 55/214/58 46/222/58 
f 152/219/60 154/218/61 167/217/60 
f 165/213/55 147/215/55 152/219/60 
f 164/220/71 166/216/61 154/218/61 
f 164/220/71 144/223/52 168/221/71 
f 144/223/52 169/224/51 170/225/52 
f 171/226/67 172/227/68 160/228/67 
f 173/229/70 171/226/67 160/228/67 
f 143/230/51 172/227/68 169/224/51 
f 169/224/51 144/223/52 143/230/51 
f 161/231/68 160/228/67 172/227/68 
f 163/232/70 173/229/70 160/228/67 
f 161/231/68 172/227/68 143/230/51 
f 168/221/71 144/223/52 170/225/52 
f 55/233/58 165/234/55 70/235/72 
f 169/236/51 174/237/73 175/238/74 
f 176/239/75 177/240/10 178/241/10 
f 179/242/76 166/243/61 168/244/71 
f 180/245/77 179/242/76 181/246/78 
f 166/243/61 180/245/77 167/247/60 
f 181/246/78 179/242/76 176/239/75 
f 182/248/79 167/247/60 180/245/77 
f 171/249/67 183/250/80 184/251/81 
f 185/252/82 70/235/72 182/248/79 
f 186/253/10 187/254/83 188/255/10 
f 185/252/82 189/256/10 56/257/84 
f 167/247/60 182/248/79 165/234/55 
f 190/258/85 175/238/74 187/254/83 
f 185/252/82 182/248/79 181/246/78 
f 191/259/86 183/250/80 192/260/87 
f 170/261/52 193/262/88 168/244/71 
f 176/239/75 179/242/76 194/263/89 
f 172/264/68 174/237/73 169/236/51 
f 169/236/51 175/238/74 170/261/52 
f 184/251/81 187/254/83 174/237/73 
f 175/238/74 193/262/88 170/261/52 
f 176/239/75 178/241/10 195/265/10 
f 172/264/68 171/249/67 184/251/81 
f 193/262/88 179/242/76 168/244/71 
f 183/250/80 171/249/67 173/266/70 
f 189/256/10 65/267/10 56/257/84 
f 190/258/85 194/263/89 175/238/74 
f 187/254/83 186/253/10 190/258/85 
f 70/235/72 165/234/55 182/248/79 
f 192/260/87 196/268/10 191/259/86 
f 187/254/83 184/251/81 191/259/86 
f 70/235/72 185/252/82 56/257/84 
f 183/250/80 191/259/86 184/251/81 
f 181/246/78 176/239/75 195/265/10 
f 179/242/76 193/262/88 194/263/89 
f 193/262/88 175/238/74 194/263/89 
f 179/242/76 180/245/77 166/243/61 
f 182/248/79 180/245/77 181/246/78 
f 184/251/81 174/237/73 172/264/68 
f 175/238/74 174/237/73 187/254/83 
f 190/258/85 177/240/10 194/263/89 
f 195/265/10 197/269/10 181/246/78 
f 191/259/86 188/255/10 187/254/83 
f 190/258/85 198/270/10 177/240/10 
f 177/240/10 176/239/75 194/263/89 
f 185/252/82 197/269/10 189/256/10 
f 196/268/10 192/260/87 199/271/10 
f 196/268/10 188/255/10 191/259/86 
f 197/269/10 185/252/82 181/246/78 
f 186/253/10 198/270/10 190/258/85 
f 198/272/10 188/273/10 200/274/10 
f 200/274/10 188/273/10 201/275/10 
f 202/276/10 201/275/10 199/277/10 
f 188/273/10 199/277/10 201/275/10 
f 203/278/10 178/279/10 198/272/10 
f 74/280/10 65/97/10 197/281/10 
f 204/282/10 74/280/10 197/281/10 
f 198/272/10 200/274/10 203/278/10 
f 203/278/10 204/282/10 178/279/10 
f 204/282/10 197/281/10 178/279/10 
f 79/283/90 205/284/91 80/285/92 
f 206/286/93 207/287/94 208/288/95 
f 80/285/92 209/289/96 210/290/15 
f 211/291/97 212/292/98 204/293/10 
f 211/291/97 213/294/99 214/295/100 
f 205/284/91 74/296/10 215/297/10 
f 216/298/101 213/294/99 206/286/93 
f 213/294/99 216/298/101 214/295/100 
f 92/299/14 80/285/92 210/290/15 
f 217/300/27 209/289/96 214/295/100 
f 210/290/15 209/289/96 217/300/27 
f 207/287/94 206/286/93 200/301/10 
f 214/295/100 218/302/26 217/300/27 
f 218/302/26 216/298/101 219/303/33 
f 214/295/100 212/292/98 211/291/97 
f 207/287/94 220/304/102 208/288/95 
f 221/305/10 201/306/10 222/307/103 
f 221/305/10 222/307/103 207/287/94 
f 223/308/104 224/309/105 225/310/106 
f 226/311/107 224/309/105 223/308/104 
f 206/286/93 203/312/10 227/313/10 
f 228/314/108 208/288/95 229/315/34 
f 225/310/106 224/309/105 220/304/102 
f 220/304/102 222/307/103 225/310/106 
f 230/316/36 224/309/105 226/311/107 
f 216/298/101 218/302/26 214/295/100 
f 231/317/35 208/288/95 220/304/102 
f 220/304/102 224/309/105 232/318/41 
f 231/317/35 220/304/102 232/318/41 
f 229/315/34 208/288/95 231/317/35 
f 232/318/41 224/309/105 230/316/36 
f 226/311/107 233/319/37 230/316/36 
f 212/292/98 205/284/91 215/297/10 
f 228/314/108 216/298/101 206/286/93 
f 229/315/34 219/303/33 228/314/108 
f 213/294/99 211/291/97 234/320/10 
f 235/321/109 223/308/104 202/322/10 
f 234/320/10 211/291/97 204/293/10 
f 234/320/10 203/312/10 213/294/99 
f 212/292/98 214/295/100 209/289/96 
f 205/284/91 212/292/98 209/289/96 
f 215/297/10 204/293/10 212/292/98 
f 80/285/92 205/284/91 209/289/96 
f 205/284/91 79/283/90 74/296/10 
f 207/287/94 200/301/10 221/305/10 
f 222/307/103 201/306/10 225/310/106 
f 207/287/94 222/307/103 220/304/102 
f 201/306/10 236/323/10 225/310/106 
f 236/323/10 202/322/10 223/308/104 
f 236/323/10 223/308/104 225/310/106 
f 226/311/107 223/308/104 235/321/109 
f 216/298/101 228/314/108 219/303/33 
f 208/288/95 228/314/108 206/286/93 
f 203/312/10 206/286/93 213/294/99 
f 227/313/10 200/301/10 206/286/93 
f 93/324/15 92/325/14 210/326/15 
f 103/327/26 217/328/27 218/329/26 
f 210/326/15 217/328/27 104/330/27 
f 218/329/26 219/331/33 110/332/33 
f 24/333/14 92/325/14 93/324/15 
f 217/328/27 103/327/26 104/330/27 
f 104/330/27 93/324/15 210/326/15 
f 103/327/26 218/329/26 110/332/33 
f 219/331/33 112/334/34 110/332/33 
f 229/335/34 231/336/35 112/334/34 
f 122/337/41 232/338/41 230/220/36 
f 231/336/35 232/338/41 122/337/41 
f 233/339/37 116/221/36 230/220/36 
f 113/340/35 112/334/34 231/336/35 
f 230/220/36 116/221/36 122/337/41 
f 122/337/41 113/340/35 231/336/35 
f 117/341/37 116/221/36 233/339/37 
f 229/335/34 112/334/34 219/331/33 
f 233/342/110 226/343/110 235/344/110 
f 235/344/110 202/345/110 233/342/110 
f 117/346/110 233/342/110 173/347/110 
f 118/348/110 117/346/110 126/349/110 
f 124/350/110 126/349/110 117/346/110 
f 124/350/110 117/346/110 132/351/110 
f 199/352/110 233/342/110 202/345/110 
f 199/352/110 192/353/110 173/347/110 
f 183/354/110 173/347/110 192/353/110 
f 173/347/110 163/355/110 117/346/110 
f 149/356/110 132/351/110 163/355/110 
f 163/355/110 159/357/110 149/356/110 
f 117/346/110 163/355/110 132/351/110 
f 233/342/110 199/352/110 173/347/110 
f 235/358/111 226/359/111 233/346/111 
f 233/346/111 202/350/111 235/358/111 
f 173/355/111 233/346/111 117/342/111 
f 126/360/111 117/342/111 118/343/111 
f 117/342/111 126/360/111 124/345/111 
f 163/347/111 117/342/111 124/345/111 
f 202/350/111 233/346/111 173/355/111 
f 173/355/111 192/361/111 199/351/111 
f 192/361/111 173/355/111 183/357/111 
f 117/342/111 163/347/111 173/355/111 
f 163/347/111 132/352/111 149/362/111 
f 149/362/111 159/363/111 163/347/111 
f 132/352/111 163/347/111 124/345/111 
f 173/355/111 199/351/111 202/350/111 
f 118/364/112 237/365/113 126/366/114 
f 126/366/114 238/367/2 124/368/2 
f 239/369/113 240/370/113 241/371/2 
f 242/372/113 243/373/2 238/367/2 
f 244/374/113 245/375/2 246/376/2 
f 247/377/113 248/378/112 249/379/114 
f 250/380/2 251/381/113 247/377/113 
f 241/371/2 240/370/113 246/376/2 
f 252/382/2 250/380/2 249/379/114 
f 253/383/2 254/384/113 255/385/2 
f 253/383/2 256/386/113 254/384/113 
f 257/387/2 244/374/113 251/381/113 
f 258/388/113 259/389/2 255/385/2 
f 246/376/2 260/390/113 244/374/113 
f 261/391/2 256/386/113 253/383/2 
f 237/365/113 242/372/113 238/367/2 
f 262/392/113 243/373/2 242/372/113 
f 263/393/113 264/394/2 262/392/113 
f 118/364/112 117/395/113 237/365/113 
f 251/381/113 250/380/2 257/387/2 
f 237/365/113 238/367/2 126/366/114 
f 249/379/114 250/380/2 247/377/113 
f 247/377/113 265/396/113 248/378/112 
f 241/371/2 259/389/2 266/397/113 
f 241/371/2 266/397/113 239/369/113 
f 266/397/113 259/389/2 258/388/113 
f 264/394/2 263/393/113 261/391/2 
f 264/394/2 243/373/2 262/392/113 
f 257/387/2 245/375/2 244/374/113 
f 246/376/2 240/370/113 260/390/113 
f 255/385/2 254/384/113 258/388/113 
f 261/391/2 263/393/113 256/386/113 
f 132/167/2 124/168/2 267/398/2 
f 252/399/2 267/398/2 124/168/2 
f 268/400/115 269/401/116 270/402/116 
f 163/403/116 159/404/115 271/405/116 
f 272/406/2 273/407/116 274/408/116 
f 275/409/2 276/410/2 277/411/116 
f 274/408/116 278/412/116 279/413/2 
f 275/409/2 280/414/116 281/415/116 
f 282/416/117 268/400/115 283/417/2 
f 270/402/116 283/417/2 268/400/115 
f 284/418/116 285/419/2 286/420/116 
f 287/421/2 281/415/116 288/422/116 
f 289/423/2 290/424/116 291/425/116 
f 288/422/116 292/426/116 287/421/2 
f 283/417/2 270/402/116 286/420/116 
f 283/417/2 286/420/116 285/419/2 
f 267/427/2 282/416/117 283/417/2 
f 293/428/2 271/405/116 159/404/115 
f 273/407/116 294/429/2 284/418/116 
f 149/430/117 132/431/2 293/428/2 
f 293/428/2 159/404/115 149/430/117 
f 292/426/116 271/405/116 293/428/2 
f 272/406/2 294/429/2 273/407/116 
f 295/432/2 296/433/116 290/424/116 
f 275/409/2 277/411/116 280/414/116 
f 285/419/2 284/418/116 294/429/2 
f 272/406/2 274/408/116 279/413/2 
f 287/421/2 292/426/116 293/428/2 
f 295/432/2 290/424/116 289/423/2 
f 295/432/2 279/413/2 296/433/116 
f 275/409/2 281/415/116 287/421/2 
f 291/425/116 276/410/2 289/423/2 
f 291/425/116 277/411/116 276/410/2 
f 296/433/116 279/413/2 278/412/116 
f 173/434/116 163/435/116 269/436/116 
f 269/436/116 297/437/116 173/434/116 
f 298/438/116 299/439/10 300/440/10 
f 301/441/10 302/442/116 303/443/116 
f 304/444/10 305/445/10 306/446/116 
f 307/447/10 308/448/116 309/449/116 
f 192/450/118 183/451/119 307/447/10 
f 310/452/116 311/453/10 312/454/116 
f 307/447/10 183/451/119 308/448/116 
f 309/449/116 300/440/10 307/447/10 
f 313/455/116 314/456/116 315/457/10 
f 316/458/10 317/459/10 318/460/116 
f 304/444/10 306/446/116 319/461/116 
f 318/460/116 320/462/116 316/458/10 
f 321/463/118 322/464/10 316/458/10 
f 299/439/10 323/465/116 313/455/116 
f 183/451/119 173/466/116 308/448/116 
f 300/440/10 324/467/116 298/438/116 
f 316/458/10 320/462/116 325/468/119 
f 307/447/10 199/469/10 192/450/118 
f 320/462/116 297/470/116 325/468/119 
f 316/458/10 325/468/119 321/463/118 
f 299/439/10 298/438/116 323/465/116 
f 326/471/10 310/452/116 302/442/116 
f 311/453/10 310/452/116 326/471/10 
f 305/445/10 314/456/116 306/446/116 
f 300/440/10 309/449/116 324/467/116 
f 326/471/10 302/442/116 301/441/10 
f 311/453/10 319/461/116 312/454/116 
f 315/457/10 314/456/116 305/445/10 
f 299/439/10 313/455/116 315/457/10 
f 303/443/116 317/459/10 301/441/10 
f 303/443/116 318/460/116 317/459/10 
f 304/444/10 319/461/116 311/453/10 
f 202/276/10 199/277/10 322/472/10 
f 322/472/10 327/473/10 202/276/10 
f 328/474/10 329/475/113 330/476/113 
f 331/477/113 332/478/10 333/479/10 
f 334/480/10 335/481/113 336/482/10 
f 337/483/120 338/484/113 339/485/121 
f 340/486/113 341/487/10 342/488/113 
f 343/489/10 344/490/113 329/475/113 
f 341/487/10 340/486/113 345/491/10 
f 344/490/113 343/489/10 346/492/10 
f 347/493/10 348/494/113 349/495/113 
f 233/496/113 226/497/120 350/498/113 
f 235/499/121 202/500/10 351/501/10 
f 347/493/10 328/474/10 348/494/113 
f 352/502/113 336/482/10 335/481/113 
f 350/498/113 226/497/120 235/499/121 
f 350/498/113 235/499/121 351/501/10 
f 345/491/10 340/486/113 334/480/10 
f 327/503/10 339/485/121 346/492/10 
f 344/490/113 346/492/10 338/484/113 
f 352/502/113 351/501/10 336/482/10 
f 351/501/10 352/502/113 350/498/113 
f 338/484/113 346/492/10 339/485/121 
f 337/483/120 353/504/113 338/484/113 
f 331/477/113 347/493/10 349/495/113 
f 332/478/10 331/477/113 342/488/113 
f 334/480/10 340/486/113 335/481/113 
f 347/493/10 331/477/113 333/479/10 
f 329/475/113 328/474/10 343/489/10 
f 330/476/113 348/494/113 328/474/10 
f 341/487/10 332/478/10 342/488/113 
f 117/505/113 233/506/113 265/507/113 
f 353/508/113 265/507/113 233/506/113 
f 354/507/116 355/509/116 356/510/116 
f 357/511/116 356/510/116 355/509/116 
f 358/508/116 354/507/116 359/437/116 
f 360/512/116 358/508/116 361/513/116 
f 362/514/116 361/513/116 358/508/116 
f 362/514/116 358/508/116 363/436/116 
f 359/437/116 354/507/116 356/510/116 
f 364/515/116 365/516/116 366/517/116 
f 366/517/116 359/437/116 364/515/116 
f 359/437/116 363/436/116 358/508/116 
f 367/518/116 368/519/116 363/436/116 
f 363/436/116 369/520/116 367/518/116 
f 362/514/116 363/436/116 368/519/116 
f 356/510/116 364/515/116 359/437/116 
f 370/521/122 249/522/123 248/523/124 
f 249/522/123 371/524/2 252/525/2 
f 360/526/124 361/527/123 372/528/2 
f 373/529/2 374/530/122 375/531/122 
f 376/532/122 377/533/2 378/534/2 
f 379/535/2 380/536/122 381/537/2 
f 371/524/2 382/538/122 383/539/2 
f 360/526/124 384/540/122 358/541/122 
f 375/531/122 384/540/122 372/528/2 
f 380/536/122 379/535/2 385/542/122 
f 373/529/2 377/533/2 374/530/122 
f 386/543/122 387/544/2 388/545/2 
f 376/532/122 389/546/2 380/536/122 
f 386/543/122 385/542/122 387/544/2 
f 248/523/124 265/547/122 370/521/122 
f 370/521/122 371/524/2 249/522/123 
f 372/528/2 384/540/122 360/526/124 
f 361/527/123 362/548/2 372/528/2 
f 370/521/122 382/538/122 371/524/2 
f 377/533/2 376/532/122 374/530/122 
f 375/531/122 372/528/2 373/529/2 
f 382/538/122 386/543/122 388/545/2 
f 382/538/122 388/545/2 383/539/2 
f 389/546/2 376/532/122 378/534/2 
f 389/546/2 381/537/2 380/536/122 
f 379/535/2 387/544/2 385/542/122 
f 267/398/2 252/399/2 362/549/2 
f 362/549/2 368/550/2 267/398/2 
f 390/551/2 391/552/125 392/553/2 
f 393/554/125 390/551/2 394/555/2 
f 395/556/2 396/557/125 397/558/125 
f 390/551/2 393/554/125 391/552/125 
f 398/559/2 399/560/2 400/561/125 
f 392/553/2 391/552/125 401/562/125 
f 282/563/126 398/559/2 268/564/127 
f 269/565/125 268/564/127 400/561/125 
f 395/556/2 402/566/2 396/557/125 
f 398/559/2 400/561/125 268/564/127 
f 367/567/126 369/568/127 393/554/125 
f 403/569/2 392/553/2 401/562/125 
f 393/554/125 394/555/2 367/567/126 
f 402/566/2 404/570/125 396/557/125 
f 397/558/125 400/561/125 399/560/2 
f 369/568/127 363/571/125 393/554/125 
f 394/555/2 368/572/2 367/567/126 
f 282/563/126 267/573/2 398/559/2 
f 404/570/125 402/566/2 403/569/2 
f 397/558/125 399/560/2 395/556/2 
f 404/570/125 403/569/2 401/562/125 
f 297/574/125 269/575/125 359/576/125 
f 363/577/125 359/576/125 269/575/125 
f 366/578/128 365/579/129 405/580/125 
f 406/581/10 407/582/125 408/583/125 
f 409/584/125 405/580/125 410/585/10 
f 411/586/10 409/584/125 410/585/10 
f 412/587/125 413/588/10 414/589/125 
f 413/588/10 412/587/125 411/586/10 
f 325/590/128 297/591/125 407/582/125 
f 415/592/10 321/593/129 325/590/128 
f 407/582/125 406/581/10 415/592/10 
f 365/579/129 416/594/10 405/580/125 
f 417/595/125 418/596/10 408/583/125 
f 410/585/10 405/580/125 416/594/10 
f 418/596/10 417/595/125 419/597/10 
f 325/590/128 407/582/125 415/592/10 
f 405/580/125 359/598/125 366/578/128 
f 365/579/129 364/599/10 416/594/10 
f 415/592/10 322/600/10 321/593/129 
f 417/595/125 414/589/125 419/597/10 
f 413/588/10 419/597/10 414/589/125 
f 409/584/125 411/586/10 412/587/125 
f 418/596/10 406/581/10 408/583/125 
f 327/473/10 322/472/10 356/601/10 
f 364/602/10 356/601/10 322/472/10 
f 420/603/122 421/604/10 357/605/130 
f 422/606/10 423/607/122 424/608/122 
f 425/609/122 426/610/10 427/611/122 
f 428/612/10 423/607/122 422/606/10 
f 429/613/122 430/614/10 431/615/122 
f 355/616/131 354/617/122 420/603/122 
f 339/618/130 327/619/10 426/610/10 
f 432/620/122 421/604/10 420/603/122 
f 430/614/10 429/613/122 433/621/10 
f 425/609/122 337/622/131 339/618/130 
f 427/611/122 426/610/10 434/623/10 
f 355/616/131 420/603/122 357/605/130 
f 428/612/10 433/621/10 435/624/122 
f 436/625/10 431/615/122 430/614/10 
f 428/612/10 435/624/122 423/607/122 
f 339/618/130 426/610/10 425/609/122 
f 437/626/10 438/627/122 436/625/10 
f 434/623/10 424/608/122 439/628/122 
f 421/604/10 356/629/10 357/605/130 
f 425/609/122 353/630/122 337/622/131 
f 432/620/122 437/626/10 421/604/10 
f 424/608/122 434/623/10 422/606/10 
f 439/628/122 427/611/122 434/623/10 
f 435/624/122 433/621/10 429/613/122 
f 438/627/122 437/626/10 432/620/122 
f 438/627/122 431/615/122 436/625/10 
f 265/631/122 353/632/122 358/576/122 
f 354/577/122 358/576/122 353/632/122 
# 651 faces

#
# object _Sweep__1705_
#

v  -115.9245 44.2537 33.0930
v  -116.1570 44.4737 33.1679
v  -116.2420 44.7743 33.2701
v  -115.6070 44.1731 33.0656
v  -116.2420 48.3814 34.4970
v  -115.9245 48.9020 34.6740
v  -116.1570 48.6819 34.5992
v  -115.6070 48.9825 34.7014
v  -110.5270 48.9825 34.7014
v  -109.8920 44.7743 33.2701
v  -110.2095 44.2537 33.0930
v  -110.5270 44.1731 33.0656
v  -109.9771 44.4737 33.1679
v  -109.8920 48.3814 34.4970
v  -110.2095 48.9020 34.6740
v  -109.9771 48.6819 34.5992
v  -109.9771 42.1388 53.8369
v  -109.8920 41.8382 53.7347
v  -109.8920 43.2548 49.5696
v  -110.2095 42.3588 53.9118
v  -110.5270 43.8560 49.7740
v  -110.5270 42.4394 53.9391
v  -109.8920 46.9647 38.6620
v  -109.8920 45.5481 42.8271
v  -110.5270 47.5659 38.8665
v  -110.5270 45.7110 44.3203
v  -109.8920 44.4015 46.1983
v  -109.8920 38.2311 52.5078
v  -110.2095 37.7105 52.3308
v  -110.5270 37.6300 52.3034
v  -110.5270 39.0466 48.1383
v  -109.9771 37.9305 52.4056
v  -109.8920 39.6478 48.3427
v  -110.5270 42.7565 37.2307
v  -110.5270 41.3398 41.3958
v  -109.8920 43.3577 37.4352
v  -109.8920 41.5027 42.8890
v  -110.5270 40.1932 44.7670
v  -115.6070 37.6300 52.3034
v  -116.1570 37.9305 52.4056
v  -116.2420 38.2311 52.5078
v  -116.2420 39.6478 48.3427
v  -115.9245 37.7105 52.3308
v  -115.6070 39.0466 48.1383
v  -116.2420 43.3577 37.4352
v  -116.2420 41.9410 41.6003
v  -115.6070 42.7565 37.2307
v  -115.6070 40.9015 42.6845
v  -116.2420 40.7944 44.9715
v  -116.2420 41.8382 53.7347
v  -115.9245 42.3588 53.9118
v  -115.6070 42.4394 53.9391
v  -115.6070 43.8560 49.7740
v  -116.1570 42.1388 53.8369
v  -116.2420 43.2548 49.5696
v  -115.6070 47.5659 38.8665
v  -115.6070 46.1493 43.0316
v  -116.2420 46.9647 38.6620
v  -116.2420 45.1098 44.1158
v  -115.6070 45.0026 46.4028
v  -116.2420 24.3164 62.7370
v  -115.9245 24.3027 62.1873
v  -115.6070 24.3006 62.1022
v  -116.1570 24.3085 62.4196
v  -110.5270 24.4270 67.1806
v  -110.5270 24.3006 62.1022
v  -109.9771 24.3085 62.4196
v  -110.2095 24.3027 62.1873
v  -109.8920 24.3164 62.7370
v  -109.8920 24.4112 66.5459
v  -116.2420 24.4112 66.5459
v  -115.9245 24.4249 67.0956
v  -116.1570 24.4191 66.8633
v  -115.6070 24.4270 67.1806
v  -110.2095 24.4249 67.0956
v  -109.9771 24.4191 66.8633
v  -110.1579 38.8982 60.0350
v  -110.5270 38.8583 60.0415
v  -110.2379 37.5350 61.5853
v  -110.5270 41.4075 56.0773
v  -110.0967 40.9078 56.9944
v  -110.2466 29.4708 66.3197
v  -110.5270 26.7756 66.8336
v  -110.0967 27.8001 66.6303
v  -109.9837 41.4460 55.6143
v  -109.9366 40.5863 57.0917
v  -109.9575 30.3034 65.7468
v  -110.1579 31.3017 65.6194
v  -110.2466 40.1129 58.4964
v  -109.8920 28.9558 65.8744
v  -109.9366 27.9888 66.3525
v  -109.8920 26.6835 66.2101
v  -109.8920 39.8414 57.8720
v  -109.8920 40.8398 55.8033
v  -110.5270 37.3412 61.8676
v  -110.5270 35.4283 63.2738
v  -109.9575 39.3177 59.1201
v  -109.9763 37.7469 61.0197
v  -110.5270 29.1243 66.4866
v  -109.9837 26.3222 66.7323
v  -110.1987 33.5042 64.5814
v  -110.5270 31.3198 65.5833
v  -109.9755 32.6110 64.7996
v  -110.0794 36.2395 62.5922
v  -110.0140 34.5092 63.7709
v  -109.8920 38.3735 59.6387
v  -109.9313 36.1739 62.3470
v  -109.8920 36.9057 61.4055
v  -109.8920 31.0800 65.0004
v  -109.8920 33.2043 64.1265
v  -109.8920 35.0550 62.7660
v  -110.5270 33.5154 64.6800
v  -110.5270 40.3755 58.2154
v  -109.8920 27.9451 62.2009
v  -109.8920 31.3373 60.8053
v  -109.8920 34.2927 58.6326
v  -109.8920 36.6368 55.8113
v  -110.2741 35.4889 56.4357
v  -110.2912 36.6580 54.6231
v  -110.0780 36.3742 55.3866
v  -109.8920 37.5498 53.9196
v  -109.9483 33.5483 58.9483
v  -110.0030 34.7632 57.6481
v  -110.0780 27.6181 61.8235
v  -110.5270 25.7862 61.8827
v  -110.5270 27.7766 61.5886
v  -110.2197 33.9969 58.1472
v  -110.5270 34.9799 56.8192
v  -110.5270 36.9772 53.6558
v  -110.5270 36.1027 55.4678
v  -109.9404 31.9927 60.1265
v  -110.0780 32.6153 59.4473
v  -110.2460 31.3171 60.1598
v  -110.5270 32.4417 59.2111
v  -109.9862 30.0805 61.0715
v  -109.8920 32.8150 59.7189
v  -109.8920 25.8672 62.5079
v  -110.2692 29.4629 61.0698
v  -110.5270 31.0261 60.2517
v  -110.5270 29.4014 60.9202
v  -109.8920 29.6412 61.5031
v  -110.5270 33.8572 58.1705
v  -109.8920 35.4647 57.2220
v  -115.6070 36.1027 55.4678
v  -115.6070 33.8572 58.1705
v  -115.6070 27.7766 61.5886
v  -115.6070 31.0261 60.2517
v  -115.6070 36.9772 53.6558
v  -116.0560 36.3742 55.3866
v  -116.2420 37.5498 53.9196
v  -116.0560 27.6181 61.8235
v  -116.2420 25.8672 62.5079
v  -116.2420 27.9451 62.2009
v  -115.8648 35.1044 56.9226
v  -116.2420 36.6368 55.8113
v  -116.1873 29.5856 61.3681
v  -116.2420 29.6412 61.5031
v  -116.1478 34.9217 57.5125
v  -115.6070 25.7862 61.8827
v  -116.0560 32.6153 59.4473
v  -116.1765 31.4636 60.4083
v  -116.2420 32.8150 59.7189
v  -115.9398 29.9940 60.8823
v  -115.6070 32.4417 59.2111
v  -115.8880 33.6827 58.4209
v  -116.2420 34.2927 58.6326
v  -116.2420 35.4647 57.2220
v  -115.6070 34.9799 56.8192
v  -116.2420 31.3373 60.8053
v  -115.6070 29.4014 60.9202
v  -116.2420 33.2043 64.1265
v  -116.2420 28.9558 65.8744
v  -116.2420 36.9057 61.4055
v  -116.2420 39.8414 57.8720
v  -116.2420 40.8398 55.8033
v  -116.1504 41.4460 55.6143
v  -116.1974 40.5863 57.0917
v  -116.0373 40.9078 56.9944
v  -115.6070 41.4075 56.0773
v  -116.1504 26.3222 66.7323
v  -116.0373 27.8001 66.6303
v  -116.1974 27.9888 66.3525
v  -116.1765 39.3177 59.1201
v  -116.1577 37.7469 61.0197
v  -115.9761 38.8982 60.0350
v  -115.8962 37.5350 61.5853
v  -115.6070 38.8583 60.0415
v  -116.0546 36.2395 62.5922
v  -115.6070 31.3198 65.5833
v  -115.8875 29.4708 66.3197
v  -115.6070 29.1243 66.4866
v  -115.8875 40.1129 58.4964
v  -115.6070 40.3755 58.2154
v  -115.6070 37.3412 61.8676
v  -116.2420 38.3735 59.6387
v  -116.1765 30.3034 65.7468
v  -116.2420 26.6835 66.2101
v  -115.6070 26.7756 66.8336
v  -115.6070 35.4283 63.2738
v  -115.9761 31.3017 65.6194
v  -115.9353 33.5042 64.5814
v  -116.1586 32.6110 64.7996
v  -116.1201 34.5092 63.7709
v  -116.2028 36.1739 62.3470
v  -116.2420 31.0800 65.0004
v  -115.6070 33.5154 64.6800
v  -116.2420 35.0550 62.7660
# 207 vertices

vn 0.0000 0.3220 -0.9467
vn 0.8660 0.4734 0.1610
vn 1.0000 0.0000 0.0000
vn 0.5000 0.8199 0.2789
vn 0.0000 0.9467 0.3220
vn 0.5000 -0.8199 -0.2789
vn -0.0000 -0.9467 -0.3220
vn 0.8660 -0.4734 -0.1610
vn -0.8660 -0.4734 -0.1610
vn -1.0000 -0.0000 -0.0000
vn -0.5000 -0.8199 -0.2789
vn -0.5000 0.8199 0.2789
vn -0.8660 0.4734 0.1610
vn -0.0000 -0.9997 0.0249
vn 0.5813 0.6267 0.5190
vn -0.0000 0.7692 0.6391
vn 0.4554 0.6216 0.6374
vn -0.0000 0.9006 0.4347
vn 0.6777 0.6441 0.3548
vn 0.4417 0.2548 0.8602
vn -0.0000 0.1462 0.9893
vn 0.6777 0.1465 0.7206
vn 0.8557 0.4710 0.2144
vn 0.9297 0.3203 0.1817
vn 0.8968 0.1467 0.4173
vn 0.5813 0.3084 0.7530
vn 0.4417 0.7450 0.4998
vn 0.9297 0.0779 0.3599
vn 0.0000 0.6858 0.7278
vn -0.0000 0.5923 0.8057
vn 0.8968 0.3546 0.2645
vn 0.8672 0.3577 0.3464
vn 0.0000 0.2653 0.9642
vn 0.5000 0.0216 0.8658
vn 0.8557 0.0641 0.5135
vn 0.8660 0.0124 0.4998
vn 0.5170 0.4209 0.7453
vn -0.0000 0.3805 0.9248
vn 0.0000 0.0249 0.9997
vn 0.8686 0.2236 0.4423
vn 0.7049 0.4507 0.5477
vn 0.8080 0.3230 0.4928
vn 0.9382 0.2214 0.2660
vn 0.0000 0.4900 0.8717
vn 0.0000 0.8411 0.5409
vn 0.3983 -0.7299 -0.5555
vn 0.3713 -0.8141 -0.4465
vn 0.7071 -0.6003 -0.3737
vn 0.9113 -0.2666 -0.3136
vn 0.8252 -0.4148 -0.3833
vn 0.7071 -0.1775 -0.6845
vn -0.0000 -0.1286 -0.9917
vn -0.0000 -0.2653 -0.9642
vn 0.4839 -0.6053 -0.6320
vn -0.0000 -0.7692 -0.6391
vn 0.0000 -0.9081 -0.4187
vn -0.0000 -0.8411 -0.5409
vn 0.9239 -0.2075 -0.3216
vn 0.7071 -0.4188 -0.5697
vn 0.4425 -0.4554 -0.7725
vn -0.0000 -0.5923 -0.8057
vn 0.8517 -0.2180 -0.4766
vn 0.8660 -0.0124 -0.4998
vn 0.5000 -0.0216 -0.8658
vn 0.4060 -0.3477 -0.8451
vn -0.0000 -0.0249 -0.9997
vn -0.0000 -0.4900 -0.8717
vn -0.0000 -0.3805 -0.9248
vn -0.0000 -0.6858 -0.7278
vn -0.7071 -0.6003 -0.3737
vn -0.7071 -0.1775 -0.6845
vn -0.4060 -0.7029 -0.5840
vn -0.9139 -0.1545 -0.3755
vn -0.8517 -0.3899 -0.3503
vn -0.5000 -0.0216 -0.8658
vn -0.7071 -0.4188 -0.5697
vn -0.8968 -0.2247 -0.3812
vn -0.5241 -0.3542 -0.7745
vn -0.4425 -0.6015 -0.6651
vn -0.8660 -0.0124 -0.4998
vn -0.8557 0.4710 0.2144
vn -0.9297 0.3203 0.1817
vn -0.6777 0.6441 0.3548
vn -0.8557 0.0641 0.5135
vn -0.6777 0.1465 0.7206
vn -0.9297 0.0779 0.3599
vn -0.8968 0.3546 0.2645
vn -0.8672 0.3577 0.3464
vn -0.5813 0.6267 0.5190
vn -0.4554 0.6216 0.6374
vn -0.7049 0.4507 0.5477
vn -0.4417 0.2548 0.8602
vn -0.4417 0.7450 0.4998
vn -0.8660 0.0124 0.4998
vn -0.8968 0.1467 0.4173
vn -0.5000 0.0216 0.8658
vn -0.5813 0.3084 0.7530
vn -0.5170 0.4209 0.7453
vn -0.8686 0.2236 0.4423
vn -0.8080 0.3230 0.4928
vn -0.9382 0.2214 0.2660
# 101 vertex normals

vt 0.0938 3.9996 0.0000
vt 0.1014 4.0072 0.0000
vt 0.1042 4.0176 0.0000
vt 0.0833 3.9968 0.0000
vt 0.1042 4.1426 0.0000
vt 0.0938 4.1607 0.0000
vt 0.1014 4.1531 0.0000
vt 0.0833 4.1635 0.0000
vt -0.0833 4.1635 0.0000
vt -0.1042 4.0176 0.0000
vt -0.0938 3.9996 0.0000
vt -0.0833 3.9968 0.0000
vt -0.1014 4.0072 0.0000
vt -0.1042 4.1426 0.0000
vt -0.0938 4.1607 0.0000
vt -0.1014 4.1531 0.0000
vt -0.1957 -1.2587 0.0000
vt -0.2064 -1.2567 0.0000
vt -0.2335 -1.3985 0.0000
vt -0.1850 -1.2608 0.0000
vt -0.2014 -1.4046 0.0000
vt -0.1743 -1.2628 0.0000
vt -0.3317 -1.9115 0.0000
vt -0.3210 -1.9135 0.0000
vt -0.3046 -1.7697 0.0000
vt -0.2774 -1.6279 0.0000
vt -0.2724 -1.7759 0.0000
vt -0.2369 -1.5902 0.0000
vt -0.2555 -1.5132 0.0000
vt -0.3103 -1.9156 0.0000
vt -0.2996 -1.9176 0.0000
vt 2.6356 -1.1524 0.0000
vt 2.7540 -1.1122 0.0000
vt 2.5393 -0.4810 0.0000
vt 2.4210 -0.5213 0.0000
vt -0.2149 -1.2549 0.0000
vt -0.2256 -1.2529 0.0000
vt -0.2513 -1.3950 0.0000
vt -0.2042 -1.2568 0.0000
vt -0.2191 -1.4008 0.0000
vt -0.1934 -1.2588 0.0000
vt -0.3442 -1.9090 0.0000
vt -0.3335 -1.9109 0.0000
vt -0.3186 -1.7669 0.0000
vt -0.2929 -1.6249 0.0000
vt -0.2864 -1.7728 0.0000
vt -0.2527 -1.5868 0.0000
vt -0.2721 -1.5099 0.0000
vt -0.3228 -1.9128 0.0000
vt -0.3120 -1.9148 0.0000
vt 0.0833 2.5838 0.0000
vt -0.0833 2.5838 0.0000
vt 0.0833 1.9171 0.0000
vt -0.0833 1.9171 0.0000
vt 0.2042 -1.2568 0.0000
vt 0.1934 -1.2588 0.0000
vt 0.2191 -1.4008 0.0000
vt 0.2149 -1.2549 0.0000
vt 0.2513 -1.3950 0.0000
vt 0.2256 -1.2529 0.0000
vt 0.3120 -1.9148 0.0000
vt 0.3228 -1.9128 0.0000
vt 0.2864 -1.7728 0.0000
vt 0.2607 -1.6307 0.0000
vt 0.3186 -1.7669 0.0000
vt 0.2849 -1.5809 0.0000
vt 0.2399 -1.5158 0.0000
vt 0.3335 -1.9109 0.0000
vt 0.3442 -1.9090 0.0000
vt -2.7540 -1.1122 0.0000
vt -2.6356 -1.1524 0.0000
vt -2.5393 -0.4810 0.0000
vt -2.4210 -0.5213 0.0000
vt 0.1850 -1.2608 0.0000
vt 0.1743 -1.2628 0.0000
vt 0.2014 -1.4046 0.0000
vt 0.1957 -1.2587 0.0000
vt 0.2335 -1.3985 0.0000
vt 0.2064 -1.2567 0.0000
vt 0.2996 -1.9176 0.0000
vt 0.3103 -1.9156 0.0000
vt 0.2724 -1.7759 0.0000
vt 0.2453 -1.6341 0.0000
vt 0.3046 -1.7697 0.0000
vt 0.2691 -1.5841 0.0000
vt 0.2233 -1.5194 0.0000
vt 0.3210 -1.9135 0.0000
vt 0.3317 -1.9115 0.0000
vt -0.1042 -0.0870 0.0000
vt -0.0938 -0.1050 0.0000
vt -0.0833 -0.1078 0.0000
vt -0.1014 -0.0974 0.0000
vt 0.0833 0.0589 0.0000
vt 0.0833 -0.1078 0.0000
vt 0.1014 -0.0974 0.0000
vt 0.0938 -0.1050 0.0000
vt 0.1042 -0.0870 0.0000
vt 0.1042 0.0380 0.0000
vt -0.1042 0.0380 0.0000
vt -0.0938 0.0561 0.0000
vt -0.1014 0.0484 0.0000
vt -0.0833 0.0589 0.0000
vt 0.0938 0.0561 0.0000
vt 0.1014 0.0484 0.0000
vt 2.2664 -0.2620 0.0000
vt 2.2714 -0.2501 0.0000
vt 2.2080 -0.2282 0.0000
vt 2.4723 -0.3668 0.0000
vt 2.4087 -0.3214 0.0000
vt 2.3712 -0.3194 0.0000
vt 1.9349 -0.0859 0.0000
vt 1.8597 -0.0360 0.0000
vt 1.8829 -0.0656 0.0000
vt 2.4115 -0.3470 0.0000
vt 2.3598 -0.3240 0.0000
vt 1.9568 -0.1126 0.0000
vt 1.9901 -0.1184 0.0000
vt 2.3247 -0.2885 0.0000
vt 1.9132 -0.1008 0.0000
vt 1.8857 -0.0776 0.0000
vt 1.8446 -0.0651 0.0000
vt 2.3250 -0.3148 0.0000
vt 2.3936 -0.3505 0.0000
vt 2.2028 -0.2144 0.0000
vt 2.1342 -0.1787 0.0000
vt 2.2902 -0.2859 0.0000
vt 2.2184 -0.2472 0.0000
vt 2.4672 -0.3764 0.0000
vt 2.4622 -0.3861 0.0000
vt 1.9283 -0.0717 0.0000
vt 1.7860 -0.0101 0.0000
vt 1.8371 -0.0484 0.0000
vt 1.7810 -0.0197 0.0000
vt 2.0615 -0.1537 0.0000
vt 1.9969 -0.1074 0.0000
vt 1.7760 -0.0294 0.0000
vt 1.7911 -0.0004 0.0000
vt 2.0306 -0.1496 0.0000
vt 2.1575 -0.2092 0.0000
vt 2.0949 -0.1804 0.0000
vt 2.2563 -0.2791 0.0000
vt 2.1564 -0.2189 0.0000
vt 2.1877 -0.2434 0.0000
vt 1.9818 -0.1364 0.0000
vt 2.0505 -0.1721 0.0000
vt 2.1191 -0.2078 0.0000
vt 2.0656 -0.1431 0.0000
vt 2.4773 -0.3571 0.0000
vt 2.3401 -0.2857 0.0000
vt 2.2560 -0.1401 0.0000
vt 2.0835 -0.2033 0.0000
vt 2.1948 -0.2491 0.0000
vt 2.1167 -0.0828 0.0000
vt 1.9644 -0.1857 0.0000
vt 1.9676 -0.0607 0.0000
vt 2.2918 -0.3203 0.0000
vt 2.3775 -0.2294 0.0000
vt 2.4738 -0.3453 0.0000
vt 2.3687 -0.4129 0.0000
vt 2.2587 -0.2375 0.0000
vt 2.3219 -0.2710 0.0000
vt 2.3023 -0.2513 0.0000
vt 2.3036 -0.2336 0.0000
vt 2.3630 -0.2645 0.0000
vt 2.4024 -0.2972 0.0000
vt 2.1738 -0.1761 0.0000
vt 2.2234 -0.2060 0.0000
vt 2.1997 -0.1796 0.0000
vt 1.9782 -0.0829 0.0000
vt 1.9174 -0.0697 0.0000
vt 1.9769 -0.1006 0.0000
vt 2.1929 -0.2011 0.0000
vt 2.2365 -0.2356 0.0000
vt 2.3974 -0.3069 0.0000
vt 2.3479 -0.2935 0.0000
vt 2.3923 -0.3166 0.0000
vt 2.2885 -0.2626 0.0000
vt 2.1180 -0.1464 0.0000
vt 2.1402 -0.1671 0.0000
vt 2.0939 -0.1507 0.0000
vt 2.1327 -0.1816 0.0000
vt 2.0551 -0.1174 0.0000
vt 1.9920 -0.0716 0.0000
vt 2.1478 -0.1526 0.0000
vt 2.0958 -0.1256 0.0000
vt 1.9325 -0.0407 0.0000
vt 1.8831 -0.0273 0.0000
vt 1.8781 -0.0370 0.0000
vt 2.4074 -0.2876 0.0000
vt 2.0328 -0.1199 0.0000
vt 1.8730 -0.0467 0.0000
vt 2.0808 -0.1546 0.0000
vt 2.0288 -0.1276 0.0000
vt 1.8881 -0.0176 0.0000
vt 2.0439 -0.0986 0.0000
vt 2.1846 -0.2086 0.0000
vt 2.2516 -0.2066 0.0000
vt 0.0833 1.1383 0.0000
vt 0.0833 1.2539 0.0000
vt -0.0833 1.1383 0.0000
vt 0.0833 1.0228 0.0000
vt -0.0833 1.0228 0.0000
vt -0.0833 1.2539 0.0000
vt -0.0833 0.9072 0.0000
vt -0.0833 0.7916 0.0000
vt 0.0833 0.6761 0.0000
vt 0.0833 0.7916 0.0000
vt 0.0833 0.9072 0.0000
vt -0.0833 0.6761 0.0000
vt -2.3974 -0.3069 0.0000
vt -2.3923 -0.3166 0.0000
vt -2.3479 -0.2935 0.0000
vt -2.2885 -0.2626 0.0000
vt -2.3023 -0.2513 0.0000
vt -2.4074 -0.2876 0.0000
vt -2.4024 -0.2972 0.0000
vt -2.3630 -0.2645 0.0000
vt -1.9782 -0.0829 0.0000
vt -1.9325 -0.0407 0.0000
vt -1.9920 -0.0716 0.0000
vt -2.2406 -0.2279 0.0000
vt -2.3036 -0.2336 0.0000
vt -2.0399 -0.1063 0.0000
vt -2.0439 -0.0986 0.0000
vt -2.2299 -0.2082 0.0000
vt -1.9174 -0.0697 0.0000
vt -1.8730 -0.0467 0.0000
vt -1.8781 -0.0370 0.0000
vt -2.1402 -0.1671 0.0000
vt -2.1002 -0.1386 0.0000
vt -2.1478 -0.1526 0.0000
vt -1.9769 -0.1006 0.0000
vt -2.0506 -0.1260 0.0000
vt -2.1327 -0.1816 0.0000
vt -2.1802 -0.1956 0.0000
vt -2.0808 -0.1546 0.0000
vt -1.8831 -0.0273 0.0000
vt -2.1997 -0.1796 0.0000
vt -2.2516 -0.2066 0.0000
vt -2.2365 -0.2356 0.0000
vt -1.8881 -0.0176 0.0000
vt -2.1846 -0.2086 0.0000
vt -2.0958 -0.1256 0.0000
vt -2.0288 -0.1276 0.0000
vt -2.1948 -0.2491 0.0000
vt -2.0835 -0.2033 0.0000
vt -2.2560 -0.1401 0.0000
vt -2.1167 -0.0828 0.0000
vt -1.9676 -0.0607 0.0000
vt -1.9644 -0.1857 0.0000
vt -2.3775 -0.2294 0.0000
vt -2.2918 -0.3203 0.0000
vt -2.3687 -0.4129 0.0000
vt -2.4738 -0.3453 0.0000
vt -2.4622 -0.3861 0.0000
vt -2.3936 -0.3505 0.0000
vt -2.4115 -0.3470 0.0000
vt -2.3598 -0.3240 0.0000
vt -2.3712 -0.3194 0.0000
vt -2.4723 -0.3668 0.0000
vt -2.4087 -0.3214 0.0000
vt -2.4773 -0.3571 0.0000
vt -1.8371 -0.0484 0.0000
vt -1.8829 -0.0656 0.0000
vt -1.8857 -0.0776 0.0000
vt -2.2902 -0.2859 0.0000
vt -2.2184 -0.2472 0.0000
vt -2.2664 -0.2620 0.0000
vt -2.2080 -0.2282 0.0000
vt -2.2714 -0.2501 0.0000
vt -2.1575 -0.2092 0.0000
vt -1.9969 -0.1074 0.0000
vt -1.9349 -0.0859 0.0000
vt -1.9283 -0.0717 0.0000
vt -2.4672 -0.3764 0.0000
vt -2.3247 -0.2885 0.0000
vt -2.3401 -0.2857 0.0000
vt -1.7810 -0.0197 0.0000
vt -1.7760 -0.0294 0.0000
vt -2.2028 -0.2144 0.0000
vt -2.2563 -0.2791 0.0000
vt -2.1877 -0.2434 0.0000
vt -1.9568 -0.1126 0.0000
vt -1.9132 -0.1008 0.0000
vt -1.8446 -0.0651 0.0000
vt -2.3250 -0.3148 0.0000
vt -1.7860 -0.0101 0.0000
vt -1.8597 -0.0360 0.0000
vt -2.1342 -0.1787 0.0000
vt -1.9901 -0.1184 0.0000
vt -2.0615 -0.1537 0.0000
vt -2.0306 -0.1496 0.0000
vt -2.0505 -0.1721 0.0000
vt -2.0949 -0.1804 0.0000
vt -2.1564 -0.2189 0.0000
vt -1.9818 -0.1364 0.0000
vt -2.0656 -0.1431 0.0000
vt -2.1191 -0.2078 0.0000
vt -1.7911 -0.0004 0.0000
vt 0.0833 1.5382 0.0000
vt -0.0833 1.6944 0.0000
vt -0.0833 1.5382 0.0000
vt 0.0833 1.3821 0.0000
vt -0.0833 1.3821 0.0000
vt 0.0833 1.6944 0.0000
vt -0.0833 1.2259 0.0000
vt 0.0833 1.0697 0.0000
vt -0.0833 1.0697 0.0000
vt -0.0833 0.9136 0.0000
vt 0.0833 1.2259 0.0000
vt 0.0833 0.9136 0.0000
# 311 texture coords

g _Sweep__1705_
usemtl aluminum
s off
f 440/633/132 441/634/132 442/635/132 
f 442/635/132 443/636/132 440/633/132 
f 444/637/132 443/636/132 442/635/132 
f 445/638/132 444/637/132 446/639/132 
f 444/637/132 445/638/132 447/640/132 
f 447/640/132 443/636/132 444/637/132 
f 447/640/132 448/641/132 443/636/132 
f 449/642/132 450/643/132 451/644/132 
f 450/643/132 449/642/132 452/645/132 
f 453/646/132 449/642/132 451/644/132 
f 453/646/132 448/641/132 454/647/132 
f 454/647/132 455/648/132 453/646/132 
f 453/646/132 451/644/132 448/641/132 
f 443/636/132 448/641/132 451/644/132 
f 456/649/133 457/650/134 458/651/134 
f 459/652/135 460/653/136 461/654/136 
f 453/655/134 455/656/133 462/657/134 
f 463/658/134 464/659/136 465/660/136 
f 463/658/134 465/660/136 466/661/134 
f 458/651/134 466/661/134 460/653/136 
f 464/659/136 462/657/134 454/662/135 
f 458/651/134 460/653/136 459/652/135 
f 459/652/135 456/649/133 458/651/134 
f 462/657/134 455/656/133 454/662/135 
f 460/653/136 466/661/134 465/660/136 
f 454/662/135 448/663/136 464/659/136 
f 464/659/136 463/658/134 462/657/134 
f 449/664/134 453/665/134 457/666/134 
f 457/666/134 467/667/134 449/664/134 
f 468/668/137 469/669/138 470/670/138 
f 471/671/139 472/672/134 467/673/134 
f 451/674/138 450/675/137 473/676/138 
f 474/677/138 475/678/134 476/679/134 
f 474/677/138 476/679/134 477/680/138 
f 470/670/138 477/680/138 472/672/134 
f 475/678/134 473/676/138 452/681/139 
f 470/670/138 472/672/134 471/671/139 
f 471/671/139 468/668/137 470/670/138 
f 473/676/138 450/675/137 452/681/139 
f 472/672/134 477/680/138 476/679/134 
f 452/681/139 449/682/134 475/678/134 
f 475/678/134 474/677/138 473/676/138 
f 443/683/138 451/684/138 478/685/138 
f 469/686/138 478/685/138 451/684/138 
f 479/687/140 480/688/141 481/689/141 
f 482/690/142 483/691/138 478/692/138 
f 442/693/141 441/694/140 484/695/141 
f 485/696/141 486/697/138 487/698/138 
f 485/696/141 487/698/138 488/699/141 
f 481/689/141 488/699/141 483/691/138 
f 486/697/138 484/695/141 440/700/142 
f 481/689/141 483/691/138 482/690/142 
f 482/690/142 479/687/140 481/689/141 
f 484/695/141 441/694/140 440/700/142 
f 483/691/138 488/699/141 487/698/138 
f 440/700/142 443/701/138 486/697/138 
f 486/697/138 485/696/141 484/695/141 
f 444/702/141 442/703/141 489/704/141 
f 480/705/141 489/704/141 442/703/141 
f 490/706/143 491/707/136 492/708/136 
f 493/709/144 494/710/141 489/711/141 
f 447/712/136 445/713/143 495/714/136 
f 496/715/136 497/716/141 498/717/141 
f 496/715/136 498/717/141 499/718/136 
f 492/708/136 499/718/136 494/710/141 
f 497/716/141 495/714/136 446/719/144 
f 492/708/136 494/710/141 493/709/144 
f 493/709/144 490/706/143 492/708/136 
f 495/714/136 445/713/143 446/719/144 
f 494/710/141 499/718/136 498/717/141 
f 446/719/144 444/720/141 497/716/141 
f 497/716/141 496/715/136 495/714/136 
f 448/683/136 447/684/136 491/686/136 
f 491/686/136 461/685/136 448/683/136 
f 500/721/145 501/722/145 502/723/145 
f 501/722/145 500/721/145 503/724/145 
f 504/725/145 502/723/145 505/726/145 
f 506/727/145 505/726/145 507/728/145 
f 505/726/145 506/727/145 508/729/145 
f 509/730/145 505/726/145 508/729/145 
f 500/721/145 502/723/145 510/731/145 
f 511/732/145 512/733/145 510/731/145 
f 510/731/145 513/734/145 511/732/145 
f 502/723/145 504/725/145 513/734/145 
f 514/735/145 509/730/145 515/736/145 
f 509/730/145 514/735/145 504/725/145 
f 509/730/145 504/725/145 505/726/145 
f 513/734/145 510/731/145 502/723/145 
f 516/737/146 517/738/147 518/739/148 
f 459/740/135 519/741/149 520/742/150 
f 521/743/151 522/744/152 523/745/153 
f 524/746/154 520/742/150 525/747/155 
f 521/743/151 526/748/156 527/749/157 
f 520/742/150 519/741/149 528/750/158 
f 529/751/134 530/752/159 531/753/134 
f 525/747/155 532/754/134 533/755/134 
f 518/739/148 534/756/160 535/757/161 
f 459/740/135 520/742/150 524/746/154 
f 536/758/162 525/747/155 520/742/150 
f 525/747/155 536/758/162 532/754/134 
f 536/758/162 516/737/146 537/759/163 
f 456/760/133 524/746/154 457/761/134 
f 522/744/152 521/743/151 538/762/164 
f 528/750/158 517/738/147 516/737/146 
f 516/737/146 518/739/148 537/759/163 
f 522/744/152 514/763/165 523/745/153 
f 530/752/159 539/764/166 531/753/134 
f 514/763/165 515/765/167 539/764/166 
f 523/745/153 530/752/159 526/748/156 
f 540/766/168 541/767/169 527/749/157 
f 533/755/134 457/761/134 524/746/154 
f 509/768/134 531/753/134 539/764/166 
f 504/769/170 514/763/165 522/744/152 
f 527/749/157 526/748/156 542/770/171 
f 520/742/150 528/750/158 536/758/162 
f 543/771/172 540/766/168 544/772/173 
f 537/759/163 545/773/134 536/758/162 
f 527/749/157 542/770/171 540/766/168 
f 546/774/174 537/759/163 543/771/172 
f 533/755/134 524/746/154 525/747/155 
f 545/773/134 537/759/163 547/775/134 
f 545/773/134 532/754/134 536/758/162 
f 459/740/135 524/746/154 456/760/133 
f 530/752/159 529/751/134 526/748/156 
f 539/764/166 530/752/159 523/745/153 
f 542/770/171 548/776/134 549/777/134 
f 548/776/134 542/770/171 526/748/156 
f 549/777/134 550/778/134 544/772/173 
f 526/748/156 521/743/151 523/745/153 
f 546/774/174 550/778/134 547/775/134 
f 544/772/173 540/766/168 542/770/171 
f 541/767/169 540/766/168 551/779/175 
f 526/748/156 529/751/134 548/776/134 
f 514/763/165 539/764/166 523/745/153 
f 539/764/166 515/765/167 509/768/134 
f 549/777/134 544/772/173 542/770/171 
f 546/774/174 544/772/173 550/778/134 
f 537/759/163 546/774/174 547/775/134 
f 544/772/173 546/774/174 543/771/172 
f 519/741/149 459/740/135 461/780/136 
f 552/781/176 528/750/158 519/741/149 
f 551/779/175 540/766/168 535/757/161 
f 536/758/162 528/750/158 516/737/146 
f 517/738/147 528/750/158 552/781/176 
f 534/756/160 518/739/148 517/738/147 
f 537/759/163 518/739/148 543/771/172 
f 543/771/172 535/757/161 540/766/168 
f 518/739/148 535/757/161 543/771/172 
f 538/762/164 521/743/151 541/767/169 
f 541/767/169 521/743/151 527/749/157 
f 549/782/134 553/783/134 554/784/134 
f 529/785/134 553/783/134 549/782/134 
f 508/786/134 529/785/134 509/787/134 
f 529/785/134 508/786/134 553/783/134 
f 554/784/134 555/788/134 547/789/134 
f 532/790/134 556/791/134 467/667/134 
f 532/790/134 467/667/134 457/666/134 
f 547/789/134 549/782/134 554/784/134 
f 547/789/134 556/791/134 532/790/134 
f 547/789/134 555/788/134 556/791/134 
f 557/792/177 558/793/178 559/794/179 
f 556/795/134 559/794/179 560/796/134 
f 471/797/139 560/796/134 559/794/179 
f 561/798/180 562/799/181 555/800/134 
f 563/801/182 564/802/183 565/803/184 
f 557/792/177 559/794/179 562/799/181 
f 566/804/185 567/805/186 557/792/177 
f 558/793/178 468/806/137 559/794/179 
f 468/806/137 568/807/187 469/808/138 
f 468/806/137 471/797/139 559/794/179 
f 569/809/188 558/793/178 557/792/177 
f 561/798/180 570/810/189 571/811/190 
f 572/812/191 573/813/192 566/804/185 
f 566/804/185 571/811/190 572/812/191 
f 563/801/182 574/814/193 553/815/134 
f 575/816/134 554/817/134 570/810/189 
f 468/806/137 558/793/178 568/807/187 
f 563/801/182 576/818/134 506/819/194 
f 569/809/188 568/807/187 558/793/178 
f 563/801/182 506/819/194 507/820/195 
f 471/797/139 467/821/134 560/796/134 
f 565/803/184 577/822/196 563/801/182 
f 557/792/177 562/799/181 566/804/185 
f 507/820/195 505/823/197 564/802/183 
f 578/824/198 572/812/191 577/822/196 
f 577/822/196 565/803/184 579/825/199 
f 576/818/134 563/801/182 553/815/134 
f 574/814/193 563/801/182 577/822/196 
f 576/818/134 508/826/134 506/819/194 
f 566/804/185 562/799/181 571/811/190 
f 507/820/195 564/802/183 563/801/182 
f 567/805/186 569/809/188 557/792/177 
f 575/816/134 570/810/189 561/798/180 
f 574/814/193 577/822/196 572/812/191 
f 574/814/193 580/827/134 553/815/134 
f 581/828/200 566/804/185 573/813/192 
f 574/814/193 572/812/191 571/811/190 
f 572/812/191 578/824/198 573/813/192 
f 562/799/181 561/798/180 571/811/190 
f 554/817/134 574/814/193 570/810/189 
f 574/814/193 571/811/190 570/810/189 
f 562/799/181 556/795/134 582/829/134 
f 575/816/134 561/798/180 555/800/134 
f 556/795/134 562/799/181 559/794/179 
f 582/829/134 555/800/134 562/799/181 
f 566/804/185 581/828/200 567/805/186 
f 574/814/193 554/817/134 580/827/134 
f 579/825/199 578/824/198 577/822/196 
f 583/830/188 478/831/138 569/832/188 
f 584/833/200 583/830/188 581/834/200 
f 469/835/138 569/832/188 478/831/138 
f 581/834/200 583/830/188 569/832/188 
f 581/834/200 578/836/198 584/833/200 
f 565/837/184 502/838/197 585/839/184 
f 578/836/198 585/839/184 586/840/198 
f 585/839/184 578/836/198 565/837/184 
f 502/838/197 565/837/184 505/841/197 
f 584/833/200 578/836/198 586/840/198 
f 482/842/142 478/843/138 587/844/187 
f 583/845/188 588/846/201 587/844/187 
f 480/847/141 479/848/140 589/849/141 
f 588/846/201 482/842/142 587/844/187 
f 590/850/202 591/851/141 592/852/141 
f 593/853/203 588/846/201 583/845/188 
f 594/854/141 589/849/141 588/846/201 
f 588/846/201 589/849/141 479/848/140 
f 595/855/204 592/852/141 596/856/141 
f 479/848/140 482/842/142 588/846/201 
f 588/846/201 597/857/205 594/854/141 
f 598/858/183 502/859/197 501/860/206 
f 599/861/207 600/862/208 601/863/141 
f 598/858/183 590/850/202 585/864/184 
f 590/850/202 602/865/209 585/864/184 
f 603/866/192 599/861/207 604/867/210 
f 593/853/203 597/857/205 588/846/201 
f 590/850/202 598/858/183 501/860/206 
f 603/866/192 586/868/198 599/861/207 
f 590/850/202 501/860/206 503/869/211 
f 597/857/205 605/870/141 606/871/141 
f 592/852/141 595/855/204 590/850/202 
f 593/853/203 583/845/188 607/872/186 
f 503/869/211 500/873/141 591/851/141 
f 584/874/200 604/867/210 593/853/203 
f 597/857/205 593/853/203 604/867/210 
f 597/857/205 606/871/141 594/854/141 
f 602/865/209 590/850/202 595/855/204 
f 597/857/205 604/867/210 599/861/207 
f 503/869/211 591/851/141 590/850/202 
f 604/867/210 584/874/200 603/866/192 
f 608/875/141 600/862/208 595/855/204 
f 602/865/209 599/861/207 586/868/198 
f 602/865/209 595/855/204 600/862/208 
f 602/865/209 609/876/199 585/864/184 
f 601/863/141 605/870/141 599/861/207 
f 602/865/209 600/862/208 599/861/207 
f 600/862/208 608/875/141 601/863/141 
f 605/870/141 597/857/205 599/861/207 
f 584/874/200 593/853/203 607/872/186 
f 602/865/209 586/868/198 609/876/199 
f 608/875/141 595/855/204 596/856/141 
f 608/877/141 592/878/141 610/879/141 
f 610/879/141 592/878/141 611/880/141 
f 510/881/141 611/880/141 500/882/141 
f 592/878/141 500/882/141 611/880/141 
f 612/883/141 605/884/141 608/877/141 
f 480/705/141 594/885/141 613/886/141 
f 489/704/141 480/705/141 613/886/141 
f 608/877/141 610/879/141 612/883/141 
f 613/886/141 594/885/141 612/883/141 
f 594/885/141 605/884/141 612/883/141 
f 489/887/141 614/888/141 615/889/212 
f 615/889/212 616/890/213 617/891/214 
f 490/892/143 618/893/149 491/894/136 
f 619/895/215 620/896/216 621/897/217 
f 622/898/218 623/899/219 624/900/220 
f 625/901/221 626/902/147 624/900/220 
f 618/893/149 490/892/143 617/891/214 
f 623/899/219 627/903/222 625/901/221 
f 628/904/169 629/905/223 630/906/164 
f 493/907/144 615/889/212 490/892/143 
f 618/893/149 631/908/224 632/909/176 
f 512/910/225 619/895/215 510/911/141 
f 633/912/160 626/902/147 625/901/221 
f 623/899/219 634/913/141 612/914/141 
f 635/915/226 621/897/217 620/896/216 
f 631/908/224 622/898/218 624/900/220 
f 621/897/217 611/916/141 636/917/141 
f 621/897/217 635/915/226 611/916/141 
f 613/918/141 616/890/213 614/888/141 
f 619/895/215 511/919/227 620/896/216 
f 616/890/213 615/889/212 614/888/141 
f 629/905/223 620/896/216 637/920/152 
f 511/919/227 637/920/152 620/896/216 
f 627/903/222 638/921/161 625/901/221 
f 622/898/218 631/908/224 617/891/214 
f 617/891/214 616/890/213 622/898/218 
f 639/922/228 640/923/229 641/924/230 
f 636/917/141 619/895/215 621/897/217 
f 616/890/213 613/918/141 622/898/218 
f 610/925/141 641/924/230 642/926/231 
f 623/899/219 622/898/218 634/913/141 
f 643/927/232 623/899/219 612/914/141 
f 622/898/218 613/918/141 634/913/141 
f 490/892/143 615/889/212 617/891/214 
f 615/889/212 493/907/144 489/887/141 
f 636/917/141 510/911/141 619/895/215 
f 620/896/216 629/905/223 635/915/226 
f 641/924/230 635/915/226 639/922/228 
f 641/924/230 644/928/141 635/915/226 
f 628/904/169 640/923/229 639/922/228 
f 640/923/229 642/926/231 641/924/230 
f 645/929/175 640/923/229 628/904/169 
f 643/927/232 612/914/141 646/930/141 
f 640/923/229 645/929/175 638/921/161 
f 644/928/141 641/924/230 610/925/141 
f 644/928/141 611/916/141 635/915/226 
f 511/919/227 619/895/215 512/910/225 
f 643/927/232 642/926/231 627/903/222 
f 610/925/141 642/926/231 646/930/141 
f 642/926/231 643/927/232 646/930/141 
f 623/899/219 643/927/232 627/903/222 
f 631/908/224 618/893/149 617/891/214 
f 637/920/152 511/919/227 513/931/170 
f 630/906/164 629/905/223 637/920/152 
f 632/909/176 631/908/224 626/902/147 
f 626/902/147 631/908/224 624/900/220 
f 623/899/219 625/901/221 624/900/220 
f 640/923/229 638/921/161 627/903/222 
f 627/903/222 642/926/231 640/923/229 
f 633/912/160 625/901/221 638/921/161 
f 635/915/226 629/905/223 639/922/228 
f 629/905/223 628/904/169 639/922/228 
f 552/932/176 491/933/136 632/934/176 
f 534/935/160 632/934/176 633/936/160 
f 491/933/136 552/932/176 461/937/136 
f 552/932/176 632/934/176 534/935/160 
f 633/936/160 645/938/175 534/935/160 
f 538/939/164 645/938/175 630/940/164 
f 538/939/164 630/940/164 513/941/170 
f 645/938/175 538/939/164 551/942/175 
f 538/939/164 513/941/170 504/943/170 
f 645/938/175 551/942/175 534/935/160 
# 342 faces

#
# object _Sweep__1728_
#

v  16.4730 88.1758 9.0984
v  15.9230 88.4760 9.2018
v  15.8380 88.7762 9.3052
v  16.1555 88.2562 9.1261
v  15.8380 92.3786 10.5456
v  16.1555 92.8986 10.7246
v  15.9230 92.6788 10.6490
v  16.4730 92.9790 10.7523
v  21.5530 92.9790 10.7523
v  22.1880 88.7762 9.3052
v  21.8705 88.2562 9.1261
v  21.5530 88.1758 9.0984
v  22.1029 88.4760 9.2018
v  22.1880 92.3786 10.5456
v  22.1029 92.6788 10.6490
v  21.8705 92.8986 10.7246
v  22.1880 78.9259 49.6150
v  22.1880 80.3582 45.4552
v  21.5530 79.5294 49.8127
v  21.8705 78.0166 53.9450
v  22.1029 77.7965 53.8702
v  21.5530 91.5467 14.9120
v  22.1880 90.9463 14.7053
v  21.5530 78.0971 53.9724
v  21.5530 83.6778 37.7649
v  22.1880 81.7905 41.2955
v  22.1880 83.2228 37.1358
v  21.5530 85.5381 32.3624
v  22.1880 85.5118 30.4883
v  21.5530 89.2585 21.5573
v  22.1880 87.8007 23.8407
v  22.1880 89.5140 18.8650
v  21.5530 87.3983 26.9599
v  21.5530 81.8176 43.1674
v  22.1880 77.4936 53.7747
v  22.1880 73.8912 52.5343
v  22.1029 73.5883 52.4388
v  22.1880 75.3212 48.3813
v  22.1880 87.3439 13.4649
v  21.5530 82.4465 25.7373
v  22.1880 81.3325 30.9231
v  21.5530 80.1576 32.3849
v  21.8705 73.3682 52.3640
v  22.1880 85.0543 20.1142
v  21.5530 85.3111 17.4179
v  21.5530 73.2908 52.3275
v  21.5530 75.5797 45.6800
v  21.5530 86.7434 13.2582
v  22.1880 79.0430 37.5724
v  21.5530 77.8687 39.0324
v  22.1880 76.7535 44.2216
v  22.1880 83.1934 25.5186
v  21.5530 83.8788 21.5776
v  22.1880 77.8982 40.8970
v  16.4730 73.2908 52.3275
v  15.9230 73.5883 52.4388
v  15.8380 76.1801 45.8867
v  16.4730 74.7200 48.1769
v  15.8380 78.4691 39.2392
v  16.4730 76.1523 44.0171
v  15.8380 83.0469 25.9441
v  16.4730 80.7317 30.7175
v  15.8380 80.7580 32.5916
v  16.4730 78.4420 37.3673
v  15.8380 73.8912 52.5343
v  15.8380 85.9115 17.6246
v  15.8380 87.3439 13.4649
v  16.4730 86.7434 13.2582
v  16.4730 84.4537 19.9080
v  16.1555 73.3682 52.3640
v  16.4730 82.5927 25.3127
v  15.8380 84.4792 21.7843
v  16.4730 77.2971 40.6922
v  15.8380 77.4936 53.7747
v  15.8380 83.0769 37.5595
v  16.4730 82.3909 41.5023
v  16.4730 83.8232 37.3425
v  15.8380 78.9282 49.6082
v  15.9230 77.7965 53.8702
v  16.1555 78.0166 53.9450
v  15.8380 90.9463 14.7053
v  16.4730 91.5467 14.9120
v  16.4730 90.1144 19.0718
v  15.8380 81.2166 42.9623
v  16.4730 80.9586 45.6620
v  15.8380 84.9373 32.1568
v  16.4730 86.1122 30.6950
v  15.8380 88.6579 21.3512
v  16.4730 88.4011 24.0474
v  16.4730 79.5263 49.8217
v  15.8380 86.7976 26.7540
v  16.4730 78.0940 53.9814
v  21.5530 77.0721 56.4268
v  22.1129 68.1397 64.9138
v  22.0264 70.9971 63.3123
v  21.8916 68.8170 64.8289
v  22.1089 73.5332 60.9191
v  21.9491 74.8529 59.6770
v  21.8740 73.1042 61.6959
v  22.1193 77.0437 55.6806
v  21.9841 76.6416 56.8895
v  22.1360 76.1086 57.3993
v  21.5530 74.0801 60.8107
v  21.5530 75.7248 58.7203
v  22.0080 66.3419 65.8550
v  21.7678 66.4327 65.9861
v  21.9825 63.1143 66.7844
v  22.1333 74.9882 59.1057
v  21.7821 71.0971 63.4485
v  21.5530 72.1680 62.6598
v  22.1880 74.0076 59.7094
v  21.5530 70.0236 64.2335
v  21.5530 67.6862 65.5031
v  22.1880 68.8024 64.2234
v  22.1880 66.6637 65.1012
v  21.5530 62.6069 67.0428
v  21.5530 59.9580 67.2846
v  21.8683 59.9569 67.2008
v  22.1880 62.2375 66.3143
v  22.1416 63.5528 66.4616
v  22.1411 61.6854 66.7699
v  21.5530 65.1988 66.4453
v  22.1880 64.5249 65.9789
v  22.1880 59.9501 66.6496
v  22.1880 75.4857 57.9318
v  22.1018 59.9540 66.9690
v  22.1880 72.5295 61.4871
v  22.1880 76.4908 55.8498
v  22.1880 70.6660 62.8553
v  22.1880 63.5507 62.2953
v  22.1880 66.9603 60.8883
v  22.1880 59.9027 62.8396
v  22.1880 69.9304 58.7013
v  22.1880 72.2862 55.8631
v  22.0717 66.5973 60.6706
v  21.8526 66.5172 60.4938
v  22.0172 68.2586 59.5336
v  22.1880 73.0875 54.2021
v  22.1027 72.4724 54.9373
v  22.1880 65.2555 61.5918
v  22.0086 71.1065 56.7591
v  21.8525 72.1266 55.0535
v  21.5530 65.6026 60.8699
v  21.5530 67.3279 59.9276
v  21.8525 69.6916 58.1548
v  22.0716 69.8370 58.2835
v  21.5530 72.5305 54.1508
v  22.1880 61.7267 62.5675
v  22.1041 59.8987 62.5242
v  22.1880 68.4453 59.7948
v  21.7824 70.9887 56.6666
v  21.5530 71.5358 55.8465
v  22.1880 71.1083 57.2822
v  21.5530 70.3218 57.3928
v  22.0087 64.7650 61.4318
v  22.1026 62.6211 62.1961
v  21.8526 62.8336 61.9006
v  21.7887 68.1659 59.4078
v  21.8724 59.8958 62.2908
v  21.5530 61.8518 62.0189
v  21.5530 63.7661 61.5713
v  21.7825 64.7115 61.2917
v  21.5530 59.8948 62.2046
v  21.5530 68.9106 58.7614
v  16.4730 72.5305 54.1508
v  16.4730 70.3218 57.3928
v  16.4730 71.5358 55.8465
v  16.4730 68.9106 58.7614
v  16.4730 65.6026 60.8699
v  16.4730 67.3279 59.9276
v  16.4730 61.8518 62.0189
v  16.4730 63.7661 61.5713
v  16.4730 59.8948 62.2046
v  16.2434 64.7115 61.2917
v  16.1734 66.5172 60.4938
v  15.9543 69.8370 58.2835
v  15.8380 68.4453 59.7948
v  15.8380 69.9304 58.7013
v  16.1734 69.6916 58.1548
v  16.2435 70.9887 56.6666
v  16.0174 71.1065 56.7591
v  16.1734 72.1266 55.0535
v  16.1576 59.8958 62.2885
v  16.1734 62.8336 61.9006
v  15.9232 72.4724 54.9373
v  15.8380 65.2555 61.5918
v  16.0172 64.7650 61.4318
v  15.8380 63.5507 62.2953
v  15.8380 73.0875 54.2021
v  15.9543 66.5973 60.6706
v  15.9233 62.6211 62.1961
v  15.9241 59.8987 62.5202
v  16.2373 68.1659 59.4078
v  16.0088 68.2586 59.5336
v  15.8380 71.1083 57.2822
v  15.8380 61.7267 62.5675
v  15.8380 72.2862 55.8631
v  15.8380 66.9603 60.8883
v  15.8380 59.9027 62.8396
v  15.8380 68.8024 64.2234
v  15.8380 64.5249 65.9789
v  15.8380 59.9501 66.6496
v  15.8380 72.5295 61.4871
v  15.8380 75.4857 57.9318
v  15.9066 77.0437 55.6806
v  15.9996 70.9971 63.3123
v  15.9171 67.9463 65.0175
v  16.1524 68.8235 64.8378
v  16.0418 76.6416 56.8895
v  16.4730 77.0721 56.4268
v  15.8927 74.9882 59.1057
v  15.8900 76.1086 57.3993
v  15.9171 73.5332 60.9191
v  16.0768 74.8529 59.6770
v  15.8380 76.4908 55.8498
v  16.1519 73.1042 61.6959
v  16.4730 75.7248 58.7203
v  16.4730 74.0801 60.8107
v  16.4730 72.1680 62.6598
v  16.0787 66.3738 65.9017
v  15.8380 66.6637 65.1012
v  15.8931 65.7945 65.8568
v  15.9060 61.9125 66.7895
v  16.0406 63.1951 66.7663
v  15.8897 63.8378 66.4113
v  16.1535 59.9569 67.1984
v  15.8380 70.6660 62.8553
v  16.2439 71.0971 63.4485
v  16.4730 70.0236 64.2335
v  16.4730 62.6069 67.0428
v  16.4730 67.6862 65.5031
v  16.4730 65.1988 66.4453
v  16.4730 59.9580 67.2846
v  15.8380 74.0076 59.7094
v  15.9218 59.9540 66.9650
v  15.8380 62.2375 66.3143
v  21.5530 55.5586 67.2846
v  22.1880 55.5507 66.6496
v  21.5530 24.9074 67.2846
v  21.5530 21.0129 67.2846
v  22.1880 24.7548 66.6496
v  21.5530 52.1690 67.2846
v  22.1880 51.1513 66.6496
v  21.5530 13.2239 67.2846
v  22.1880 11.5178 66.6496
v  22.1880 18.1363 66.6496
v  21.5530 2.0453 67.2846
v  21.8705 -2.2690 67.1996
v  22.1029 -2.0366 66.9671
v  22.1880 4.8994 66.6496
v  21.5530 6.4447 67.2846
v  22.1880 -1.7191 66.6496
v  22.1880 37.9530 66.6496
v  21.5530 36.5909 67.2846
v  22.1880 33.5536 66.6496
v  21.5530 40.4854 67.2846
v  22.1880 8.2086 66.6496
v  21.5530 32.6964 67.2846
v  22.1880 29.1542 66.6496
v  21.5530 17.1184 67.2846
v  22.1880 42.3524 66.6496
v  21.5530 48.2745 67.2846
v  21.5530 44.3800 67.2846
v  22.1880 46.7518 66.6496
v  21.5530 -2.3541 67.2846
v  21.5530 28.8019 67.2846
v  22.1880 2.0909 62.8396
v  21.8705 2.6408 62.2897
v  21.5530 2.7259 62.2046
v  21.5530 7.1253 62.2046
v  21.5530 55.4953 62.2046
v  22.1880 19.6885 62.8396
v  21.5530 17.0181 62.2046
v  21.5530 20.5912 62.2046
v  22.1880 42.9403 62.8396
v  22.1880 37.2862 62.8396
v  21.5530 38.4564 62.2046
v  21.5530 24.1642 62.2046
v  22.1880 24.0879 62.8396
v  21.5530 42.0295 62.2046
v  21.5530 45.6025 62.2046
v  22.1029 2.4084 62.5221
v  22.1880 6.4903 62.8396
v  21.5530 13.4450 62.2046
v  22.1880 10.8897 62.8396
v  21.5530 9.8720 62.2046
v  22.1880 48.5944 62.8396
v  21.5530 49.1756 62.2046
v  22.1880 32.8867 62.8396
v  21.5530 31.3103 62.2046
v  21.5530 34.8834 62.2046
v  21.5530 52.7486 62.2046
v  22.1880 55.5032 62.8396
v  22.1880 15.2891 62.8396
v  22.1880 28.4873 62.8396
v  21.5530 27.7373 62.2046
v  16.4730 2.7259 62.2046
v  16.4730 45.6025 62.2046
v  15.8380 42.9403 62.8396
v  15.8380 48.5944 62.8396
v  15.8380 15.2891 62.8396
v  16.4730 17.0181 62.2046
v  16.4730 13.4450 62.2046
v  15.8380 28.4873 62.8396
v  15.8380 32.8867 62.8396
v  16.4730 31.3103 62.2046
v  15.8380 55.5032 62.8396
v  16.4730 55.4953 62.2046
v  16.4730 52.7486 62.2046
v  16.4730 20.5912 62.2046
v  15.8380 24.0879 62.8396
v  16.4730 24.1642 62.2046
v  16.4730 38.4564 62.2046
v  16.4730 34.8834 62.2046
v  15.8380 37.2862 62.8396
v  15.8380 6.4903 62.8396
v  15.8380 10.8897 62.8396
v  16.4730 9.8720 62.2046
v  16.4730 27.7373 62.2046
v  16.4730 7.1253 62.2046
v  15.9230 2.4084 62.5221
v  15.8380 2.0909 62.8396
v  16.4730 42.0295 62.2046
v  16.4730 49.1756 62.2046
v  16.1555 2.6408 62.2897
v  15.8380 19.6885 62.8396
v  15.8380 -1.7191 66.6496
v  15.8380 18.1363 66.6496
v  16.4730 13.2239 67.2846
v  16.4730 17.1184 67.2846
v  16.4730 28.8019 67.2846
v  15.8380 33.5536 66.6496
v  15.8380 29.1542 66.6496
v  15.8380 46.7518 66.6496
v  16.4730 46.7597 67.2846
v  15.8380 51.1513 66.6496
v  16.1555 -2.2690 67.1996
v  16.4730 2.0453 67.2846
v  15.9230 -2.0366 66.9671
v  16.4730 42.3603 67.2846
v  15.8380 37.9530 66.6496
v  16.4730 35.5811 67.2846
v  15.8380 11.5178 66.6496
v  16.4730 6.4447 67.2846
v  15.8380 42.3524 66.6496
v  15.8380 4.8994 66.6496
v  15.8380 24.7548 66.6496
v  16.4730 21.0129 67.2846
v  16.4730 24.9074 67.2846
v  16.4730 55.5586 67.2846
v  15.8380 55.5507 66.6496
v  16.4730 51.1592 67.2846
v  16.4730 -2.3541 67.2846
v  16.4730 -2.3541 18.8667
v  16.1555 -2.2690 18.8667
v  15.8380 -1.7191 18.8667
v  15.9230 -2.0366 18.8667
v  21.5530 -2.3541 18.8667
v  16.4730 2.7259 18.8667
v  21.8705 -2.2690 18.8667
v  22.1029 -2.0366 18.8667
v  22.1880 -1.7191 18.8667
v  21.5530 2.7259 18.8667
v  15.8380 2.0909 18.8667
v  15.9230 2.4084 18.8667
v  16.1555 2.6408 18.8667
v  22.1029 2.4084 18.8667
v  22.1880 2.0909 18.8667
v  21.8705 2.6408 18.8667
v  21.5530 -2.3541 62.8852
v  22.1880 -1.7191 62.2502
v  22.1880 -1.7191 23.2661
v  22.1880 -1.7191 27.6655
v  21.5530 -2.3541 30.9711
v  21.5530 -2.3541 27.1186
v  21.5530 -2.3541 37.0234
v  22.1880 -1.7191 32.0649
v  22.1880 -1.7191 36.4643
v  22.1880 -1.7191 47.7838
v  21.5530 -2.3541 43.0756
v  22.1880 -1.7191 44.0106
v  21.5530 -2.3541 59.0327
v  22.1880 -1.7191 59.1033
v  21.5530 -2.3541 23.2661
v  21.5530 -2.3541 49.1279
v  21.5530 -2.3541 55.1801
v  22.1880 -1.7191 51.5570
v  22.1880 -1.7191 55.3301
v  22.1880 -1.7191 40.2375
v  22.1880 2.0909 27.6655
v  21.5530 2.7259 29.7012
v  22.1880 2.0909 32.0543
v  21.5530 2.7259 23.2661
v  22.1880 2.0909 23.2661
v  22.1880 2.0909 49.6414
v  21.5530 2.7259 45.9529
v  21.5530 2.7259 51.3701
v  22.1880 2.0909 58.4402
v  22.1880 2.0909 54.0408
v  21.5530 2.7259 57.8052
v  21.5530 2.7259 35.1184
v  22.1880 2.0909 45.2420
v  22.1880 2.0909 38.6482
v  21.5530 2.7259 40.5356
v  16.4730 2.7259 23.2661
v  15.8380 2.0909 54.0408
v  16.4730 2.7259 57.8052
v  16.4730 2.7259 51.3701
v  16.4730 2.7259 29.7012
v  15.8380 2.0909 27.6655
v  15.8380 2.0909 32.0543
v  16.4730 2.7259 35.1184
v  15.8380 2.0909 38.6482
v  16.4730 2.7259 40.5356
v  15.8380 2.0909 58.4402
v  15.8380 2.0909 23.2661
v  16.4730 2.7259 45.9529
v  15.8380 2.0909 49.6414
v  15.8380 2.0909 45.2420
v  16.4730 -2.3541 23.2661
v  15.8380 -1.7191 23.2661
v  15.8380 -1.7191 48.7310
v  16.4730 -2.3541 45.8345
v  16.4730 -2.3541 49.6870
v  16.4730 -2.3541 62.8852
v  15.8380 -1.7191 60.6768
v  16.4730 -2.3541 58.4858
v  15.8380 -1.7191 42.7581
v  16.4730 -2.3541 38.1294
v  15.8380 -1.7191 35.2118
v  16.4730 -2.3541 34.2768
v  16.4730 -2.3541 26.5717
v  15.8380 -1.7191 38.9850
v  15.8380 -1.7191 54.7039
v  16.4730 -2.3541 41.9819
v  15.8380 -1.7191 31.4386
v  15.8380 -1.7191 27.6655
v  16.4730 -2.3541 30.4243
v  16.4730 -2.3541 54.0864
# 439 vertices

vn 0.0000 0.3256 -0.9455
vn 1.0000 0.0000 0.0000
vn -0.0000 0.9455 0.3256
vn 0.5000 0.8188 0.2820
vn 0.8660 0.4728 0.1628
vn 0.8660 -0.4728 -0.1628
vn -0.0000 -0.9455 -0.3256
vn 0.5000 -0.8188 -0.2820
vn -0.8660 -0.4728 -0.1628
vn -1.0000 -0.0000 -0.0000
vn -0.5000 -0.8188 -0.2820
vn -0.8660 0.4728 0.1628
vn -0.5000 0.8188 0.2820
vn 0.0000 0.9467 0.3220
vn 0.0000 0.8946 0.4470
vn 0.5000 0.8199 0.2789
vn 0.8819 0.2110 0.4217
vn 0.7455 0.3943 0.5373
vn 0.5332 0.4032 0.7437
vn 0.8754 0.3512 0.3321
vn 0.6239 0.6152 0.4820
vn 0.5056 0.6002 0.6198
vn 0.8919 0.4112 0.1883
vn 0.6790 0.6462 0.3484
vn 0.9181 0.3418 0.2007
vn -0.0000 0.7422 0.6701
vn 0.0000 0.8260 0.5637
vn 0.7166 0.2453 0.6529
vn 0.3384 0.3327 0.8802
vn 0.6765 0.1366 0.7237
vn 0.9139 0.3264 0.2415
vn 0.3607 0.5518 0.7519
vn -0.0000 0.6449 0.7643
vn -0.0000 0.5357 0.8444
vn 0.0000 0.4167 0.9090
vn 0.0000 0.1581 0.9874
vn 0.0000 0.0233 0.9997
vn 0.4967 0.0202 0.8677
vn 0.9270 0.0789 0.3666
vn 0.9262 0.0428 0.3745
vn 0.0000 0.2901 0.9570
vn 0.8643 0.0118 0.5029
vn 0.8660 0.4734 0.1610
vn 0.8168 -0.2760 -0.5065
vn 0.4718 -0.4226 -0.7738
vn 0.7311 -0.4047 -0.5493
vn 0.8660 -0.4734 -0.1610
vn 0.8657 -0.4363 -0.2452
vn 0.7175 -0.5479 -0.4302
vn 0.4717 -0.7606 -0.4461
vn -0.0000 -0.4190 -0.9080
vn -0.0000 -0.5375 -0.8433
vn 0.4717 -0.6139 -0.6330
vn 0.8168 -0.4021 -0.4138
vn -0.0000 -0.8947 -0.4466
vn 0.5000 -0.8199 -0.2789
vn 0.8680 -0.0133 -0.4964
vn -0.0000 -0.9467 -0.3220
vn 0.3613 -0.7334 -0.5758
vn -0.0000 -0.8264 -0.5630
vn -0.0000 -0.7431 -0.6692
vn 0.7178 -0.2484 -0.6505
vn 0.8656 -0.1050 -0.4897
vn 0.4718 -0.2008 -0.8585
vn 0.3712 -0.5508 -0.7476
vn 0.5030 -0.0233 -0.8639
vn -0.0000 -0.1614 -0.9869
vn -0.0000 -0.2929 -0.9561
vn 0.3615 -0.3326 -0.8710
vn -0.0000 -0.0271 -0.9996
vn -0.0000 -0.6462 -0.7632
vn -0.5000 -0.8199 -0.2789
vn -0.3615 -0.3326 -0.8710
vn -0.4718 -0.4226 -0.7738
vn -0.8168 -0.4021 -0.4138
vn -0.4717 -0.6139 -0.6330
vn -0.3613 -0.7334 -0.5758
vn -0.7175 -0.5479 -0.4302
vn -0.4717 -0.7606 -0.4461
vn -0.4967 -0.0234 -0.8676
vn -0.4718 -0.2008 -0.8585
vn -0.8657 -0.4363 -0.2452
vn -0.7178 -0.2484 -0.6505
vn -0.8660 -0.4734 -0.1610
vn -0.8168 -0.2760 -0.5065
vn -0.8656 -0.1050 -0.4897
vn -0.8643 -0.0135 -0.5028
vn -0.3712 -0.5508 -0.7476
vn -0.7311 -0.4047 -0.5493
vn -0.8660 0.4734 0.1610
vn -0.8919 0.4112 0.1883
vn -0.5000 0.8199 0.2789
vn -0.7455 0.3943 0.5373
vn -0.8755 0.2113 0.4346
vn -0.5049 0.4115 0.7588
vn -0.6790 0.6462 0.3484
vn -0.9139 0.3264 0.2415
vn -0.9181 0.3418 0.2007
vn -0.8754 0.3512 0.3321
vn -0.6239 0.6152 0.4820
vn -0.5056 0.6002 0.6198
vn -0.6209 0.2762 0.7336
vn -0.9131 0.1332 0.3853
vn -0.8929 0.0563 0.4467
vn -0.6809 0.1389 0.7191
vn -0.9185 0.0890 0.3853
vn -0.5030 0.0202 0.8640
vn -0.3607 0.5518 0.7519
vn -0.8680 0.0116 0.4965
vn -0.0000 -0.9999 0.0124
vn 0.0000 0.9999 -0.0124
vn 0.5000 -0.0000 0.8660
vn 0.0000 -0.0000 1.0000
vn 0.8660 -0.0000 0.5000
vn 0.5000 -0.0000 -0.8660
vn -0.0000 0.0000 -1.0000
vn 0.8660 -0.0000 -0.5000
vn -0.8660 0.0000 -0.5000
vn -0.5000 0.0000 -0.8660
vn -0.5000 0.0000 0.8660
vn -0.8660 0.0000 0.5000
vn 0.0000 -1.0000 -0.0000
vn 0.8660 -0.5000 -0.0000
vn 0.5000 -0.8660 -0.0000
vn 0.0000 1.0000 0.0000
vn 0.8660 0.5000 0.0000
vn 0.5000 0.8660 0.0000
vn -0.5000 0.8660 0.0000
vn -0.8660 0.5000 0.0000
vn -0.8660 -0.5000 -0.0000
vn -0.5000 -0.8660 -0.0000
# 131 vertex normals

vt 0.0833 3.9929 0.0000
vt 0.1014 4.0034 0.0000
vt 0.1042 4.0138 0.0000
vt 0.0938 3.9957 0.0000
vt 0.1042 4.1388 0.0000
vt 0.0938 4.1568 0.0000
vt 0.1014 4.1492 0.0000
vt 0.0833 4.1596 0.0000
vt -0.0833 4.1596 0.0000
vt -0.1042 4.0138 0.0000
vt -0.0938 3.9957 0.0000
vt -0.0833 3.9929 0.0000
vt -0.1014 4.0034 0.0000
vt -0.1042 4.1388 0.0000
vt -0.1014 4.1492 0.0000
vt -0.0938 4.1568 0.0000
vt -0.2381 -1.4060 0.0000
vt -0.2656 -1.5477 0.0000
vt -0.2061 -1.4126 0.0000
vt -0.1893 -1.2688 0.0000
vt -0.2000 -1.2667 0.0000
vt -0.4744 -2.7411 0.0000
vt -0.4363 -2.6015 0.0000
vt -0.4684 -2.5953 0.0000
vt -0.1786 -1.2709 0.0000
vt -0.2855 -1.8230 0.0000
vt -0.2930 -1.6894 0.0000
vt -0.3204 -1.8312 0.0000
vt -0.3212 -2.0070 0.0000
vt -0.3643 -2.0576 0.0000
vt -0.3924 -2.3751 0.0000
vt -0.4081 -2.2841 0.0000
vt -0.4409 -2.4536 0.0000
vt -0.3568 -2.1911 0.0000
vt -0.2499 -1.6389 0.0000
vt -0.4851 -2.7391 0.0000
vt -0.4637 -2.7432 0.0000
vt -0.2107 -1.2643 0.0000
vt -0.4958 -2.7370 0.0000
vt 2.9126 -1.9387 0.0000
vt 3.0308 -1.8980 0.0000
vt 2.5425 -0.4799 0.0000
vt 2.4243 -0.5204 0.0000
vt -0.1975 -1.2662 0.0000
vt -0.2082 -1.2642 0.0000
vt -0.2234 -1.4082 0.0000
vt -0.4781 -2.7400 0.0000
vt -0.4673 -2.7420 0.0000
vt -0.4414 -2.6000 0.0000
vt -0.3957 -2.1682 0.0000
vt -0.3324 -2.0041 0.0000
vt -0.3542 -1.9413 0.0000
vt -0.2189 -1.2622 0.0000
vt -0.3999 -2.3730 0.0000
vt -0.4476 -2.4521 0.0000
vt -0.2297 -1.2606 0.0000
vt -0.2712 -1.4875 0.0000
vt -0.4736 -2.5941 0.0000
vt -0.2909 -1.7771 0.0000
vt -0.3127 -1.7144 0.0000
vt -0.2494 -1.5502 0.0000
vt -0.3661 -2.1886 0.0000
vt -0.4216 -2.3102 0.0000
vt -0.4888 -2.7381 0.0000
vt -0.4995 -2.7361 0.0000
vt -0.2701 -1.6637 0.0000
vt 0.0833 3.4325 0.0000
vt -0.0833 3.4325 0.0000
vt 0.0833 1.9325 0.0000
vt -0.0833 1.9321 0.0000
vt 0.2082 -1.2642 0.0000
vt 0.2390 -1.4934 0.0000
vt 0.2556 -1.4022 0.0000
vt 0.2805 -1.7203 0.0000
vt 0.2816 -1.5442 0.0000
vt 0.3635 -2.1741 0.0000
vt 0.3646 -1.9982 0.0000
vt 0.3220 -1.9472 0.0000
vt 0.3231 -1.7712 0.0000
vt 0.1975 -1.2665 0.0000
vt 0.4154 -2.4580 0.0000
vt 0.4414 -2.6000 0.0000
vt 0.4736 -2.5941 0.0000
vt 0.4888 -2.7381 0.0000
vt 0.4320 -2.3671 0.0000
vt 0.2189 -1.2622 0.0000
vt 0.3983 -2.1827 0.0000
vt 0.3894 -2.3160 0.0000
vt 0.4781 -2.7400 0.0000
vt 0.4995 -2.7361 0.0000
vt 0.2296 -1.2603 0.0000
vt 0.4673 -2.7420 0.0000
vt 0.3023 -1.6577 0.0000
vt -3.0308 -1.8980 0.0000
vt -2.9126 -1.9387 0.0000
vt -2.5424 -0.4797 0.0000
vt -2.4242 -0.5202 0.0000
vt 0.3176 -1.8167 0.0000
vt 0.2609 -1.6957 0.0000
vt 0.2883 -1.8374 0.0000
vt 0.2382 -1.4063 0.0000
vt 0.2000 -1.2667 0.0000
vt 0.1893 -1.2688 0.0000
vt 0.4851 -2.7391 0.0000
vt 0.4684 -2.5953 0.0000
vt 0.4363 -2.6015 0.0000
vt 0.4088 -2.4598 0.0000
vt 0.2820 -1.6327 0.0000
vt 0.2334 -1.5540 0.0000
vt 0.3533 -2.0008 0.0000
vt 0.3322 -2.0638 0.0000
vt 0.4245 -2.3689 0.0000
vt 0.3760 -2.2903 0.0000
vt 0.2060 -1.4123 0.0000
vt 0.3889 -2.1848 0.0000
vt 0.4958 -2.7370 0.0000
vt 0.2107 -1.2646 0.0000
vt 0.4744 -2.7411 0.0000
vt 0.1786 -1.2705 0.0000
vt 0.4637 -2.7432 0.0000
vt -0.0833 1.9328 0.0000
vt 2.4809 -0.3557 0.0000
vt 2.4041 -0.3158 0.0000
vt 2.4758 -0.3653 0.0000
vt 2.0291 -0.1466 0.0000
vt 2.1273 -0.1919 0.0000
vt 2.0527 -0.1467 0.0000
vt 2.2272 -0.2490 0.0000
vt 2.2836 -0.2691 0.0000
vt 2.2074 -0.2262 0.0000
vt 2.4127 -0.3462 0.0000
vt 2.3793 -0.3205 0.0000
vt 2.3546 -0.3175 0.0000
vt 2.2505 -0.2361 0.0000
vt 2.3273 -0.2760 0.0000
vt 1.9726 -0.1107 0.0000
vt 1.9781 -0.1028 0.0000
vt 1.8752 -0.0588 0.0000
vt 2.2946 -0.2861 0.0000
vt 2.1318 -0.1832 0.0000
vt 2.1737 -0.1963 0.0000
vt 2.2585 -0.2772 0.0000
vt 2.0969 -0.1564 0.0000
vt 2.0202 -0.1166 0.0000
vt 2.0513 -0.1696 0.0000
vt 1.9822 -0.1338 0.0000
vt 1.8666 -0.0369 0.0000
vt 1.7898 0.0030 0.0000
vt 1.7848 -0.0067 0.0000
vt 1.8440 -0.0621 0.0000
vt 1.8854 -0.0745 0.0000
vt 1.8297 -0.0456 0.0000
vt 1.9434 -0.0767 0.0000
vt 1.9131 -0.0979 0.0000
vt 1.7749 -0.0262 0.0000
vt 2.3276 -0.3130 0.0000
vt 1.7799 -0.0164 0.0000
vt 2.1894 -0.2413 0.0000
vt 2.4708 -0.3750 0.0000
vt 2.4658 -0.3847 0.0000
vt 2.3967 -0.3489 0.0000
vt 2.1204 -0.2055 0.0000
vt 2.2573 -0.1369 0.0000
vt 2.0850 -0.2002 0.0000
vt 2.1969 -0.2463 0.0000
vt 2.1170 -0.0793 0.0000
vt 1.9653 -0.1823 0.0000
vt 1.9669 -0.0573 0.0000
vt 2.2943 -0.3181 0.0000
vt 2.3796 -0.2267 0.0000
vt 2.3716 -0.4112 0.0000
vt 2.4242 -0.5202 0.0000
vt 2.4766 -0.3433 0.0000
vt 2.0847 -0.1317 0.0000
vt 2.0806 -0.1405 0.0000
vt 2.1418 -0.1647 0.0000
vt 2.4049 -0.2963 0.0000
vt 2.3577 -0.2595 0.0000
vt 2.3258 -0.2552 0.0000
vt 2.0967 -0.1235 0.0000
vt 2.0444 -0.0963 0.0000
vt 2.2575 -0.2254 0.0000
vt 2.3126 -0.2613 0.0000
vt 2.0469 -0.1345 0.0000
vt 2.1049 -0.1647 0.0000
vt 2.1966 -0.2009 0.0000
vt 2.2015 -0.1926 0.0000
vt 2.3368 -0.2855 0.0000
vt 2.3998 -0.3060 0.0000
vt 1.9400 -0.0420 0.0000
vt 1.8878 -0.0148 0.0000
vt 1.8829 -0.0245 0.0000
vt 2.3948 -0.3157 0.0000
vt 2.1489 -0.1507 0.0000
vt 2.2534 -0.2334 0.0000
vt 2.2788 -0.2553 0.0000
vt 2.2533 -0.2051 0.0000
vt 2.2209 -0.2251 0.0000
vt 2.0256 -0.1046 0.0000
vt 1.9621 -0.0658 0.0000
vt 1.9922 -0.0692 0.0000
vt 1.9647 -0.0802 0.0000
vt 2.1375 -0.1728 0.0000
vt 1.8780 -0.0342 0.0000
vt 1.9309 -0.0741 0.0000
vt 1.9889 -0.1043 0.0000
vt 2.0215 -0.1126 0.0000
vt 1.8730 -0.0440 0.0000
vt 2.1629 -0.1949 0.0000
vt 2.3055 -0.2323 0.0000
vt 2.2011 -0.1779 0.0000
vt 2.4099 -0.2866 0.0000
vt 0.0833 1.1983 0.0000
vt 0.0833 1.2628 0.0000
vt -0.0833 1.1983 0.0000
vt 0.0833 1.0692 0.0000
vt 0.0833 1.1337 0.0000
vt -0.0833 1.0692 0.0000
vt -0.0833 1.1337 0.0000
vt -0.0833 1.0047 0.0000
vt 0.0833 1.0047 0.0000
vt -0.0833 1.2628 0.0000
vt -0.0833 0.9401 0.0000
vt 0.0833 0.8756 0.0000
vt 0.0833 0.9401 0.0000
vt 0.0833 0.7465 0.0000
vt 0.0833 0.8110 0.0000
vt -0.0833 0.7465 0.0000
vt 0.0833 0.6819 0.0000
vt -0.0833 0.8756 0.0000
vt -0.0833 0.8110 0.0000
vt -0.0833 0.6819 0.0000
vt -2.3948 -0.3157 0.0000
vt -2.3368 -0.2855 0.0000
vt -2.3998 -0.3060 0.0000
vt -2.0469 -0.1345 0.0000
vt -2.0215 -0.1126 0.0000
vt -2.0806 -0.1405 0.0000
vt -2.2015 -0.1926 0.0000
vt -2.1489 -0.1507 0.0000
vt -2.2011 -0.1779 0.0000
vt -2.1966 -0.2009 0.0000
vt -2.2209 -0.2251 0.0000
vt -2.1629 -0.1949 0.0000
vt -2.2534 -0.2334 0.0000
vt -2.2575 -0.2254 0.0000
vt -2.2788 -0.2553 0.0000
vt -2.3126 -0.2613 0.0000
vt -1.9309 -0.0741 0.0000
vt -1.8779 -0.0343 0.0000
vt -1.9647 -0.0802 0.0000
vt -2.3258 -0.2552 0.0000
vt -2.0444 -0.0963 0.0000
vt -2.0256 -0.1046 0.0000
vt -1.9922 -0.0692 0.0000
vt -2.3577 -0.2595 0.0000
vt -2.4049 -0.2963 0.0000
vt -2.0847 -0.1317 0.0000
vt -1.9621 -0.0658 0.0000
vt -1.8829 -0.0246 0.0000
vt -2.1049 -0.1647 0.0000
vt -2.1375 -0.1728 0.0000
vt -2.1418 -0.1647 0.0000
vt -1.9889 -0.1043 0.0000
vt -2.2533 -0.2051 0.0000
vt -1.8730 -0.0440 0.0000
vt -2.4099 -0.2866 0.0000
vt -1.9400 -0.0420 0.0000
vt -2.3055 -0.2323 0.0000
vt -2.0967 -0.1235 0.0000
vt -1.8878 -0.0148 0.0000
vt -2.1969 -0.2463 0.0000
vt -2.0850 -0.2002 0.0000
vt -2.2573 -0.1369 0.0000
vt -2.1170 -0.0793 0.0000
vt -1.9669 -0.0573 0.0000
vt -1.9653 -0.1823 0.0000
vt -2.3796 -0.2267 0.0000
vt -2.2943 -0.3181 0.0000
vt -2.5425 -0.4799 0.0000
vt -2.3716 -0.4112 0.0000
vt -2.4766 -0.3433 0.0000
vt -2.4708 -0.3750 0.0000
vt -2.4127 -0.3462 0.0000
vt -2.4758 -0.3653 0.0000
vt -2.1273 -0.1919 0.0000
vt -2.0228 -0.1430 0.0000
vt -2.0531 -0.1461 0.0000
vt -2.3793 -0.3205 0.0000
vt -2.4041 -0.3158 0.0000
vt -2.2946 -0.2861 0.0000
vt -2.3546 -0.3175 0.0000
vt -2.3276 -0.3130 0.0000
vt -2.2272 -0.2490 0.0000
vt -2.2836 -0.2691 0.0000
vt -2.4658 -0.3847 0.0000
vt -2.3967 -0.3489 0.0000
vt -2.2074 -0.2262 0.0000
vt -2.4809 -0.3557 0.0000
vt -2.3273 -0.2760 0.0000
vt -2.0513 -0.1696 0.0000
vt -2.2505 -0.2361 0.0000
vt -2.1737 -0.1963 0.0000
vt -1.9742 -0.1085 0.0000
vt -1.9822 -0.1338 0.0000
vt -1.9131 -0.0979 0.0000
vt -1.9541 -0.1093 0.0000
vt -1.8370 -0.0475 0.0000
vt -1.8776 -0.0602 0.0000
vt -1.8941 -0.0785 0.0000
vt -1.7848 -0.0068 0.0000
vt -2.1894 -0.2413 0.0000
vt -2.1204 -0.2055 0.0000
vt -2.1318 -0.1832 0.0000
vt -2.0969 -0.1564 0.0000
vt -1.8666 -0.0369 0.0000
vt -2.0202 -0.1166 0.0000
vt -1.9434 -0.0767 0.0000
vt -1.7898 0.0030 0.0000
vt -2.2585 -0.2772 0.0000
vt -1.7798 -0.0165 0.0000
vt -1.7749 -0.0262 0.0000
vt -1.8440 -0.0621 0.0000
vt 0.0833 1.6160 0.0000
vt -0.0833 1.7034 0.0000
vt -0.0833 1.6160 0.0000
vt 0.0833 1.4414 0.0000
vt -0.0833 1.5287 0.0000
vt -0.0833 1.4414 0.0000
vt 0.0833 1.5287 0.0000
vt -0.0833 1.3540 0.0000
vt 0.0833 1.3540 0.0000
vt 0.0833 1.7034 0.0000
vt 0.0833 1.2667 0.0000
vt -0.0833 1.2667 0.0000
vt -0.0833 1.1794 0.0000
vt 0.0833 1.0920 0.0000
vt -0.0833 1.0920 0.0000
vt -0.0833 0.9174 0.0000
vt 0.0833 1.1794 0.0000
vt 0.0833 0.9174 0.0000
vt -0.0833 0.0129 0.0000
vt -0.0938 0.0101 0.0000
vt -0.1014 0.0024 0.0000
vt -0.1042 -0.0079 0.0000
vt 0.0833 0.0129 0.0000
vt -0.0833 -0.1538 0.0000
vt 0.0937 0.0101 0.0000
vt 0.1013 0.0025 0.0000
vt 0.1042 -0.0079 0.0000
vt 0.1042 -0.1330 0.0000
vt -0.1042 -0.1330 0.0000
vt -0.1013 -0.1434 0.0000
vt -0.0937 -0.1510 0.0000
vt 0.0833 -0.1538 0.0000
vt 0.1014 -0.1433 0.0000
vt 0.0938 -0.1510 0.0000
vt 0.1014 0.0025 0.0000
vt 0.0938 0.0101 0.0000
vt -0.1014 0.0025 0.0000
vt 0.1014 -0.1434 0.0000
vt -0.1014 -0.1434 0.0000
vt -0.0938 -0.1510 0.0000
vt -1.9671 0.0311 0.0000
vt -1.8228 0.0202 0.0000
vt -1.9670 0.0420 0.0000
vt -1.8225 0.0529 0.0000
vt -1.9669 0.0529 0.0000
vt -0.8172 0.0202 0.0000
vt -0.6894 0.0202 0.0000
vt -0.8122 0.0529 0.0000
vt -1.7116 0.0202 0.0000
vt -1.6782 0.0529 0.0000
vt -0.4339 0.0202 0.0000
vt -0.3779 0.0529 0.0000
vt -0.5950 0.0529 0.0000
vt -0.0671 0.0202 0.0000
vt 0.0744 0.0311 0.0000
vt 0.0668 0.0420 0.0000
vt -0.1607 0.0529 0.0000
vt -0.2114 0.0202 0.0000
vt 0.0564 0.0529 0.0000
vt -1.2452 0.0529 0.0000
vt -1.2005 0.0202 0.0000
vt -1.1008 0.0529 0.0000
vt -1.3283 0.0202 0.0000
vt -0.2693 0.0529 0.0000
vt -1.0727 0.0202 0.0000
vt -0.9565 0.0529 0.0000
vt -0.5616 0.0202 0.0000
vt -1.3895 0.0529 0.0000
vt -1.5838 0.0202 0.0000
vt -1.4560 0.0202 0.0000
vt -1.5339 0.0529 0.0000
vt -1.9671 0.0202 0.0000
vt 0.0772 0.0202 0.0000
vt -0.9449 0.0202 0.0000
vt 0.0686 -0.1823 0.0000
vt -0.0564 -0.0573 0.0000
vt -0.0866 0.0635 0.0000
vt -0.0894 0.0744 0.0000
vt -0.2338 0.0744 0.0000
vt -1.9651 0.0744 0.0000
vt -1.9651 0.0635 0.0000
vt -1.8207 0.0744 0.0000
vt -0.6459 0.0417 0.0000
vt -0.5583 0.0744 0.0000
vt -0.6756 0.0744 0.0000
vt -1.4088 0.0417 0.0000
vt -1.2233 0.0417 0.0000
vt -1.2617 0.0744 0.0000
vt -0.7928 0.0744 0.0000
vt -0.7903 0.0417 0.0000
vt -1.3789 0.0744 0.0000
vt -1.4961 0.0744 0.0000
vt -0.0790 0.0526 0.0000
vt -0.2129 0.0417 0.0000
vt -0.4411 0.0744 0.0000
vt -0.3573 0.0417 0.0000
vt -0.3239 0.0744 0.0000
vt -1.5943 0.0417 0.0000
vt -1.6134 0.0744 0.0000
vt -1.0790 0.0417 0.0000
vt -1.0272 0.0744 0.0000
vt -1.1445 0.0744 0.0000
vt -1.7306 0.0744 0.0000
vt -0.0686 0.0417 0.0000
vt -1.8210 0.0417 0.0000
vt -0.5016 0.0417 0.0000
vt -1.9652 0.0526 0.0000
vt -1.9653 0.0417 0.0000
vt -0.9346 0.0417 0.0000
vt -0.9100 0.0744 0.0000
vt 0.0833 3.9651 0.0000
vt -0.0833 3.9651 0.0000
vt 0.0833 2.0894 0.0000
vt -0.0833 2.0894 0.0000
vt 1.4961 0.0744 0.0000
vt 1.4088 0.0417 0.0000
vt 1.5943 0.0417 0.0000
vt 0.5016 0.0417 0.0000
vt 0.5583 0.0744 0.0000
vt 0.4411 0.0744 0.0000
vt 0.9346 0.0417 0.0000
vt 1.0790 0.0417 0.0000
vt 1.0272 0.0744 0.0000
vt 1.8210 0.0417 0.0000
vt 1.8207 0.0744 0.0000
vt 1.7306 0.0744 0.0000
vt 1.9652 0.0526 0.0000
vt 1.9651 0.0635 0.0000
vt 0.6756 0.0744 0.0000
vt 0.7903 0.0417 0.0000
vt 0.7928 0.0744 0.0000
vt 1.2617 0.0744 0.0000
vt 1.1445 0.0744 0.0000
vt 1.2233 0.0417 0.0000
vt 0.2129 0.0417 0.0000
vt 0.3573 0.0417 0.0000
vt 0.3239 0.0744 0.0000
vt 0.9100 0.0744 0.0000
vt 0.2338 0.0744 0.0000
vt 0.0790 0.0526 0.0000
vt 0.0686 0.0417 0.0000
vt 1.3789 0.0744 0.0000
vt 1.9651 0.0744 0.0000
vt 1.6134 0.0744 0.0000
vt 0.0866 0.0635 0.0000
vt 1.9653 0.0417 0.0000
vt 0.0894 0.0744 0.0000
vt 0.6459 0.0417 0.0000
vt -0.0686 -0.1823 0.0000
vt 0.0564 -0.0573 0.0000
vt 0.5950 0.0529 0.0000
vt 0.4339 0.0202 0.0000
vt 0.5616 0.0202 0.0000
vt 0.9449 0.0202 0.0000
vt 1.1008 0.0529 0.0000
vt 0.9565 0.0529 0.0000
vt 1.5339 0.0529 0.0000
vt 1.5341 0.0202 0.0000
vt 1.6782 0.0529 0.0000
vt -0.0744 0.0311 0.0000
vt 0.0671 0.0202 0.0000
vt -0.0668 0.0420 0.0000
vt 1.3898 0.0202 0.0000
vt 1.2452 0.0529 0.0000
vt 1.1674 0.0202 0.0000
vt 0.3779 0.0529 0.0000
vt 0.2114 0.0202 0.0000
vt 1.3895 0.0529 0.0000
vt 0.1607 0.0529 0.0000
vt 0.8122 0.0529 0.0000
vt 0.6894 0.0202 0.0000
vt 0.8172 0.0202 0.0000
vt 1.9671 0.0202 0.0000
vt 1.9671 0.0311 0.0000
vt 1.8228 0.0202 0.0000
vt 1.9670 0.0420 0.0000
vt 1.9669 0.0529 0.0000
vt 1.8225 0.0529 0.0000
vt 1.6784 0.0202 0.0000
vt -0.0564 0.0529 0.0000
vt -0.0772 0.0202 0.0000
vt 0.0833 3.9671 0.0000
vt -0.0833 3.9671 0.0000
vt -0.0833 1.9228 0.0000
vt 0.0833 1.9228 0.0000
vt 0.0938 1.9256 0.0000
vt 0.1042 1.9436 0.0000
vt 0.1014 1.9332 0.0000
vt -0.0938 1.9256 0.0000
vt -0.1014 1.9332 0.0000
vt -0.1042 1.9436 0.0000
vt 0.1042 2.0686 0.0000
vt 0.1014 2.0790 0.0000
vt 0.0938 2.0866 0.0000
vt -0.1014 2.0790 0.0000
vt -0.1042 2.0686 0.0000
vt -0.0938 2.0866 0.0000
vt 0.0451 -0.1808 0.0000
vt 0.0669 -0.0469 0.0000
vt 0.0560 -0.0393 0.0000
vt 0.0778 -0.2017 0.0000
vt 0.0778 -0.0573 0.0000
vt 0.0560 -1.6250 0.0000
vt 0.0669 -1.6250 0.0000
vt 0.0778 -1.4807 0.0000
vt 0.0778 -1.3363 0.0000
vt 0.0451 -1.2279 0.0000
vt 0.0451 -1.3543 0.0000
vt 0.0451 -1.0293 0.0000
vt 0.0778 -1.1920 0.0000
vt 0.0778 -1.0476 0.0000
vt 0.0778 -0.6763 0.0000
vt 0.0451 -0.8307 0.0000
vt 0.0778 -0.8001 0.0000
vt 0.0451 -0.3072 0.0000
vt 0.0778 -0.3049 0.0000
vt 0.0451 -1.4807 0.0000
vt 0.0451 -1.6250 0.0000
vt 0.0451 -0.6322 0.0000
vt 0.0451 -0.4336 0.0000
vt 0.0778 -0.5525 0.0000
vt 0.0778 -0.4287 0.0000
vt 0.0778 -0.9239 0.0000
vt 0.0451 -0.0365 0.0000
vt 0.0778 -1.6250 0.0000
vt -0.0564 -1.6250 0.0000
vt 0.0686 -1.6250 0.0000
vt -0.0798 -1.3363 0.0000
vt -0.0471 -1.2695 0.0000
vt -0.0798 -1.1923 0.0000
vt -0.0471 -1.4807 0.0000
vt -0.0798 -1.4807 0.0000
vt -0.0798 -0.6153 0.0000
vt -0.0471 -0.7363 0.0000
vt -0.0471 -0.5586 0.0000
vt -0.0798 -0.3267 0.0000
vt -0.0798 -0.4710 0.0000
vt -0.0471 -0.3475 0.0000
vt -0.0471 -1.0918 0.0000
vt -0.0689 -0.1927 0.0000
vt -0.0580 -0.2004 0.0000
vt -0.0471 -0.2032 0.0000
vt -0.0798 -0.7597 0.0000
vt -0.0689 -1.6250 0.0000
vt -0.0580 -1.6250 0.0000
vt -0.0798 -0.9760 0.0000
vt -0.0471 -0.9141 0.0000
vt -0.0471 -1.6250 0.0000
vt -0.0798 -1.6250 0.0000
vt -0.0798 -0.1823 0.0000
vt 0.0833 -0.2032 0.0000
vt -0.0833 -0.2032 0.0000
vt 0.0833 -1.6250 0.0000
vt -0.0833 -1.6250 0.0000
vt 0.0580 -1.6250 0.0000
vt 0.0689 -1.6250 0.0000
vt 0.0471 -1.4807 0.0000
vt 0.0798 -0.4710 0.0000
vt 0.0471 -0.3475 0.0000
vt 0.0471 -0.5586 0.0000
vt 0.0471 -1.2695 0.0000
vt 0.0798 -1.3363 0.0000
vt 0.0798 -1.1923 0.0000
vt 0.0471 -1.0918 0.0000
vt 0.0798 -0.9760 0.0000
vt 0.0471 -0.9141 0.0000
vt 0.0580 -0.2004 0.0000
vt 0.0471 -0.2032 0.0000
vt 0.0798 -0.3267 0.0000
vt 0.0689 -0.1927 0.0000
vt 0.0798 -1.4807 0.0000
vt 0.0471 -0.7363 0.0000
vt 0.0798 -0.6153 0.0000
vt 0.0798 -0.7597 0.0000
vt 0.0471 -1.6250 0.0000
vt 0.0798 -1.6250 0.0000
vt 0.0798 -0.1823 0.0000
vt 0.0564 -1.6250 0.0000
vt -0.0686 -1.6250 0.0000
vt -0.0451 -1.4807 0.0000
vt -0.0778 -1.4807 0.0000
vt -0.0669 -1.6250 0.0000
vt -0.0778 -0.6452 0.0000
vt -0.0451 -0.7402 0.0000
vt -0.0451 -0.6138 0.0000
vt -0.0451 -0.1808 0.0000
vt -0.0778 -0.2533 0.0000
vt -0.0451 -0.3252 0.0000
vt -0.0778 -0.8412 0.0000
vt -0.0451 -0.9930 0.0000
vt -0.0778 -1.0887 0.0000
vt -0.0451 -1.1194 0.0000
vt -0.0560 -1.6250 0.0000
vt -0.0451 -1.6250 0.0000
vt -0.0669 -0.0469 0.0000
vt -0.0778 -0.0573 0.0000
vt -0.0451 -1.3722 0.0000
vt -0.0778 -0.9649 0.0000
vt -0.0560 -0.0393 0.0000
vt -0.0778 -0.4492 0.0000
vt -0.0451 -0.8666 0.0000
vt -0.0778 -1.2125 0.0000
vt -0.0778 -1.3363 0.0000
vt -0.0451 -1.2458 0.0000
vt -0.0451 -0.4695 0.0000
vt -0.0778 -1.6250 0.0000
vt -0.0451 -0.0365 0.0000
vt 0.0833 -0.0365 0.0000
vt -0.0833 -0.0365 0.0000
# 632 texture coords

g _Sweep__1728_
usemtl aluminum
s off
f 647/944/233 648/945/233 649/946/233 
f 648/945/233 647/944/233 650/947/233 
f 651/948/233 647/944/233 649/946/233 
f 652/949/233 651/948/233 653/950/233 
f 651/948/233 652/949/233 654/951/233 
f 654/951/233 647/944/233 651/948/233 
f 654/951/233 655/952/233 647/944/233 
f 656/953/233 657/954/233 658/955/233 
f 657/954/233 656/953/233 659/956/233 
f 660/957/233 656/953/233 658/955/233 
f 661/958/233 655/952/233 662/959/233 
f 655/952/233 661/958/233 660/957/233 
f 660/957/233 658/955/233 655/952/233 
f 647/944/233 655/952/233 658/955/233 
f 663/960/234 664/961/234 665/962/235 
f 666/963/236 667/964/237 663/960/234 
f 662/965/236 668/966/235 669/967/234 
f 666/963/236 665/962/235 670/968/235 
f 671/969/235 672/970/234 673/971/234 
f 674/972/235 673/971/234 675/973/234 
f 676/974/235 677/975/234 678/976/234 
f 668/966/235 678/976/234 669/967/234 
f 673/971/234 674/972/235 671/969/235 
f 677/975/234 679/977/235 675/973/234 
f 680/978/235 664/961/234 672/970/234 
f 668/966/235 676/974/235 678/976/234 
f 663/960/234 665/962/235 666/963/236 
f 665/962/235 664/961/234 680/978/235 
f 669/967/234 661/979/237 662/965/236 
f 662/965/236 655/980/235 668/966/235 
f 667/964/237 681/981/234 663/960/234 
f 669/967/234 660/982/234 661/979/237 
f 671/969/235 680/978/235 672/970/234 
f 677/975/234 676/974/235 679/977/235 
f 674/972/235 675/973/234 679/977/235 
f 656/983/234 660/984/234 681/985/234 
f 681/985/234 682/986/234 656/983/234 
f 682/987/234 683/988/238 684/989/234 
f 659/990/238 656/991/234 685/992/234 
f 686/993/239 687/994/234 688/995/239 
f 684/989/234 683/988/238 689/996/240 
f 685/992/234 690/997/234 691/998/239 
f 692/999/239 693/1000/239 689/996/240 
f 691/998/239 694/1001/239 685/992/234 
f 688/995/239 695/1002/234 696/1003/239 
f 696/1003/239 697/1004/234 693/1000/239 
f 659/990/238 685/992/234 694/1001/239 
f 687/994/234 695/1002/234 688/995/239 
f 698/1005/234 699/1006/239 690/997/234 
f 694/1001/239 657/1007/240 659/990/238 
f 699/1006/239 698/1005/234 686/993/239 
f 684/989/234 689/996/240 693/1000/239 
f 697/1004/234 684/989/234 693/1000/239 
f 694/1001/239 658/1008/239 657/1007/240 
f 696/1003/239 695/1002/234 700/1009/234 
f 696/1003/239 700/1009/234 697/1004/234 
f 698/1005/234 687/994/234 686/993/239 
f 699/1006/239 691/998/239 690/997/234 
f 647/1010/239 658/1011/239 701/1012/239 
f 692/1013/239 701/1012/239 658/1011/239 
f 702/1014/241 703/1015/242 704/1016/239 
f 705/1017/242 706/1018/239 703/1015/242 
f 707/1019/242 708/1020/239 709/1021/242 
f 708/1020/239 710/1022/239 709/1021/242 
f 711/1023/242 703/1015/242 702/1014/241 
f 712/1024/242 713/1025/242 714/1026/239 
f 709/1021/242 710/1022/239 705/1017/242 
f 650/1027/243 714/1026/239 713/1025/242 
f 715/1028/239 712/1024/242 714/1026/239 
f 704/1016/239 703/1015/242 706/1018/239 
f 704/1016/239 716/1029/243 702/1014/241 
f 717/1030/239 718/1031/242 715/1028/239 
f 713/1025/242 648/1032/241 650/1027/243 
f 718/1031/242 717/1030/239 707/1019/242 
f 650/1027/243 647/1033/239 714/1026/239 
f 704/1016/239 701/1034/239 716/1029/243 
f 713/1025/242 649/1035/242 648/1032/241 
f 705/1017/242 710/1022/239 719/1036/239 
f 705/1017/242 719/1036/239 706/1018/239 
f 717/1030/239 708/1020/239 707/1019/242 
f 718/1031/242 712/1024/242 715/1028/239 
f 651/1037/242 649/1038/242 720/1039/242 
f 711/1040/242 720/1039/242 649/1038/242 
f 721/1041/242 722/1042/235 723/1043/235 
f 724/1044/242 725/1045/244 726/1046/245 
f 653/1047/244 727/1048/242 728/1049/235 
f 727/1048/242 729/1050/235 728/1049/235 
f 730/1051/242 731/1052/235 722/1042/235 
f 732/1053/242 723/1043/235 733/1054/235 
f 729/1050/235 734/1055/242 735/1056/235 
f 731/1052/235 724/1044/242 736/1057/235 
f 723/1043/235 732/1053/242 721/1041/242 
f 733/1054/235 735/1056/235 737/1058/242 
f 653/1047/244 651/1059/242 727/1048/242 
f 720/1060/242 725/1045/244 724/1044/242 
f 729/1050/235 727/1048/242 734/1055/242 
f 724/1044/242 731/1052/235 730/1051/242 
f 728/1049/235 652/1061/245 653/1047/244 
f 726/1046/245 736/1057/235 724/1044/242 
f 726/1046/245 738/1062/235 736/1057/235 
f 728/1049/235 654/1063/235 652/1061/245 
f 721/1041/242 730/1051/242 722/1042/235 
f 735/1056/235 734/1055/242 737/1058/242 
f 732/1053/242 733/1054/235 737/1058/242 
f 655/1010/235 654/1011/235 738/1064/235 
f 738/1064/235 670/1012/235 655/1010/235 
f 670/1065/246 739/1066/247 666/1067/248 
f 740/1068/249 741/1069/250 742/1070/251 
f 743/1071/252 744/1072/253 745/1073/254 
f 746/1074/255 747/1075/256 748/1076/257 
f 744/1072/253 749/1077/258 745/1073/254 
f 744/1072/253 747/1075/256 750/1078/259 
f 751/1079/260 752/1080/261 753/1081/262 
f 744/1072/253 750/1078/259 749/1077/258 
f 744/1072/253 754/1082/263 748/1076/257 
f 739/1066/247 747/1075/256 666/1067/248 
f 748/1076/257 747/1075/256 744/1072/253 
f 746/1074/255 666/1067/248 747/1075/256 
f 755/1083/264 745/1073/254 756/1084/265 
f 755/1083/264 742/1070/251 741/1069/250 
f 757/1085/234 754/1082/263 743/1071/252 
f 740/1068/249 742/1070/251 751/1079/260 
f 758/1086/266 755/1083/264 756/1084/265 
f 756/1084/265 745/1073/254 749/1077/258 
f 758/1086/266 759/1087/267 742/1070/251 
f 741/1069/250 740/1068/249 760/1088/234 
f 750/1078/259 747/1075/256 739/1066/247 
f 751/1079/260 761/1089/234 740/1068/249 
f 762/1090/268 763/1091/269 764/1092/270 
f 762/1090/268 764/1092/270 753/1081/262 
f 765/1093/234 766/1094/271 767/1095/272 
f 753/1081/262 768/1096/273 762/1090/268 
f 769/1097/234 766/1094/271 765/1093/234 
f 759/1087/267 768/1096/273 752/1080/261 
f 767/1095/272 770/1098/234 765/1093/234 
f 766/1094/271 751/1079/260 753/1081/262 
f 757/1085/234 771/1099/234 754/1082/263 
f 741/1069/250 743/1071/252 745/1073/254 
f 772/1100/274 753/1081/262 764/1092/270 
f 741/1069/250 773/1101/234 743/1071/252 
f 743/1071/252 773/1101/234 757/1085/234 
f 752/1080/261 742/1070/251 759/1087/267 
f 754/1082/263 771/1099/234 748/1076/257 
f 667/1102/275 746/1074/255 681/1103/234 
f 743/1071/252 754/1082/263 744/1072/253 
f 771/1099/234 774/1104/234 748/1076/257 
f 774/1104/234 681/1103/234 746/1074/255 
f 774/1104/234 746/1074/255 748/1076/257 
f 666/1067/248 746/1074/255 667/1102/275 
f 751/1079/260 766/1094/271 769/1097/234 
f 767/1095/272 753/1081/262 772/1100/274 
f 753/1081/262 767/1095/272 766/1094/271 
f 770/1098/234 767/1095/272 772/1100/274 
f 742/1070/251 755/1083/264 758/1086/266 
f 773/1101/234 741/1069/250 775/1105/234 
f 761/1089/234 751/1079/260 769/1097/234 
f 761/1089/234 760/1088/234 740/1068/249 
f 745/1073/254 755/1083/264 741/1069/250 
f 741/1069/250 760/1088/234 775/1105/234 
f 753/1081/262 752/1080/261 768/1096/273 
f 742/1070/251 752/1080/261 751/1079/260 
f 760/1106/234 776/1107/234 777/1108/234 
f 769/1109/234 776/1107/234 760/1106/234 
f 778/1110/234 769/1109/234 770/1111/234 
f 769/1109/234 778/1110/234 776/1107/234 
f 777/1108/234 779/1112/234 773/1113/234 
f 780/1114/234 682/1115/234 681/985/234 
f 780/1114/234 681/985/234 771/1116/234 
f 773/1113/234 760/1106/234 777/1108/234 
f 779/1112/234 771/1116/234 773/1113/234 
f 779/1112/234 780/1114/234 771/1116/234 
f 781/1117/276 782/1118/277 783/1119/278 
f 683/1120/279 784/1121/234 785/1122/280 
f 781/1117/276 777/1123/234 786/1124/234 
f 785/1122/280 787/1125/281 788/1126/282 
f 782/1118/277 789/1127/283 790/1128/284 
f 783/1119/278 791/1129/285 792/1130/286 
f 793/1131/287 689/1132/288 788/1126/282 
f 689/1132/288 785/1122/280 788/1126/282 
f 794/1133/234 778/1134/234 795/1135/289 
f 692/1136/290 689/1132/288 793/1131/287 
f 781/1117/276 796/1137/234 777/1123/234 
f 797/1138/291 788/1126/282 787/1125/281 
f 793/1131/287 788/1126/282 798/1139/292 
f 787/1125/281 799/1140/234 792/1130/286 
f 798/1139/292 797/1138/291 800/1141/293 
f 781/1117/276 786/1124/234 801/1142/294 
f 791/1129/285 800/1141/293 797/1138/291 
f 802/1143/295 776/1144/234 794/1133/234 
f 802/1143/295 803/1145/296 801/1142/294 
f 804/1146/297 791/1129/285 783/1119/278 
f 792/1130/286 791/1129/285 787/1125/281 
f 802/1143/295 805/1147/298 803/1145/296 
f 794/1133/234 795/1135/289 802/1143/295 
f 805/1147/298 806/1148/299 803/1145/296 
f 804/1146/297 782/1118/277 790/1128/284 
f 806/1148/299 807/1149/300 803/1145/296 
f 801/1142/294 782/1118/277 781/1117/276 
f 808/1150/301 782/1118/277 801/1142/294 
f 803/1145/296 807/1149/300 808/1150/301 
f 809/1151/302 806/1148/299 805/1147/298 
f 785/1122/280 689/1132/288 683/1120/279 
f 808/1150/301 807/1149/300 789/1127/283 
f 800/1141/293 791/1129/285 810/1152/303 
f 791/1129/285 804/1146/297 810/1152/303 
f 790/1128/284 810/1152/303 804/1146/297 
f 782/1118/277 804/1146/297 783/1119/278 
f 805/1147/298 802/1143/295 795/1135/289 
f 788/1126/282 797/1138/291 798/1139/292 
f 791/1129/285 797/1138/291 787/1125/281 
f 782/1118/277 808/1150/301 789/1127/283 
f 803/1145/296 808/1150/301 801/1142/294 
f 785/1122/280 780/1153/234 787/1125/281 
f 792/1130/286 779/1154/234 796/1137/234 
f 792/1130/286 796/1137/234 783/1119/278 
f 786/1124/234 776/1144/234 801/1142/294 
f 796/1137/234 781/1117/276 783/1119/278 
f 784/1121/234 683/1120/279 682/1155/234 
f 784/1121/234 780/1153/234 785/1122/280 
f 799/1140/234 787/1125/281 780/1153/234 
f 799/1140/234 779/1154/234 792/1130/286 
f 776/1144/234 802/1143/295 801/1142/294 
f 811/1156/287 701/1157/290 793/1158/287 
f 812/1159/293 813/1160/292 800/1161/293 
f 798/1162/292 813/1160/292 811/1156/287 
f 810/1163/303 814/1164/303 812/1159/293 
f 793/1158/287 701/1157/290 692/1165/290 
f 798/1162/292 800/1161/293 813/1160/292 
f 811/1156/287 793/1158/287 798/1162/292 
f 810/1163/303 812/1159/293 800/1161/293 
f 810/1163/303 790/1166/284 814/1164/303 
f 790/1166/284 815/1167/283 816/1168/284 
f 817/1169/299 818/1170/300 806/1171/299 
f 819/1172/302 817/1169/299 806/1171/299 
f 789/1173/283 818/1170/300 815/1167/283 
f 815/1167/283 790/1166/284 789/1173/283 
f 807/1174/300 806/1171/299 818/1170/300 
f 809/1175/302 819/1172/302 806/1171/299 
f 807/1174/300 818/1170/300 789/1173/283 
f 814/1164/303 790/1166/284 816/1168/284 
f 701/1176/290 811/1177/287 716/1178/304 
f 815/1179/283 820/1180/305 821/1181/306 
f 822/1182/307 823/1183/242 824/1184/242 
f 825/1185/308 812/1186/293 814/1187/303 
f 826/1188/309 825/1185/308 827/1189/310 
f 812/1186/293 826/1188/309 813/1190/292 
f 827/1189/310 825/1185/308 822/1182/307 
f 828/1191/311 813/1190/292 826/1188/309 
f 817/1192/299 829/1193/312 830/1194/313 
f 831/1195/314 716/1178/304 828/1191/311 
f 832/1196/242 833/1197/315 834/1198/242 
f 831/1195/314 835/1199/242 702/1200/316 
f 813/1190/292 828/1191/311 811/1177/287 
f 836/1201/317 821/1181/306 833/1197/315 
f 831/1195/314 828/1191/311 827/1189/310 
f 837/1202/318 829/1193/312 838/1203/319 
f 816/1204/284 839/1205/320 814/1187/303 
f 822/1182/307 825/1185/308 840/1206/321 
f 818/1207/300 820/1180/305 815/1179/283 
f 815/1179/283 821/1181/306 816/1204/284 
f 830/1194/313 833/1197/315 820/1180/305 
f 821/1181/306 839/1205/320 816/1204/284 
f 822/1182/307 824/1184/242 841/1208/242 
f 818/1207/300 817/1192/299 830/1194/313 
f 839/1205/320 825/1185/308 814/1187/303 
f 829/1193/312 817/1192/299 819/1209/302 
f 835/1199/242 711/1210/242 702/1200/316 
f 836/1201/317 840/1206/321 821/1181/306 
f 833/1197/315 832/1196/242 836/1201/317 
f 716/1178/304 811/1177/287 828/1191/311 
f 838/1203/319 842/1211/242 837/1202/318 
f 833/1197/315 830/1194/313 837/1202/318 
f 716/1178/304 831/1195/314 702/1200/316 
f 829/1193/312 837/1202/318 830/1194/313 
f 827/1189/310 822/1182/307 841/1208/242 
f 825/1185/308 839/1205/320 840/1206/321 
f 839/1205/320 821/1181/306 840/1206/321 
f 825/1185/308 826/1188/309 812/1186/293 
f 828/1191/311 826/1188/309 827/1189/310 
f 830/1194/313 820/1180/305 818/1207/300 
f 821/1181/306 820/1180/305 833/1197/315 
f 836/1201/317 823/1183/242 840/1206/321 
f 841/1208/242 843/1212/242 827/1189/310 
f 837/1202/318 834/1198/242 833/1197/315 
f 836/1201/317 844/1213/242 823/1183/242 
f 823/1183/242 822/1182/307 840/1206/321 
f 831/1195/314 843/1212/242 835/1199/242 
f 842/1211/242 838/1203/319 845/1214/242 
f 842/1211/242 834/1198/242 837/1202/318 
f 843/1212/242 831/1195/314 827/1189/310 
f 832/1196/242 844/1213/242 836/1201/317 
f 844/1215/242 834/1216/242 846/1217/242 
f 846/1217/242 834/1216/242 847/1218/242 
f 848/1219/242 847/1218/242 845/1220/242 
f 834/1216/242 845/1220/242 847/1218/242 
f 849/1221/242 824/1222/242 844/1215/242 
f 720/1223/242 711/1040/242 843/1224/242 
f 850/1225/242 720/1223/242 843/1224/242 
f 844/1215/242 846/1217/242 849/1221/242 
f 849/1221/242 850/1225/242 824/1222/242 
f 850/1225/242 843/1224/242 824/1222/242 
f 725/1226/322 851/1227/323 726/1228/324 
f 852/1229/325 853/1230/326 854/1231/327 
f 726/1228/324 855/1232/328 856/1233/247 
f 857/1234/329 858/1235/330 850/1236/242 
f 857/1234/329 859/1237/331 860/1238/332 
f 851/1227/323 720/1239/242 861/1240/242 
f 862/1241/333 859/1237/331 852/1229/325 
f 859/1237/331 862/1241/333 860/1238/332 
f 738/1242/246 726/1228/324 856/1233/247 
f 863/1243/259 855/1232/328 860/1238/332 
f 856/1233/247 855/1232/328 863/1243/259 
f 853/1230/326 852/1229/325 846/1244/242 
f 860/1238/332 864/1245/258 863/1243/259 
f 864/1245/258 862/1241/333 865/1246/265 
f 860/1238/332 858/1235/330 857/1234/329 
f 853/1230/326 866/1247/334 854/1231/327 
f 867/1248/242 847/1249/242 868/1250/335 
f 867/1248/242 868/1250/335 853/1230/326 
f 869/1251/336 870/1252/337 871/1253/338 
f 872/1254/339 870/1252/337 869/1251/336 
f 852/1229/325 849/1255/242 873/1256/242 
f 874/1257/340 854/1231/327 875/1258/266 
f 871/1253/338 870/1252/337 866/1247/334 
f 866/1247/334 868/1250/335 871/1253/338 
f 876/1259/268 870/1252/337 872/1254/339 
f 862/1241/333 864/1245/258 860/1238/332 
f 877/1260/267 854/1231/327 866/1247/334 
f 866/1247/334 870/1252/337 878/1261/273 
f 877/1260/267 866/1247/334 878/1261/273 
f 875/1258/266 854/1231/327 877/1260/267 
f 878/1261/273 870/1252/337 876/1259/268 
f 872/1254/339 879/1262/269 876/1259/268 
f 858/1235/330 851/1227/323 861/1240/242 
f 874/1257/340 862/1241/333 852/1229/325 
f 875/1258/266 865/1246/265 874/1257/340 
f 859/1237/331 857/1234/329 880/1263/242 
f 881/1264/341 869/1251/336 848/1265/242 
f 880/1263/242 857/1234/329 850/1236/242 
f 880/1263/242 849/1255/242 859/1237/331 
f 858/1235/330 860/1238/332 855/1232/328 
f 851/1227/323 858/1235/330 855/1232/328 
f 861/1240/242 850/1236/242 858/1235/330 
f 726/1228/324 851/1227/323 855/1232/328 
f 851/1227/323 725/1226/322 720/1239/242 
f 853/1230/326 846/1244/242 867/1248/242 
f 868/1250/335 847/1249/242 871/1253/338 
f 853/1230/326 868/1250/335 866/1247/334 
f 847/1249/242 882/1266/242 871/1253/338 
f 882/1266/242 848/1265/242 869/1251/336 
f 882/1266/242 869/1251/336 871/1253/338 
f 872/1254/339 869/1251/336 881/1264/341 
f 862/1241/333 874/1257/340 865/1246/265 
f 854/1231/327 874/1257/340 852/1229/325 
f 849/1255/242 852/1229/325 859/1237/331 
f 873/1256/242 846/1244/242 852/1229/325 
f 739/1267/247 738/1268/246 856/1269/247 
f 749/1270/258 863/1271/259 864/1272/258 
f 856/1269/247 863/1271/259 750/1273/259 
f 864/1272/258 865/1274/265 756/1275/265 
f 670/1276/246 738/1268/246 739/1267/247 
f 863/1271/259 749/1270/258 750/1273/259 
f 750/1273/259 739/1267/247 856/1269/247 
f 749/1270/258 864/1272/258 756/1275/265 
f 865/1274/265 758/1277/266 756/1275/265 
f 875/1278/266 877/1279/267 758/1277/266 
f 768/1280/273 878/1281/273 876/1163/268 
f 877/1279/267 878/1281/273 768/1280/273 
f 879/1282/269 762/1164/268 876/1163/268 
f 759/1283/267 758/1277/266 877/1279/267 
f 876/1163/268 762/1164/268 768/1280/273 
f 768/1280/273 759/1283/267 877/1279/267 
f 763/1284/269 762/1164/268 879/1282/269 
f 875/1278/266 758/1277/266 865/1274/265 
f 879/1285/342 872/1286/342 881/1287/342 
f 881/1287/342 848/1288/342 879/1285/342 
f 763/1289/342 879/1285/342 819/1290/342 
f 764/1291/342 763/1289/342 772/1292/342 
f 770/1293/342 772/1292/342 763/1289/342 
f 770/1293/342 763/1289/342 778/1294/342 
f 845/1295/342 879/1285/342 848/1288/342 
f 845/1295/342 838/1296/342 819/1290/342 
f 829/1297/342 819/1290/342 838/1296/342 
f 819/1290/342 809/1298/342 763/1289/342 
f 795/1299/342 778/1294/342 809/1298/342 
f 809/1298/342 805/1300/342 795/1299/342 
f 763/1289/342 809/1298/342 778/1294/342 
f 879/1285/342 845/1295/342 819/1290/342 
f 881/1301/343 872/1302/343 879/1289/343 
f 879/1289/343 848/1293/343 881/1301/343 
f 819/1298/343 879/1289/343 763/1285/343 
f 772/1303/343 763/1285/343 764/1286/343 
f 763/1285/343 772/1303/343 770/1288/343 
f 809/1290/343 763/1285/343 770/1288/343 
f 848/1293/343 879/1289/343 819/1298/343 
f 819/1298/343 838/1304/343 845/1294/343 
f 838/1304/343 819/1298/343 829/1300/343 
f 763/1285/343 809/1290/343 819/1298/343 
f 809/1290/343 778/1295/343 795/1305/343 
f 795/1305/343 805/1306/343 809/1290/343 
f 778/1295/343 809/1290/343 770/1288/343 
f 819/1298/343 845/1294/343 848/1293/343 
f 764/1307/344 883/1308/345 772/1309/346 
f 772/1309/346 884/1310/234 770/1311/234 
f 885/1312/345 886/1313/345 887/1314/234 
f 888/1315/345 889/1316/234 884/1310/234 
f 890/1317/345 891/1318/234 892/1319/234 
f 893/1320/345 894/1321/344 895/1322/346 
f 896/1323/234 897/1324/345 893/1320/345 
f 887/1314/234 886/1313/345 892/1319/234 
f 898/1325/234 896/1323/234 895/1322/346 
f 899/1326/234 900/1327/345 901/1328/234 
f 899/1326/234 902/1329/345 900/1327/345 
f 903/1330/234 890/1317/345 897/1324/345 
f 904/1331/345 905/1332/234 901/1328/234 
f 892/1319/234 906/1333/345 890/1317/345 
f 907/1334/234 902/1329/345 899/1326/234 
f 883/1308/345 888/1315/345 884/1310/234 
f 908/1335/345 889/1316/234 888/1315/345 
f 909/1336/345 910/1337/234 908/1335/345 
f 764/1307/344 763/1338/345 883/1308/345 
f 897/1324/345 896/1323/234 903/1330/234 
f 883/1308/345 884/1310/234 772/1309/346 
f 895/1322/346 896/1323/234 893/1320/345 
f 893/1320/345 911/1339/345 894/1321/344 
f 887/1314/234 905/1332/234 912/1340/345 
f 887/1314/234 912/1340/345 885/1312/345 
f 912/1340/345 905/1332/234 904/1331/345 
f 910/1337/234 909/1336/345 907/1334/234 
f 910/1337/234 889/1316/234 908/1335/345 
f 903/1330/234 891/1318/234 890/1317/345 
f 892/1319/234 886/1313/345 906/1333/345 
f 901/1328/234 900/1327/345 904/1331/345 
f 907/1334/234 909/1336/345 902/1329/345 
f 778/1110/234 770/1111/234 913/1341/234 
f 898/1342/234 913/1341/234 770/1111/234 
f 914/1343/347 915/1344/348 916/1345/348 
f 809/1346/348 805/1347/347 917/1348/348 
f 918/1349/234 919/1350/348 920/1351/348 
f 921/1352/234 922/1353/234 923/1354/348 
f 920/1351/348 924/1355/348 925/1356/234 
f 921/1352/234 926/1357/348 927/1358/348 
f 928/1359/349 914/1343/347 929/1360/234 
f 916/1345/348 929/1360/234 914/1343/347 
f 930/1361/348 931/1362/234 932/1363/348 
f 933/1364/234 927/1358/348 934/1365/348 
f 935/1366/234 936/1367/348 937/1368/348 
f 934/1365/348 938/1369/348 933/1364/234 
f 929/1360/234 916/1345/348 932/1363/348 
f 929/1360/234 932/1363/348 931/1362/234 
f 913/1370/234 928/1359/349 929/1360/234 
f 939/1371/234 917/1348/348 805/1347/347 
f 919/1350/348 940/1372/234 930/1361/348 
f 795/1373/349 778/1374/234 939/1371/234 
f 939/1371/234 805/1347/347 795/1373/349 
f 938/1369/348 917/1348/348 939/1371/234 
f 918/1349/234 940/1372/234 919/1350/348 
f 941/1375/234 942/1376/348 936/1367/348 
f 921/1352/234 923/1354/348 926/1357/348 
f 931/1362/234 930/1361/348 940/1372/234 
f 918/1349/234 920/1351/348 925/1356/234 
f 933/1364/234 938/1369/348 939/1371/234 
f 941/1375/234 936/1367/348 935/1366/234 
f 941/1375/234 925/1356/234 942/1376/348 
f 921/1352/234 927/1358/348 933/1364/234 
f 937/1368/348 922/1353/234 935/1366/234 
f 937/1368/348 923/1354/348 922/1353/234 
f 942/1376/348 925/1356/234 924/1355/348 
f 819/1377/348 809/1378/348 943/1379/348 
f 915/1380/348 943/1379/348 809/1378/348 
f 944/1381/348 945/1382/242 946/1383/242 
f 947/1384/242 948/1385/348 949/1386/348 
f 950/1387/242 951/1388/242 952/1389/348 
f 953/1390/242 954/1391/348 955/1392/348 
f 838/1393/350 829/1394/351 953/1390/242 
f 956/1395/348 957/1396/242 958/1397/348 
f 953/1390/242 829/1394/351 954/1391/348 
f 955/1392/348 946/1383/242 953/1390/242 
f 959/1398/348 960/1399/348 961/1400/242 
f 962/1401/242 963/1402/242 964/1403/348 
f 950/1387/242 952/1389/348 965/1404/348 
f 964/1403/348 966/1405/348 962/1401/242 
f 967/1406/350 968/1407/242 962/1401/242 
f 945/1382/242 969/1408/348 959/1398/348 
f 829/1394/351 819/1409/348 954/1391/348 
f 946/1383/242 970/1410/348 944/1381/348 
f 962/1401/242 966/1405/348 971/1411/351 
f 953/1390/242 845/1412/242 838/1393/350 
f 966/1405/348 943/1413/348 971/1411/351 
f 962/1401/242 971/1411/351 967/1406/350 
f 945/1382/242 944/1381/348 969/1408/348 
f 972/1414/242 956/1395/348 948/1385/348 
f 957/1396/242 956/1395/348 972/1414/242 
f 951/1388/242 960/1399/348 952/1389/348 
f 946/1383/242 955/1392/348 970/1410/348 
f 972/1414/242 948/1385/348 947/1384/242 
f 957/1396/242 965/1404/348 958/1397/348 
f 961/1400/242 960/1399/348 951/1388/242 
f 945/1382/242 959/1398/348 961/1400/242 
f 949/1386/348 963/1402/242 947/1384/242 
f 949/1386/348 964/1403/348 963/1402/242 
f 950/1387/242 965/1404/348 957/1396/242 
f 848/1219/242 845/1220/242 968/1415/242 
f 968/1415/242 973/1416/242 848/1219/242 
f 974/1417/242 975/1418/345 976/1419/345 
f 977/1420/345 978/1421/242 979/1422/242 
f 980/1423/242 981/1424/345 982/1425/242 
f 983/1426/352 984/1427/345 985/1428/353 
f 986/1429/345 987/1430/242 988/1431/345 
f 989/1432/242 990/1433/345 975/1418/345 
f 987/1430/242 986/1429/345 991/1434/242 
f 990/1433/345 989/1432/242 992/1435/242 
f 993/1436/242 994/1437/345 995/1438/345 
f 879/1439/345 872/1440/352 996/1441/345 
f 881/1442/353 848/1443/242 997/1444/242 
f 993/1436/242 974/1417/242 994/1437/345 
f 998/1445/345 982/1425/242 981/1424/345 
f 996/1441/345 872/1440/352 881/1442/353 
f 996/1441/345 881/1442/353 997/1444/242 
f 991/1434/242 986/1429/345 980/1423/242 
f 973/1446/242 985/1428/353 992/1435/242 
f 990/1433/345 992/1435/242 984/1427/345 
f 998/1445/345 997/1444/242 982/1425/242 
f 997/1444/242 998/1445/345 996/1441/345 
f 984/1427/345 992/1435/242 985/1428/353 
f 983/1426/352 999/1447/345 984/1427/345 
f 977/1420/345 993/1436/242 995/1438/345 
f 978/1421/242 977/1420/345 988/1431/345 
f 980/1423/242 986/1429/345 981/1424/345 
f 993/1436/242 977/1420/345 979/1422/242 
f 975/1418/345 974/1417/242 989/1432/242 
f 976/1419/345 994/1437/345 974/1417/242 
f 987/1430/242 978/1421/242 988/1431/345 
f 763/1448/345 879/1449/345 999/1450/345 
f 999/1450/345 911/1451/345 763/1448/345 
f 1000/1451/348 1001/1452/348 1002/1453/348 
f 1003/1454/348 1002/1453/348 1001/1452/348 
f 1004/1450/348 1000/1451/348 1005/1379/348 
f 1006/1455/348 1004/1450/348 1007/1456/348 
f 1008/1457/348 1007/1456/348 1004/1450/348 
f 1008/1457/348 1004/1450/348 1009/1380/348 
f 1005/1379/348 1000/1451/348 1002/1453/348 
f 1010/1458/348 1011/1459/348 1012/1460/348 
f 1012/1460/348 1005/1379/348 1010/1458/348 
f 1005/1379/348 1009/1380/348 1004/1450/348 
f 1013/1461/348 1014/1462/348 1009/1380/348 
f 1009/1380/348 1015/1463/348 1013/1461/348 
f 1008/1457/348 1009/1380/348 1014/1462/348 
f 1002/1453/348 1010/1458/348 1005/1379/348 
f 1016/1464/354 895/1465/355 894/1466/356 
f 895/1465/355 1017/1467/234 898/1468/234 
f 1006/1469/356 1007/1470/355 1018/1471/234 
f 1019/1472/234 1020/1473/354 1021/1474/354 
f 1022/1475/354 1023/1476/234 1024/1477/234 
f 1025/1478/234 1026/1479/354 1027/1480/234 
f 1017/1467/234 1028/1481/354 1029/1482/234 
f 1006/1469/356 1030/1483/354 1004/1484/354 
f 1021/1474/354 1030/1483/354 1018/1471/234 
f 1026/1479/354 1025/1478/234 1031/1485/354 
f 1019/1472/234 1023/1476/234 1020/1473/354 
f 1032/1486/354 1033/1487/234 1034/1488/234 
f 1022/1475/354 1035/1489/234 1026/1479/354 
f 1032/1486/354 1031/1485/354 1033/1487/234 
f 894/1466/356 911/1490/354 1016/1464/354 
f 1016/1464/354 1017/1467/234 895/1465/355 
f 1018/1471/234 1030/1483/354 1006/1469/356 
f 1007/1470/355 1008/1491/234 1018/1471/234 
f 1016/1464/354 1028/1481/354 1017/1467/234 
f 1023/1476/234 1022/1475/354 1020/1473/354 
f 1021/1474/354 1018/1471/234 1019/1472/234 
f 1028/1481/354 1032/1486/354 1034/1488/234 
f 1028/1481/354 1034/1488/234 1029/1482/234 
f 1035/1489/234 1022/1475/354 1024/1477/234 
f 1035/1489/234 1027/1480/234 1026/1479/354 
f 1025/1478/234 1033/1487/234 1031/1485/354 
f 913/1341/234 898/1342/234 1008/1492/234 
f 1008/1492/234 1014/1493/234 913/1341/234 
f 1036/1494/234 1037/1495/357 1038/1496/234 
f 1039/1497/357 1036/1494/234 1040/1498/234 
f 1041/1499/234 1042/1500/357 1043/1501/357 
f 1036/1494/234 1039/1497/357 1037/1495/357 
f 1044/1502/234 1045/1503/234 1046/1504/357 
f 1038/1496/234 1037/1495/357 1047/1505/357 
f 928/1506/358 1044/1502/234 914/1507/359 
f 915/1508/357 914/1507/359 1046/1504/357 
f 1041/1499/234 1048/1509/234 1042/1500/357 
f 1044/1502/234 1046/1504/357 914/1507/359 
f 1013/1510/358 1015/1511/359 1039/1497/357 
f 1049/1512/234 1038/1496/234 1047/1505/357 
f 1039/1497/357 1040/1498/234 1013/1510/358 
f 1048/1509/234 1050/1513/357 1042/1500/357 
f 1043/1501/357 1046/1504/357 1045/1503/234 
f 1015/1511/359 1009/1514/357 1039/1497/357 
f 1040/1498/234 1014/1515/234 1013/1510/358 
f 928/1506/358 913/1516/234 1044/1502/234 
f 1050/1513/357 1048/1509/234 1049/1512/234 
f 1043/1501/357 1045/1503/234 1041/1499/234 
f 1050/1513/357 1049/1512/234 1047/1505/357 
f 943/1517/357 915/1518/357 1005/1519/357 
f 1009/1520/357 1005/1519/357 915/1518/357 
f 1012/1521/360 1011/1522/361 1051/1523/357 
f 1052/1524/242 1053/1525/357 1054/1526/357 
f 1055/1527/357 1051/1523/357 1056/1528/242 
f 1057/1529/242 1055/1527/357 1056/1528/242 
f 1058/1530/357 1059/1531/242 1060/1532/357 
f 1059/1531/242 1058/1530/357 1057/1529/242 
f 971/1533/360 943/1534/357 1053/1525/357 
f 1061/1535/242 967/1536/361 971/1533/360 
f 1053/1525/357 1052/1524/242 1061/1535/242 
f 1011/1522/361 1062/1537/242 1051/1523/357 
f 1063/1538/357 1064/1539/242 1054/1526/357 
f 1056/1528/242 1051/1523/357 1062/1537/242 
f 1064/1539/242 1063/1538/357 1065/1540/242 
f 971/1533/360 1053/1525/357 1061/1535/242 
f 1051/1523/357 1005/1541/357 1012/1521/360 
f 1011/1522/361 1010/1542/242 1062/1537/242 
f 1061/1535/242 968/1543/242 967/1536/361 
f 1063/1538/357 1060/1532/357 1065/1540/242 
f 1059/1531/242 1065/1540/242 1060/1532/357 
f 1055/1527/357 1057/1529/242 1058/1530/357 
f 1064/1539/242 1052/1524/242 1054/1526/357 
f 973/1416/242 968/1415/242 1002/1544/242 
f 1010/1545/242 1002/1544/242 968/1415/242 
f 1066/1546/354 1067/1547/242 1003/1548/362 
f 1068/1549/242 1069/1550/354 1070/1551/354 
f 1071/1552/354 1072/1553/242 1073/1554/354 
f 1074/1555/242 1069/1550/354 1068/1549/242 
f 1075/1556/354 1076/1557/242 1077/1558/354 
f 1001/1559/363 1000/1560/354 1066/1546/354 
f 985/1561/362 973/1562/242 1072/1553/242 
f 1078/1563/354 1067/1547/242 1066/1546/354 
f 1076/1557/242 1075/1556/354 1079/1564/242 
f 1071/1552/354 983/1565/363 985/1561/362 
f 1073/1554/354 1072/1553/242 1080/1566/242 
f 1001/1559/363 1066/1546/354 1003/1548/362 
f 1074/1555/242 1079/1564/242 1081/1567/354 
f 1082/1568/242 1077/1558/354 1076/1557/242 
f 1074/1555/242 1081/1567/354 1069/1550/354 
f 985/1561/362 1072/1553/242 1071/1552/354 
f 1083/1569/242 1084/1570/354 1082/1568/242 
f 1080/1566/242 1070/1551/354 1085/1571/354 
f 1067/1547/242 1002/1572/242 1003/1548/362 
f 1071/1552/354 999/1573/354 983/1565/363 
f 1078/1563/354 1083/1569/242 1067/1547/242 
f 1070/1551/354 1080/1566/242 1068/1549/242 
f 1085/1571/354 1073/1554/354 1080/1566/242 
f 1081/1567/354 1079/1564/242 1075/1556/354 
f 1084/1570/354 1083/1569/242 1078/1563/354 
f 1084/1570/354 1077/1558/354 1082/1568/242 
f 911/1574/354 999/1575/354 1000/1520/354 
f 1000/1520/354 1004/1519/354 911/1574/354 
# 651 faces

#
# object _Sweep__1747_
#

v  16.1555 44.2537 33.0930
v  15.9230 44.4737 33.1679
v  15.8380 44.7743 33.2701
v  16.4730 44.1731 33.0656
v  15.8380 48.3814 34.4970
v  16.1555 48.9020 34.6740
v  15.9230 48.6819 34.5992
v  16.4730 48.9825 34.7014
v  21.5530 48.9825 34.7014
v  22.1880 44.7743 33.2701
v  21.8705 44.2537 33.0930
v  21.5530 44.1731 33.0656
v  22.1029 44.4737 33.1679
v  22.1880 48.3814 34.4970
v  22.1029 48.6819 34.5992
v  21.8705 48.9020 34.6740
v  22.1029 42.1388 53.8369
v  22.1880 41.8382 53.7347
v  22.1880 43.2548 49.5696
v  21.8705 42.3588 53.9118
v  21.5530 43.8560 49.7740
v  21.5530 42.4394 53.9391
v  22.1880 46.9647 38.6620
v  22.1880 45.5481 42.8271
v  21.5530 47.5659 38.8665
v  21.5530 45.7110 44.3203
v  22.1880 44.4015 46.1983
v  22.1880 38.2311 52.5078
v  21.8705 37.7105 52.3308
v  21.5530 37.6300 52.3034
v  21.5530 39.0466 48.1383
v  22.1029 37.9305 52.4056
v  22.1880 39.6478 48.3427
v  21.5530 42.7565 37.2307
v  21.5530 41.3398 41.3958
v  22.1880 43.3577 37.4352
v  22.1880 41.5027 42.8890
v  21.5530 40.1932 44.7670
v  16.4730 37.6300 52.3034
v  15.9230 37.9305 52.4056
v  15.8380 38.2311 52.5078
v  15.8380 39.6478 48.3427
v  16.1555 37.7105 52.3308
v  16.4730 39.0466 48.1383
v  15.8380 43.3577 37.4352
v  15.8380 41.9410 41.6003
v  16.4730 42.7565 37.2307
v  16.4730 40.9015 42.6845
v  15.8380 40.7944 44.9715
v  15.8380 41.8382 53.7347
v  16.1555 42.3588 53.9118
v  16.4730 42.4394 53.9391
v  16.4730 43.8560 49.7740
v  15.9230 42.1388 53.8369
v  15.8380 43.2548 49.5696
v  16.4730 47.5659 38.8665
v  16.4730 46.1493 43.0316
v  15.8380 46.9647 38.6620
v  15.8380 45.1098 44.1158
v  16.4730 45.0026 46.4028
v  15.8380 24.3164 62.7370
v  16.1555 24.3027 62.1873
v  16.4730 24.3006 62.1022
v  15.9230 24.3085 62.4196
v  21.5530 24.4270 67.1806
v  21.5530 24.3006 62.1022
v  22.1029 24.3085 62.4196
v  21.8705 24.3027 62.1873
v  22.1880 24.3164 62.7370
v  22.1880 24.4112 66.5459
v  15.8380 24.4112 66.5459
v  16.1555 24.4249 67.0956
v  15.9230 24.4191 66.8633
v  16.4730 24.4270 67.1806
v  22.1029 24.4191 66.8633
v  21.8705 24.4249 67.0956
v  21.9221 38.8982 60.0350
v  21.5530 38.8583 60.0415
v  21.8421 37.5350 61.5853
v  21.5530 41.4075 56.0773
v  21.9833 40.9078 56.9944
v  21.8335 29.4708 66.3197
v  21.5530 26.7756 66.8336
v  21.9833 27.8001 66.6303
v  22.0963 41.4460 55.6143
v  22.1434 40.5863 57.0917
v  22.1225 30.3034 65.7468
v  21.9221 31.3017 65.6194
v  21.8335 40.1129 58.4964
v  22.1880 28.9558 65.8744
v  22.1434 27.9888 66.3525
v  22.1880 26.6835 66.2101
v  22.1880 39.8414 57.8720
v  22.1880 40.8398 55.8033
v  21.5530 37.3412 61.8676
v  21.5530 35.4283 63.2738
v  22.1225 39.3177 59.1201
v  22.1037 37.7469 61.0197
v  21.5530 29.1243 66.4866
v  22.0963 26.3222 66.7323
v  21.8813 33.5042 64.5814
v  21.5530 31.3198 65.5833
v  22.1045 32.6110 64.7996
v  22.0006 36.2395 62.5922
v  22.0660 34.5092 63.7709
v  22.1880 38.3735 59.6387
v  22.1487 36.1739 62.3470
v  22.1880 36.9057 61.4055
v  22.1880 31.0800 65.0004
v  22.1880 33.2043 64.1265
v  22.1880 35.0550 62.7660
v  21.5530 33.5154 64.6800
v  21.5530 40.3755 58.2154
v  22.1880 27.9451 62.2009
v  22.1880 31.3373 60.8053
v  22.1880 34.2927 58.6326
v  22.1880 36.6368 55.8113
v  21.8059 35.4889 56.4357
v  21.7888 36.6580 54.6231
v  22.0020 36.3742 55.3866
v  22.1880 37.5498 53.9196
v  22.1317 33.5483 58.9483
v  22.0770 34.7632 57.6481
v  22.0020 27.6181 61.8235
v  21.5530 25.7862 61.8827
v  21.5530 27.7766 61.5886
v  21.8603 33.9969 58.1472
v  21.5530 34.9799 56.8192
v  21.5530 36.9772 53.6558
v  21.5530 36.1027 55.4678
v  22.1396 31.9927 60.1265
v  22.0020 32.6153 59.4473
v  21.8340 31.3171 60.1598
v  21.5530 32.4417 59.2111
v  22.0938 30.0805 61.0715
v  22.1880 32.8150 59.7189
v  22.1880 25.8672 62.5079
v  21.8108 29.4629 61.0698
v  21.5530 31.0261 60.2517
v  21.5530 29.4014 60.9202
v  22.1880 29.6412 61.5031
v  21.5530 33.8572 58.1705
v  22.1880 35.4647 57.2220
v  16.4730 36.1027 55.4678
v  16.4730 33.8572 58.1705
v  16.4730 27.7766 61.5886
v  16.4730 31.0261 60.2517
v  16.4730 36.9772 53.6558
v  16.0240 36.3742 55.3866
v  15.8380 37.5498 53.9196
v  16.0240 27.6181 61.8235
v  15.8380 25.8672 62.5079
v  15.8380 27.9451 62.2009
v  16.2151 35.1044 56.9226
v  15.8380 36.6368 55.8113
v  15.8927 29.5856 61.3681
v  15.8380 29.6412 61.5031
v  15.9322 34.9217 57.5125
v  16.4730 25.7862 61.8827
v  16.0240 32.6153 59.4473
v  15.9035 31.4636 60.4083
v  15.8380 32.8150 59.7189
v  16.1402 29.9940 60.8823
v  16.4730 32.4417 59.2111
v  16.1920 33.6827 58.4209
v  15.8380 34.2927 58.6326
v  15.8380 35.4647 57.2220
v  16.4730 34.9799 56.8192
v  15.8380 31.3373 60.8053
v  16.4730 29.4014 60.9202
v  15.8380 33.2043 64.1265
v  15.8380 28.9558 65.8744
v  15.8380 36.9057 61.4055
v  15.8380 39.8414 57.8720
v  15.8380 40.8398 55.8033
v  15.9296 41.4460 55.6143
v  15.8826 40.5863 57.0917
v  16.0426 40.9078 56.9944
v  16.4730 41.4075 56.0773
v  15.9296 26.3222 66.7323
v  16.0426 27.8001 66.6303
v  15.8826 27.9888 66.3525
v  15.9035 39.3177 59.1201
v  15.9223 37.7469 61.0197
v  16.1039 38.8982 60.0350
v  16.1838 37.5350 61.5853
v  16.4730 38.8583 60.0415
v  16.0254 36.2395 62.5922
v  16.4730 31.3198 65.5833
v  16.1925 29.4708 66.3197
v  16.4730 29.1243 66.4866
v  16.1925 40.1129 58.4964
v  16.4730 40.3755 58.2154
v  16.4730 37.3412 61.8676
v  15.8380 38.3735 59.6387
v  15.9035 30.3034 65.7468
v  15.8380 26.6835 66.2101
v  16.4730 26.7756 66.8336
v  16.4730 35.4283 63.2738
v  16.1039 31.3017 65.6194
v  16.1447 33.5042 64.5814
v  15.9214 32.6110 64.7996
v  15.9599 34.5092 63.7709
v  15.8772 36.1739 62.3470
v  15.8380 31.0800 65.0004
v  16.4730 33.5154 64.6800
v  15.8380 35.0550 62.7660
# 207 vertices

vn 0.0000 0.3220 -0.9467
vn 0.8660 0.4734 0.1610
vn 1.0000 -0.0000 -0.0000
vn 0.5000 0.8199 0.2789
vn -0.0000 0.9467 0.3220
vn 0.5000 -0.8199 -0.2789
vn -0.0000 -0.9467 -0.3220
vn 0.8660 -0.4734 -0.1610
vn -0.8660 -0.4734 -0.1610
vn -1.0000 -0.0000 -0.0000
vn -0.5000 -0.8199 -0.2789
vn -0.5000 0.8199 0.2789
vn -0.8660 0.4734 0.1610
vn -0.0000 -0.9997 0.0249
vn 0.5813 0.6267 0.5190
vn -0.0000 0.7692 0.6391
vn 0.4554 0.6216 0.6374
vn -0.0000 0.9006 0.4347
vn 0.6777 0.6441 0.3548
vn 0.4417 0.2548 0.8602
vn -0.0000 0.1462 0.9893
vn 0.6777 0.1465 0.7206
vn 0.8557 0.4710 0.2144
vn 0.9297 0.3203 0.1817
vn 0.8968 0.1467 0.4173
vn 0.5813 0.3084 0.7530
vn 0.4417 0.7450 0.4998
vn 0.9297 0.0779 0.3599
vn 0.0000 0.6858 0.7278
vn -0.0000 0.5923 0.8057
vn 0.8968 0.3546 0.2645
vn 0.8672 0.3577 0.3464
vn 0.0000 0.2653 0.9642
vn 0.5000 0.0216 0.8658
vn 0.8557 0.0641 0.5135
vn 0.8660 0.0124 0.4998
vn 0.5170 0.4209 0.7453
vn -0.0000 0.3805 0.9248
vn 0.0000 0.0249 0.9997
vn 0.8686 0.2236 0.4423
vn 0.7049 0.4507 0.5477
vn 0.8080 0.3230 0.4928
vn 0.9382 0.2214 0.2660
vn 0.0000 0.4900 0.8717
vn 0.0000 0.8411 0.5409
vn 0.3983 -0.7299 -0.5555
vn 0.3713 -0.8141 -0.4465
vn 0.7071 -0.6003 -0.3737
vn 0.9113 -0.2666 -0.3136
vn 0.8252 -0.4148 -0.3833
vn 0.7071 -0.1775 -0.6845
vn -0.0000 -0.1286 -0.9917
vn -0.0000 -0.2653 -0.9642
vn 0.4839 -0.6053 -0.6320
vn -0.0000 -0.7692 -0.6391
vn 0.0000 -0.9081 -0.4187
vn -0.0000 -0.8411 -0.5409
vn 0.9239 -0.2075 -0.3216
vn 0.7071 -0.4188 -0.5697
vn 0.4425 -0.4554 -0.7725
vn -0.0000 -0.5923 -0.8057
vn 0.8517 -0.2180 -0.4766
vn 0.8660 -0.0124 -0.4998
vn 0.5000 -0.0216 -0.8658
vn 0.4060 -0.3477 -0.8451
vn -0.0000 -0.0249 -0.9997
vn -0.0000 -0.4900 -0.8717
vn -0.0000 -0.3805 -0.9248
vn -0.0000 -0.6858 -0.7278
vn -0.7071 -0.6003 -0.3737
vn -0.7071 -0.1775 -0.6845
vn -0.4060 -0.7029 -0.5840
vn -0.9139 -0.1545 -0.3755
vn -0.8517 -0.3899 -0.3503
vn -0.5000 -0.0216 -0.8658
vn -0.7071 -0.4188 -0.5697
vn -0.8968 -0.2247 -0.3812
vn -0.5241 -0.3542 -0.7745
vn -0.4425 -0.6015 -0.6651
vn -0.8660 -0.0124 -0.4998
vn -0.8557 0.4710 0.2144
vn -0.9297 0.3203 0.1817
vn -0.6777 0.6441 0.3548
vn -0.8557 0.0641 0.5135
vn -0.6777 0.1465 0.7206
vn -0.9297 0.0779 0.3599
vn -0.8968 0.3546 0.2645
vn -0.8672 0.3577 0.3464
vn -0.5813 0.6267 0.5190
vn -0.4554 0.6216 0.6374
vn -0.7049 0.4507 0.5477
vn -0.4417 0.2548 0.8602
vn -0.4417 0.7450 0.4998
vn -0.8660 0.0124 0.4998
vn -0.8968 0.1467 0.4173
vn -0.5000 0.0216 0.8658
vn -0.5813 0.3084 0.7530
vn -0.5170 0.4209 0.7453
vn -0.8686 0.2236 0.4423
vn -0.8080 0.3230 0.4928
vn -0.9382 0.2214 0.2660
# 101 vertex normals

vt 0.0938 3.9996 0.0000
vt 0.1014 4.0072 0.0000
vt 0.1042 4.0176 0.0000
vt 0.0833 3.9968 0.0000
vt 0.1042 4.1426 0.0000
vt 0.0938 4.1607 0.0000
vt 0.1014 4.1531 0.0000
vt 0.0833 4.1635 0.0000
vt -0.0833 4.1635 0.0000
vt -0.1042 4.0176 0.0000
vt -0.0938 3.9996 0.0000
vt -0.0833 3.9968 0.0000
vt -0.1014 4.0072 0.0000
vt -0.1042 4.1426 0.0000
vt -0.1014 4.1531 0.0000
vt -0.0938 4.1607 0.0000
vt -0.1957 -1.2587 0.0000
vt -0.2064 -1.2567 0.0000
vt -0.2335 -1.3985 0.0000
vt -0.1850 -1.2608 0.0000
vt -0.2014 -1.4046 0.0000
vt -0.1743 -1.2628 0.0000
vt -0.3317 -1.9115 0.0000
vt -0.3210 -1.9135 0.0000
vt -0.3046 -1.7697 0.0000
vt -0.2774 -1.6279 0.0000
vt -0.2724 -1.7759 0.0000
vt -0.2369 -1.5902 0.0000
vt -0.2555 -1.5132 0.0000
vt -0.3103 -1.9156 0.0000
vt -0.2996 -1.9176 0.0000
vt 2.6356 -1.1524 0.0000
vt 2.7540 -1.1122 0.0000
vt 2.5393 -0.4810 0.0000
vt 2.4210 -0.5213 0.0000
vt -0.2149 -1.2549 0.0000
vt -0.2256 -1.2529 0.0000
vt -0.2513 -1.3950 0.0000
vt -0.2042 -1.2568 0.0000
vt -0.2191 -1.4008 0.0000
vt -0.1934 -1.2588 0.0000
vt -0.3442 -1.9090 0.0000
vt -0.3335 -1.9109 0.0000
vt -0.3186 -1.7669 0.0000
vt -0.2929 -1.6249 0.0000
vt -0.2864 -1.7728 0.0000
vt -0.2527 -1.5868 0.0000
vt -0.2721 -1.5099 0.0000
vt -0.3228 -1.9128 0.0000
vt -0.3120 -1.9148 0.0000
vt 0.0833 2.5838 0.0000
vt -0.0833 2.5838 0.0000
vt 0.0833 1.9171 0.0000
vt -0.0833 1.9171 0.0000
vt 0.2042 -1.2568 0.0000
vt 0.1934 -1.2588 0.0000
vt 0.2191 -1.4008 0.0000
vt 0.2149 -1.2549 0.0000
vt 0.2513 -1.3950 0.0000
vt 0.2256 -1.2529 0.0000
vt 0.3120 -1.9148 0.0000
vt 0.3228 -1.9128 0.0000
vt 0.2864 -1.7728 0.0000
vt 0.2607 -1.6307 0.0000
vt 0.3186 -1.7669 0.0000
vt 0.2849 -1.5809 0.0000
vt 0.2399 -1.5158 0.0000
vt 0.3335 -1.9109 0.0000
vt 0.3442 -1.9090 0.0000
vt -2.7540 -1.1122 0.0000
vt -2.6356 -1.1524 0.0000
vt -2.5393 -0.4810 0.0000
vt -2.4210 -0.5213 0.0000
vt 0.1850 -1.2608 0.0000
vt 0.1743 -1.2628 0.0000
vt 0.2014 -1.4046 0.0000
vt 0.1957 -1.2587 0.0000
vt 0.2335 -1.3985 0.0000
vt 0.2064 -1.2567 0.0000
vt 0.2996 -1.9176 0.0000
vt 0.3103 -1.9156 0.0000
vt 0.2724 -1.7759 0.0000
vt 0.2453 -1.6341 0.0000
vt 0.3046 -1.7697 0.0000
vt 0.2691 -1.5841 0.0000
vt 0.2233 -1.5194 0.0000
vt 0.3210 -1.9135 0.0000
vt 0.3317 -1.9115 0.0000
vt -0.1042 -0.0870 0.0000
vt -0.0938 -0.1050 0.0000
vt -0.0833 -0.1078 0.0000
vt -0.1014 -0.0974 0.0000
vt 0.0833 0.0589 0.0000
vt 0.0833 -0.1078 0.0000
vt 0.1014 -0.0974 0.0000
vt 0.0938 -0.1050 0.0000
vt 0.1042 -0.0870 0.0000
vt 0.1042 0.0380 0.0000
vt -0.1042 0.0380 0.0000
vt -0.0938 0.0561 0.0000
vt -0.1014 0.0484 0.0000
vt -0.0833 0.0589 0.0000
vt 0.1014 0.0484 0.0000
vt 0.0938 0.0561 0.0000
vt 2.2664 -0.2620 0.0000
vt 2.2714 -0.2501 0.0000
vt 2.2080 -0.2282 0.0000
vt 2.4723 -0.3668 0.0000
vt 2.4087 -0.3214 0.0000
vt 2.3712 -0.3194 0.0000
vt 1.9349 -0.0859 0.0000
vt 1.8597 -0.0360 0.0000
vt 1.8829 -0.0656 0.0000
vt 2.4115 -0.3470 0.0000
vt 2.3598 -0.3240 0.0000
vt 1.9568 -0.1126 0.0000
vt 1.9901 -0.1184 0.0000
vt 2.3247 -0.2885 0.0000
vt 1.9132 -0.1008 0.0000
vt 1.8857 -0.0776 0.0000
vt 1.8446 -0.0651 0.0000
vt 2.3250 -0.3148 0.0000
vt 2.3936 -0.3505 0.0000
vt 2.2028 -0.2144 0.0000
vt 2.1342 -0.1787 0.0000
vt 2.2902 -0.2859 0.0000
vt 2.2184 -0.2472 0.0000
vt 2.4672 -0.3764 0.0000
vt 2.4622 -0.3861 0.0000
vt 1.9283 -0.0717 0.0000
vt 1.7860 -0.0101 0.0000
vt 1.8371 -0.0484 0.0000
vt 1.7810 -0.0197 0.0000
vt 2.0615 -0.1537 0.0000
vt 1.9969 -0.1074 0.0000
vt 1.7760 -0.0294 0.0000
vt 1.7911 -0.0004 0.0000
vt 2.0306 -0.1496 0.0000
vt 2.1575 -0.2092 0.0000
vt 2.0949 -0.1804 0.0000
vt 2.2563 -0.2791 0.0000
vt 2.1564 -0.2189 0.0000
vt 2.1877 -0.2434 0.0000
vt 1.9818 -0.1364 0.0000
vt 2.0505 -0.1721 0.0000
vt 2.1191 -0.2078 0.0000
vt 2.0656 -0.1431 0.0000
vt 2.4773 -0.3571 0.0000
vt 2.3401 -0.2857 0.0000
vt 2.2560 -0.1401 0.0000
vt 2.0835 -0.2033 0.0000
vt 2.1948 -0.2491 0.0000
vt 2.1167 -0.0828 0.0000
vt 1.9644 -0.1857 0.0000
vt 1.9676 -0.0607 0.0000
vt 2.2918 -0.3203 0.0000
vt 2.3775 -0.2294 0.0000
vt 2.4738 -0.3453 0.0000
vt 2.3687 -0.4129 0.0000
vt 2.2587 -0.2375 0.0000
vt 2.3219 -0.2710 0.0000
vt 2.3023 -0.2513 0.0000
vt 2.3036 -0.2336 0.0000
vt 2.3630 -0.2645 0.0000
vt 2.4024 -0.2972 0.0000
vt 2.1738 -0.1761 0.0000
vt 2.2234 -0.2060 0.0000
vt 2.1997 -0.1796 0.0000
vt 1.9782 -0.0829 0.0000
vt 1.9174 -0.0697 0.0000
vt 1.9769 -0.1006 0.0000
vt 2.1929 -0.2011 0.0000
vt 2.2365 -0.2356 0.0000
vt 2.3974 -0.3069 0.0000
vt 2.3479 -0.2935 0.0000
vt 2.3923 -0.3166 0.0000
vt 2.2885 -0.2626 0.0000
vt 2.1180 -0.1464 0.0000
vt 2.1402 -0.1671 0.0000
vt 2.0939 -0.1507 0.0000
vt 2.1327 -0.1816 0.0000
vt 2.0551 -0.1174 0.0000
vt 1.9920 -0.0716 0.0000
vt 2.1478 -0.1526 0.0000
vt 2.0958 -0.1256 0.0000
vt 1.9325 -0.0407 0.0000
vt 1.8831 -0.0273 0.0000
vt 1.8781 -0.0370 0.0000
vt 2.4074 -0.2876 0.0000
vt 2.0328 -0.1199 0.0000
vt 1.8730 -0.0467 0.0000
vt 2.0808 -0.1546 0.0000
vt 2.0288 -0.1276 0.0000
vt 1.8881 -0.0176 0.0000
vt 2.0439 -0.0986 0.0000
vt 2.1846 -0.2086 0.0000
vt 2.2516 -0.2066 0.0000
vt 0.0833 1.1383 0.0000
vt 0.0833 1.2539 0.0000
vt -0.0833 1.1383 0.0000
vt 0.0833 1.0228 0.0000
vt -0.0833 1.0228 0.0000
vt -0.0833 1.2539 0.0000
vt -0.0833 0.9072 0.0000
vt -0.0833 0.7916 0.0000
vt 0.0833 0.6761 0.0000
vt 0.0833 0.7916 0.0000
vt 0.0833 0.9072 0.0000
vt -0.0833 0.6761 0.0000
vt -2.3974 -0.3069 0.0000
vt -2.3923 -0.3166 0.0000
vt -2.3479 -0.2935 0.0000
vt -2.2885 -0.2626 0.0000
vt -2.3023 -0.2513 0.0000
vt -2.4074 -0.2876 0.0000
vt -2.4024 -0.2972 0.0000
vt -2.3630 -0.2645 0.0000
vt -1.9782 -0.0829 0.0000
vt -1.9325 -0.0407 0.0000
vt -1.9920 -0.0716 0.0000
vt -2.2406 -0.2279 0.0000
vt -2.3036 -0.2336 0.0000
vt -2.0399 -0.1063 0.0000
vt -2.0439 -0.0986 0.0000
vt -2.2299 -0.2082 0.0000
vt -1.9174 -0.0697 0.0000
vt -1.8730 -0.0467 0.0000
vt -1.8781 -0.0370 0.0000
vt -2.1402 -0.1671 0.0000
vt -2.1002 -0.1386 0.0000
vt -2.1478 -0.1526 0.0000
vt -1.9769 -0.1006 0.0000
vt -2.0506 -0.1260 0.0000
vt -2.1327 -0.1816 0.0000
vt -2.1802 -0.1956 0.0000
vt -2.0808 -0.1546 0.0000
vt -1.8831 -0.0273 0.0000
vt -2.1997 -0.1796 0.0000
vt -2.2516 -0.2066 0.0000
vt -2.2365 -0.2356 0.0000
vt -1.8881 -0.0176 0.0000
vt -2.1846 -0.2086 0.0000
vt -2.0958 -0.1256 0.0000
vt -2.0288 -0.1276 0.0000
vt -2.1948 -0.2491 0.0000
vt -2.0835 -0.2033 0.0000
vt -2.2560 -0.1401 0.0000
vt -2.1167 -0.0828 0.0000
vt -1.9676 -0.0607 0.0000
vt -1.9644 -0.1857 0.0000
vt -2.3775 -0.2294 0.0000
vt -2.2918 -0.3203 0.0000
vt -2.3687 -0.4129 0.0000
vt -2.4738 -0.3453 0.0000
vt -2.4622 -0.3861 0.0000
vt -2.3936 -0.3505 0.0000
vt -2.4115 -0.3470 0.0000
vt -2.3598 -0.3240 0.0000
vt -2.3712 -0.3194 0.0000
vt -2.4723 -0.3668 0.0000
vt -2.4087 -0.3214 0.0000
vt -2.4773 -0.3571 0.0000
vt -1.8371 -0.0484 0.0000
vt -1.8829 -0.0656 0.0000
vt -1.8857 -0.0776 0.0000
vt -2.2902 -0.2859 0.0000
vt -2.2184 -0.2472 0.0000
vt -2.2664 -0.2620 0.0000
vt -2.2080 -0.2282 0.0000
vt -2.2714 -0.2501 0.0000
vt -2.1575 -0.2092 0.0000
vt -1.9969 -0.1074 0.0000
vt -1.9349 -0.0859 0.0000
vt -1.9283 -0.0717 0.0000
vt -2.4672 -0.3764 0.0000
vt -2.3247 -0.2885 0.0000
vt -2.3401 -0.2857 0.0000
vt -1.7810 -0.0197 0.0000
vt -1.7760 -0.0294 0.0000
vt -2.2028 -0.2144 0.0000
vt -2.2563 -0.2791 0.0000
vt -2.1877 -0.2434 0.0000
vt -1.9568 -0.1126 0.0000
vt -1.9132 -0.1008 0.0000
vt -1.8446 -0.0651 0.0000
vt -2.3250 -0.3148 0.0000
vt -1.7860 -0.0101 0.0000
vt -1.8597 -0.0360 0.0000
vt -2.1342 -0.1787 0.0000
vt -1.9901 -0.1184 0.0000
vt -2.0615 -0.1537 0.0000
vt -2.0306 -0.1496 0.0000
vt -2.0505 -0.1721 0.0000
vt -2.0949 -0.1804 0.0000
vt -2.1564 -0.2189 0.0000
vt -1.9818 -0.1364 0.0000
vt -2.0656 -0.1431 0.0000
vt -2.1191 -0.2078 0.0000
vt -1.7911 -0.0004 0.0000
vt 0.0833 1.5382 0.0000
vt -0.0833 1.6944 0.0000
vt -0.0833 1.5382 0.0000
vt 0.0833 1.3821 0.0000
vt -0.0833 1.3821 0.0000
vt 0.0833 1.6944 0.0000
vt -0.0833 1.2259 0.0000
vt 0.0833 1.0697 0.0000
vt -0.0833 1.0697 0.0000
vt -0.0833 0.9136 0.0000
vt 0.0833 1.2259 0.0000
vt 0.0833 0.9136 0.0000
# 311 texture coords

g _Sweep__1747_
usemtl aluminum
s off
f 1086/1576/364 1087/1577/364 1088/1578/364 
f 1088/1578/364 1089/1579/364 1086/1576/364 
f 1090/1580/364 1089/1579/364 1088/1578/364 
f 1091/1581/364 1090/1580/364 1092/1582/364 
f 1090/1580/364 1091/1581/364 1093/1583/364 
f 1093/1583/364 1089/1579/364 1090/1580/364 
f 1093/1583/364 1094/1584/364 1089/1579/364 
f 1095/1585/364 1096/1586/364 1097/1587/364 
f 1096/1586/364 1095/1585/364 1098/1588/364 
f 1099/1589/364 1095/1585/364 1097/1587/364 
f 1100/1590/364 1094/1584/364 1101/1591/364 
f 1094/1584/364 1100/1590/364 1099/1589/364 
f 1099/1589/364 1097/1587/364 1094/1584/364 
f 1089/1579/364 1094/1584/364 1097/1587/364 
f 1102/1592/365 1103/1593/366 1104/1594/366 
f 1105/1595/367 1106/1596/368 1107/1597/368 
f 1099/1598/366 1100/1599/365 1108/1600/366 
f 1109/1601/366 1110/1602/368 1111/1603/368 
f 1109/1601/366 1111/1603/368 1112/1604/366 
f 1104/1594/366 1112/1604/366 1106/1596/368 
f 1110/1602/368 1108/1600/366 1101/1605/367 
f 1104/1594/366 1106/1596/368 1105/1595/367 
f 1105/1595/367 1102/1592/365 1104/1594/366 
f 1108/1600/366 1100/1599/365 1101/1605/367 
f 1106/1596/368 1112/1604/366 1111/1603/368 
f 1101/1605/367 1094/1606/368 1110/1602/368 
f 1110/1602/368 1109/1601/366 1108/1600/366 
f 1095/1607/366 1099/1608/366 1103/1609/366 
f 1103/1609/366 1113/1610/366 1095/1607/366 
f 1114/1611/369 1115/1612/370 1116/1613/370 
f 1117/1614/371 1118/1615/366 1113/1616/366 
f 1097/1617/370 1096/1618/369 1119/1619/370 
f 1120/1620/370 1121/1621/366 1122/1622/366 
f 1120/1620/370 1122/1622/366 1123/1623/370 
f 1116/1613/370 1123/1623/370 1118/1615/366 
f 1121/1621/366 1119/1619/370 1098/1624/371 
f 1116/1613/370 1118/1615/366 1117/1614/371 
f 1117/1614/371 1114/1611/369 1116/1613/370 
f 1119/1619/370 1096/1618/369 1098/1624/371 
f 1118/1615/366 1123/1623/370 1122/1622/366 
f 1098/1624/371 1095/1625/366 1121/1621/366 
f 1121/1621/366 1120/1620/370 1119/1619/370 
f 1089/1626/370 1097/1627/370 1124/1628/370 
f 1115/1629/370 1124/1628/370 1097/1627/370 
f 1125/1630/372 1126/1631/373 1127/1632/373 
f 1128/1633/374 1129/1634/370 1124/1635/370 
f 1088/1636/373 1087/1637/372 1130/1638/373 
f 1131/1639/373 1132/1640/370 1133/1641/370 
f 1131/1639/373 1133/1641/370 1134/1642/373 
f 1127/1632/373 1134/1642/373 1129/1634/370 
f 1132/1640/370 1130/1638/373 1086/1643/374 
f 1127/1632/373 1129/1634/370 1128/1633/374 
f 1128/1633/374 1125/1630/372 1127/1632/373 
f 1130/1638/373 1087/1637/372 1086/1643/374 
f 1129/1634/370 1134/1642/373 1133/1641/370 
f 1086/1643/374 1089/1644/370 1132/1640/370 
f 1132/1640/370 1131/1639/373 1130/1638/373 
f 1090/1645/373 1088/1646/373 1135/1647/373 
f 1126/1648/373 1135/1647/373 1088/1646/373 
f 1136/1649/375 1137/1650/368 1138/1651/368 
f 1139/1652/376 1140/1653/373 1135/1654/373 
f 1093/1655/368 1091/1656/375 1141/1657/368 
f 1142/1658/368 1143/1659/373 1144/1660/373 
f 1142/1658/368 1144/1660/373 1145/1661/368 
f 1138/1651/368 1145/1661/368 1140/1653/373 
f 1143/1659/373 1141/1657/368 1092/1662/376 
f 1138/1651/368 1140/1653/373 1139/1652/376 
f 1139/1652/376 1136/1649/375 1138/1651/368 
f 1141/1657/368 1091/1656/375 1092/1662/376 
f 1140/1653/373 1145/1661/368 1144/1660/373 
f 1092/1662/376 1090/1663/373 1143/1659/373 
f 1143/1659/373 1142/1658/368 1141/1657/368 
f 1094/1626/368 1093/1627/368 1137/1629/368 
f 1137/1629/368 1107/1628/368 1094/1626/368 
f 1146/1664/377 1147/1665/377 1148/1666/377 
f 1147/1665/377 1146/1664/377 1149/1667/377 
f 1150/1668/377 1148/1666/377 1151/1669/377 
f 1152/1670/377 1151/1669/377 1153/1671/377 
f 1151/1669/377 1152/1670/377 1154/1672/377 
f 1155/1673/377 1151/1669/377 1154/1672/377 
f 1146/1664/377 1148/1666/377 1156/1674/377 
f 1157/1675/377 1158/1676/377 1156/1674/377 
f 1156/1674/377 1159/1677/377 1157/1675/377 
f 1148/1666/377 1150/1668/377 1159/1677/377 
f 1150/1668/377 1155/1673/377 1160/1678/377 
f 1160/1678/377 1161/1679/377 1150/1668/377 
f 1155/1673/377 1150/1668/377 1151/1669/377 
f 1159/1677/377 1156/1674/377 1148/1666/377 
f 1162/1680/378 1163/1681/379 1164/1682/380 
f 1105/1683/367 1165/1684/381 1166/1685/382 
f 1167/1686/383 1168/1687/384 1169/1688/385 
f 1170/1689/386 1166/1685/382 1171/1690/387 
f 1167/1686/383 1172/1691/388 1173/1692/389 
f 1166/1685/382 1165/1684/381 1174/1693/390 
f 1175/1694/366 1176/1695/391 1177/1696/366 
f 1171/1690/387 1178/1697/366 1179/1698/366 
f 1164/1682/380 1180/1699/392 1181/1700/393 
f 1105/1683/367 1166/1685/382 1170/1689/386 
f 1182/1701/394 1171/1690/387 1166/1685/382 
f 1171/1690/387 1182/1701/394 1178/1697/366 
f 1182/1701/394 1162/1680/378 1183/1702/395 
f 1102/1703/365 1170/1689/386 1103/1704/366 
f 1168/1687/384 1167/1686/383 1184/1705/396 
f 1174/1693/390 1163/1681/379 1162/1680/378 
f 1162/1680/378 1164/1682/380 1183/1702/395 
f 1168/1687/384 1161/1706/397 1169/1688/385 
f 1176/1695/391 1185/1707/398 1177/1696/366 
f 1161/1706/397 1160/1708/399 1185/1707/398 
f 1169/1688/385 1176/1695/391 1172/1691/388 
f 1186/1709/400 1187/1710/401 1173/1692/389 
f 1179/1698/366 1103/1704/366 1170/1689/386 
f 1155/1711/366 1177/1696/366 1185/1707/398 
f 1150/1712/402 1161/1706/397 1168/1687/384 
f 1173/1692/389 1172/1691/388 1188/1713/403 
f 1166/1685/382 1174/1693/390 1182/1701/394 
f 1189/1714/404 1186/1709/400 1190/1715/405 
f 1183/1702/395 1191/1716/366 1182/1701/394 
f 1173/1692/389 1188/1713/403 1186/1709/400 
f 1192/1717/406 1183/1702/395 1189/1714/404 
f 1179/1698/366 1170/1689/386 1171/1690/387 
f 1191/1716/366 1183/1702/395 1193/1718/366 
f 1191/1716/366 1178/1697/366 1182/1701/394 
f 1105/1683/367 1170/1689/386 1102/1703/365 
f 1176/1695/391 1175/1694/366 1172/1691/388 
f 1185/1707/398 1176/1695/391 1169/1688/385 
f 1188/1713/403 1194/1719/366 1195/1720/366 
f 1194/1719/366 1188/1713/403 1172/1691/388 
f 1195/1720/366 1196/1721/366 1190/1715/405 
f 1172/1691/388 1167/1686/383 1169/1688/385 
f 1192/1717/406 1196/1721/366 1193/1718/366 
f 1190/1715/405 1186/1709/400 1188/1713/403 
f 1187/1710/401 1186/1709/400 1197/1722/407 
f 1172/1691/388 1175/1694/366 1194/1719/366 
f 1161/1706/397 1185/1707/398 1169/1688/385 
f 1185/1707/398 1160/1708/399 1155/1711/366 
f 1195/1720/366 1190/1715/405 1188/1713/403 
f 1192/1717/406 1190/1715/405 1196/1721/366 
f 1183/1702/395 1192/1717/406 1193/1718/366 
f 1190/1715/405 1192/1717/406 1189/1714/404 
f 1165/1684/381 1105/1683/367 1107/1723/368 
f 1198/1724/408 1174/1693/390 1165/1684/381 
f 1197/1722/407 1186/1709/400 1181/1700/393 
f 1182/1701/394 1174/1693/390 1162/1680/378 
f 1163/1681/379 1174/1693/390 1198/1724/408 
f 1180/1699/392 1164/1682/380 1163/1681/379 
f 1183/1702/395 1164/1682/380 1189/1714/404 
f 1189/1714/404 1181/1700/393 1186/1709/400 
f 1164/1682/380 1181/1700/393 1189/1714/404 
f 1184/1705/396 1167/1686/383 1187/1710/401 
f 1187/1710/401 1167/1686/383 1173/1692/389 
f 1195/1725/366 1199/1726/366 1200/1727/366 
f 1175/1728/366 1199/1726/366 1195/1725/366 
f 1154/1729/366 1175/1728/366 1155/1730/366 
f 1175/1728/366 1154/1729/366 1199/1726/366 
f 1200/1727/366 1201/1731/366 1193/1732/366 
f 1178/1733/366 1202/1734/366 1113/1610/366 
f 1178/1733/366 1113/1610/366 1103/1609/366 
f 1193/1732/366 1195/1725/366 1200/1727/366 
f 1193/1732/366 1202/1734/366 1178/1733/366 
f 1193/1732/366 1201/1731/366 1202/1734/366 
f 1203/1735/409 1204/1736/410 1205/1737/411 
f 1202/1738/366 1205/1737/411 1206/1739/366 
f 1117/1740/371 1206/1739/366 1205/1737/411 
f 1207/1741/412 1208/1742/413 1201/1743/366 
f 1209/1744/414 1210/1745/415 1211/1746/416 
f 1203/1735/409 1205/1737/411 1208/1742/413 
f 1212/1747/417 1213/1748/418 1203/1735/409 
f 1204/1736/410 1114/1749/369 1205/1737/411 
f 1114/1749/369 1214/1750/419 1115/1751/370 
f 1114/1749/369 1117/1740/371 1205/1737/411 
f 1215/1752/420 1204/1736/410 1203/1735/409 
f 1207/1741/412 1216/1753/421 1217/1754/422 
f 1218/1755/423 1219/1756/424 1212/1747/417 
f 1212/1747/417 1217/1754/422 1218/1755/423 
f 1209/1744/414 1220/1757/425 1199/1758/366 
f 1221/1759/366 1200/1760/366 1216/1753/421 
f 1114/1749/369 1204/1736/410 1214/1750/419 
f 1209/1744/414 1222/1761/366 1152/1762/426 
f 1215/1752/420 1214/1750/419 1204/1736/410 
f 1209/1744/414 1152/1762/426 1153/1763/427 
f 1117/1740/371 1113/1764/366 1206/1739/366 
f 1211/1746/416 1223/1765/428 1209/1744/414 
f 1203/1735/409 1208/1742/413 1212/1747/417 
f 1153/1763/427 1151/1766/429 1210/1745/415 
f 1224/1767/430 1218/1755/423 1223/1765/428 
f 1223/1765/428 1211/1746/416 1225/1768/431 
f 1222/1761/366 1209/1744/414 1199/1758/366 
f 1220/1757/425 1209/1744/414 1223/1765/428 
f 1222/1761/366 1154/1769/366 1152/1762/426 
f 1212/1747/417 1208/1742/413 1217/1754/422 
f 1153/1763/427 1210/1745/415 1209/1744/414 
f 1213/1748/418 1215/1752/420 1203/1735/409 
f 1221/1759/366 1216/1753/421 1207/1741/412 
f 1220/1757/425 1223/1765/428 1218/1755/423 
f 1220/1757/425 1226/1770/366 1199/1758/366 
f 1227/1771/432 1212/1747/417 1219/1756/424 
f 1220/1757/425 1218/1755/423 1217/1754/422 
f 1218/1755/423 1224/1767/430 1219/1756/424 
f 1208/1742/413 1207/1741/412 1217/1754/422 
f 1200/1760/366 1220/1757/425 1216/1753/421 
f 1220/1757/425 1217/1754/422 1216/1753/421 
f 1208/1742/413 1202/1738/366 1228/1772/366 
f 1221/1759/366 1207/1741/412 1201/1743/366 
f 1202/1738/366 1208/1742/413 1205/1737/411 
f 1228/1772/366 1201/1743/366 1208/1742/413 
f 1212/1747/417 1227/1771/432 1213/1748/418 
f 1220/1757/425 1200/1760/366 1226/1770/366 
f 1224/1767/430 1223/1765/428 1225/1768/431 
f 1229/1773/420 1124/1774/370 1215/1775/420 
f 1230/1776/432 1229/1773/420 1227/1777/432 
f 1115/1778/370 1215/1775/420 1124/1774/370 
f 1227/1777/432 1229/1773/420 1215/1775/420 
f 1227/1777/432 1224/1779/430 1230/1776/432 
f 1211/1780/416 1148/1781/429 1231/1782/416 
f 1224/1779/430 1231/1782/416 1232/1783/430 
f 1231/1782/416 1224/1779/430 1211/1780/416 
f 1148/1781/429 1211/1780/416 1151/1784/429 
f 1230/1776/432 1224/1779/430 1232/1783/430 
f 1128/1785/374 1124/1786/370 1233/1787/419 
f 1229/1788/420 1234/1789/433 1233/1787/419 
f 1126/1790/373 1125/1791/372 1235/1792/373 
f 1234/1789/433 1128/1785/374 1233/1787/419 
f 1236/1793/434 1237/1794/373 1238/1795/373 
f 1239/1796/435 1234/1789/433 1229/1788/420 
f 1240/1797/373 1235/1792/373 1234/1789/433 
f 1234/1789/433 1235/1792/373 1125/1791/372 
f 1241/1798/436 1238/1795/373 1242/1799/373 
f 1125/1791/372 1128/1785/374 1234/1789/433 
f 1234/1789/433 1243/1800/437 1240/1797/373 
f 1244/1801/415 1148/1802/429 1147/1803/438 
f 1245/1804/439 1246/1805/440 1247/1806/373 
f 1244/1801/415 1236/1793/434 1231/1807/416 
f 1236/1793/434 1248/1808/441 1231/1807/416 
f 1249/1809/424 1245/1804/439 1250/1810/442 
f 1239/1796/435 1243/1800/437 1234/1789/433 
f 1236/1793/434 1244/1801/415 1147/1803/438 
f 1249/1809/424 1232/1811/430 1245/1804/439 
f 1236/1793/434 1147/1803/438 1149/1812/443 
f 1243/1800/437 1251/1813/373 1252/1814/373 
f 1238/1795/373 1241/1798/436 1236/1793/434 
f 1239/1796/435 1229/1788/420 1253/1815/418 
f 1149/1812/443 1146/1816/373 1237/1794/373 
f 1230/1817/432 1250/1810/442 1239/1796/435 
f 1243/1800/437 1239/1796/435 1250/1810/442 
f 1243/1800/437 1252/1814/373 1240/1797/373 
f 1248/1808/441 1236/1793/434 1241/1798/436 
f 1243/1800/437 1250/1810/442 1245/1804/439 
f 1149/1812/443 1237/1794/373 1236/1793/434 
f 1250/1810/442 1230/1817/432 1249/1809/424 
f 1254/1818/373 1246/1805/440 1241/1798/436 
f 1248/1808/441 1245/1804/439 1232/1811/430 
f 1248/1808/441 1241/1798/436 1246/1805/440 
f 1248/1808/441 1255/1819/431 1231/1807/416 
f 1247/1806/373 1251/1813/373 1245/1804/439 
f 1248/1808/441 1246/1805/440 1245/1804/439 
f 1246/1805/440 1254/1818/373 1247/1806/373 
f 1251/1813/373 1243/1800/437 1245/1804/439 
f 1230/1817/432 1239/1796/435 1253/1815/418 
f 1248/1808/441 1232/1811/430 1255/1819/431 
f 1242/1799/373 1254/1818/373 1241/1798/436 
f 1254/1820/373 1238/1821/373 1256/1822/373 
f 1256/1822/373 1238/1821/373 1257/1823/373 
f 1156/1824/373 1257/1823/373 1146/1825/373 
f 1238/1821/373 1146/1825/373 1257/1823/373 
f 1258/1826/373 1251/1827/373 1254/1820/373 
f 1126/1648/373 1240/1828/373 1259/1829/373 
f 1135/1647/373 1126/1648/373 1259/1829/373 
f 1254/1820/373 1256/1822/373 1258/1826/373 
f 1259/1829/373 1240/1828/373 1258/1826/373 
f 1240/1828/373 1251/1827/373 1258/1826/373 
f 1135/1830/373 1260/1831/373 1261/1832/444 
f 1261/1832/444 1262/1833/445 1263/1834/446 
f 1136/1835/375 1264/1836/381 1137/1837/368 
f 1265/1838/447 1266/1839/448 1267/1840/449 
f 1268/1841/450 1269/1842/451 1270/1843/452 
f 1271/1844/453 1272/1845/379 1270/1843/452 
f 1264/1836/381 1136/1835/375 1263/1834/446 
f 1269/1842/451 1273/1846/454 1271/1844/453 
f 1274/1847/401 1275/1848/455 1276/1849/396 
f 1139/1850/376 1261/1832/444 1136/1835/375 
f 1264/1836/381 1277/1851/456 1278/1852/408 
f 1158/1853/457 1265/1838/447 1156/1854/373 
f 1279/1855/392 1272/1845/379 1271/1844/453 
f 1269/1842/451 1280/1856/373 1258/1857/373 
f 1281/1858/458 1267/1840/449 1266/1839/448 
f 1277/1851/456 1268/1841/450 1270/1843/452 
f 1267/1840/449 1257/1859/373 1282/1860/373 
f 1267/1840/449 1281/1858/458 1257/1859/373 
f 1259/1861/373 1262/1833/445 1260/1831/373 
f 1265/1838/447 1157/1862/459 1266/1839/448 
f 1262/1833/445 1261/1832/444 1260/1831/373 
f 1275/1848/455 1266/1839/448 1283/1863/384 
f 1157/1862/459 1283/1863/384 1266/1839/448 
f 1273/1846/454 1284/1864/393 1271/1844/453 
f 1268/1841/450 1277/1851/456 1263/1834/446 
f 1263/1834/446 1262/1833/445 1268/1841/450 
f 1285/1865/460 1286/1866/461 1287/1867/462 
f 1282/1860/373 1265/1838/447 1267/1840/449 
f 1262/1833/445 1259/1861/373 1268/1841/450 
f 1256/1868/373 1287/1867/462 1288/1869/463 
f 1269/1842/451 1268/1841/450 1280/1856/373 
f 1289/1870/464 1269/1842/451 1258/1857/373 
f 1268/1841/450 1259/1861/373 1280/1856/373 
f 1136/1835/375 1261/1832/444 1263/1834/446 
f 1261/1832/444 1139/1850/376 1135/1830/373 
f 1282/1860/373 1156/1854/373 1265/1838/447 
f 1266/1839/448 1275/1848/455 1281/1858/458 
f 1287/1867/462 1281/1858/458 1285/1865/460 
f 1287/1867/462 1290/1871/373 1281/1858/458 
f 1274/1847/401 1286/1866/461 1285/1865/460 
f 1286/1866/461 1288/1869/463 1287/1867/462 
f 1291/1872/407 1286/1866/461 1274/1847/401 
f 1289/1870/464 1258/1857/373 1292/1873/373 
f 1286/1866/461 1291/1872/407 1284/1864/393 
f 1290/1871/373 1287/1867/462 1256/1868/373 
f 1290/1871/373 1257/1859/373 1281/1858/458 
f 1157/1862/459 1265/1838/447 1158/1853/457 
f 1289/1870/464 1288/1869/463 1273/1846/454 
f 1256/1868/373 1288/1869/463 1292/1873/373 
f 1288/1869/463 1289/1870/464 1292/1873/373 
f 1269/1842/451 1289/1870/464 1273/1846/454 
f 1277/1851/456 1264/1836/381 1263/1834/446 
f 1283/1863/384 1157/1862/459 1159/1874/402 
f 1276/1849/396 1275/1848/455 1283/1863/384 
f 1278/1852/408 1277/1851/456 1272/1845/379 
f 1272/1845/379 1277/1851/456 1270/1843/452 
f 1269/1842/451 1271/1844/453 1270/1843/452 
f 1286/1866/461 1284/1864/393 1273/1846/454 
f 1273/1846/454 1288/1869/463 1286/1866/461 
f 1279/1855/392 1271/1844/453 1284/1864/393 
f 1281/1858/458 1275/1848/455 1285/1865/460 
f 1275/1848/455 1274/1847/401 1285/1865/460 
f 1198/1875/408 1137/1876/368 1278/1877/408 
f 1180/1878/392 1278/1877/408 1279/1879/392 
f 1137/1876/368 1198/1875/408 1107/1880/368 
f 1198/1875/408 1278/1877/408 1180/1878/392 
f 1279/1879/392 1291/1881/407 1180/1878/392 
f 1184/1882/396 1291/1881/407 1276/1883/396 
f 1184/1882/396 1276/1883/396 1159/1884/402 
f 1291/1881/407 1184/1882/396 1197/1885/407 
f 1184/1882/396 1159/1884/402 1150/1886/402 
f 1291/1881/407 1197/1885/407 1180/1878/392 
# 342 faces

#
# object _Extrusion__1766_
#

v  15.8380 33.0277 59.0507
v  15.8380 33.9115 58.3459
v  15.8380 35.0136 58.0943
v  15.8380 35.0136 63.1743
v  15.8380 32.5373 61.1995
v  15.8380 32.5373 60.0691
v  15.8380 33.0277 62.2180
v  15.8380 33.9115 62.9228
v  15.8380 36.9994 59.0507
v  15.8380 37.4899 61.1995
v  15.8380 37.4899 60.0691
v  15.8380 36.1157 62.9228
v  15.8380 36.9994 62.2180
v  15.8380 36.1157 58.3459
v  -109.8920 37.4899 61.1995
v  -109.8920 37.4899 60.0691
v  -109.8920 36.9994 59.0507
v  -109.8920 35.0136 58.0943
v  -109.8920 36.9994 62.2180
v  -109.8920 35.0136 63.1743
v  -109.8920 36.1157 62.9228
v  -109.8920 36.1157 58.3459
v  -109.8920 33.9115 58.3459
v  -109.8920 33.0277 59.0507
v  -109.8920 32.5373 61.1995
v  -109.8920 33.0277 62.2180
v  -109.8920 33.9115 62.9228
v  -109.8920 32.5373 60.0691
v  -109.8920 33.4696 62.5704
v  -99.9628 33.2175 62.4304
v  -99.0942 33.7244 62.8229
v  -17.7806 32.6172 59.7923
v  -14.5209 32.4736 60.6343
v  -26.1318 32.4995 60.2722
v  -83.4956 34.1978 63.0397
v  -74.2738 34.4794 63.1175
v  -92.2944 35.0136 63.1743
v  -86.5282 32.5268 61.1514
v  -73.6623 32.5358 61.1929
v  -73.0459 32.6898 61.6597
v  4.9135 32.8629 61.9857
v  15.8380 32.7825 61.7087
v  4.9980 33.7224 62.8217
v  3.4924 34.2403 63.0537
v  -78.5298 33.6685 62.7889
v  -84.3229 32.5395 60.0593
v  -98.9675 32.6161 59.7954
v  -88.0430 32.7251 59.5323
v  -10.5585 34.1978 58.2289
v  -15.5243 33.6685 58.4797
v  -24.8430 33.8347 58.3845
v  2.0031 35.0136 63.1743
v  15.8380 34.5963 63.0791
v  -25.6666 35.0136 63.1743
v  -19.9651 34.1590 63.0262
v  -13.9215 34.5362 63.1291
v  1.5136 32.4796 60.8095
v  4.4992 32.6038 61.4370
v  -5.6756 32.5426 61.2222
v  -109.8920 32.5373 60.6343
v  -94.7126 32.4896 60.3499
v  -90.0335 33.4299 62.6202
v  -89.9430 33.0300 62.2208
v  -64.5939 34.2290 58.2185
v  -71.9638 33.8734 58.3646
v  -74.6355 34.3252 58.1894
v  -37.4640 33.3379 58.7254
v  -47.3336 33.3167 58.7442
v  -36.9488 33.7655 58.4221
v  -99.3779 32.8430 61.9535
v  -98.1200 32.5914 61.3990
v  -88.0430 32.7251 61.7364
v  -73.9454 32.9301 62.0872
v  -58.9350 32.9915 62.1714
v  -67.0260 33.4299 62.6202
v  -64.5315 34.2395 63.0535
v  -48.3003 34.3797 63.0940
v  -57.0991 35.0136 63.1743
v  -96.0571 35.0136 58.0943
v  -109.8920 34.5963 58.1896
v  -42.4789 32.5479 61.2442
v  -25.6668 32.5483 61.2457
v  -37.1993 32.7599 61.8058
v  5.3020 32.8441 59.3134
v  15.8380 32.7825 59.5599
v  4.1381 32.5935 59.8633
v  -81.5284 33.1279 58.9326
v  -75.8101 32.6661 59.6643
v  15.8380 33.4696 58.6982
v  5.7014 33.2053 58.8506
v  -97.5465 34.2403 58.2149
v  -99.0520 33.7224 58.4470
v  -7.0542 32.5251 60.1255
v  -36.9549 35.0136 58.0943
v  -45.7538 34.3797 58.1747
v  -54.5525 35.0136 58.0943
v  -99.8652 32.8292 59.3382
v  -19.7803 34.4794 58.1511
v  -1.7596 35.0136 58.0943
v  -91.2839 32.9867 59.1036
v  -92.2751 33.3441 58.7200
v  -109.8920 34.5963 63.0791
v  -97.6652 34.2403 63.0537
v  15.8380 34.5963 58.1896
v  3.6111 34.2403 58.2149
v  -38.1567 34.5068 63.1232
v  -39.5015 35.0136 63.1743
v  -55.8974 34.5068 58.1454
v  -54.7570 32.5199 61.1171
v  -63.2801 32.4741 60.5818
v  -47.0270 32.4736 60.6343
v  -63.2801 32.6450 61.5515
v  -64.2976 32.5175 61.1045
v  -79.9851 33.2348 62.4474
v  -21.5888 33.4299 62.6202
v  -31.7096 33.1052 62.3105
v  -17.8330 32.9478 62.1122
v  -34.0536 32.4763 60.7521
v  -24.0970 32.4772 60.7691
v  -13.4301 33.2784 58.7793
v  -4.4069 33.0261 59.0526
v  -18.2165 32.9817 59.1102
v  -72.4653 33.4299 58.6485
v  -58.0959 33.1721 58.8848
v  -70.7837 32.9385 59.1696
v  -49.7467 33.6937 58.4641
v  -50.5118 32.7248 61.7357
v  -45.2994 33.0647 62.2632
v  -33.1451 33.5316 62.6972
v  -52.8307 32.8625 59.2835
v  -6.0110 32.7251 59.5323
v  5.9087 33.6622 58.4836
v  -4.0205 33.4299 58.6485
v  -65.1518 33.8114 62.8718
v  -53.9118 33.3768 62.5766
v  -55.7172 33.8646 62.8996
v  -29.4602 34.2290 63.0501
v  -44.3074 33.6937 62.8045
v  -29.5226 34.2395 58.2151
v  -27.0280 33.4299 58.6485
v  -30.4822 32.9996 59.0866
v  -62.0519 33.6934 58.4644
v  -74.6967 35.0136 63.1743
v  -19.3573 35.0136 58.0943
v  -25.5719 33.8092 62.8706
v  -42.7386 33.0229 59.0567
v  -47.0270 32.6430 59.7221
v  -12.1227 33.2474 62.4597
v  -9.2330 33.6368 62.7688
v  -4.6590 32.9980 62.1799
v  -1.7789 33.3441 62.5486
v  15.8380 33.4696 62.5704
v  -83.0621 34.5464 58.1376
v  -68.3874 35.0136 58.0943
v  -82.7193 33.5038 58.5917
v  -100.3031 33.1293 58.9311
v  -11.8318 35.0136 63.1743
v  -10.4552 34.0941 63.0020
v  -82.2223 35.0136 58.0943
v  -83.5989 34.0941 58.2666
v  -30.7740 32.6450 59.7171
v  -38.5957 32.5145 60.1803
v  -54.5630 32.5163 60.1704
v  -109.8920 33.4696 58.6982
v  -109.8920 32.7825 61.7087
v  -95.9912 32.4858 60.8831
v  -79.5331 32.4736 60.6343
v  -73.4111 32.5150 60.1775
v  -63.2801 32.6450 59.7171
v  -15.5474 32.6152 61.4707
v  -24.6522 32.7314 61.7494
v  -6.0110 32.7251 61.7364
v  15.8380 32.5373 60.6343
v  1.9447 32.4925 60.3252
v  -109.8920 32.7825 59.5599
v  -99.9628 36.8096 58.8383
v  -99.0942 36.3027 58.4458
v  -109.8920 36.5575 58.6982
v  -42.4789 37.4793 60.0244
v  -25.6668 37.4789 60.0229
v  -37.1993 37.2673 59.4628
v  -83.4956 35.8294 58.2289
v  -74.2738 35.5478 58.1511
v  -92.2944 35.0136 58.0943
v  -88.0430 37.3021 61.7364
v  -81.5284 36.8993 62.3360
v  -75.8101 37.3611 61.6043
v  4.9135 37.1643 59.2829
v  15.8380 37.2447 59.5599
v  4.9980 36.3047 58.4470
v  3.4924 35.7869 58.2149
v  -90.0335 36.5973 58.6485
v  -89.9430 36.9972 59.0478
v  -84.3229 37.4877 61.2093
v  -98.9675 37.4111 61.4732
v  -57.0991 35.0136 58.0943
v  -64.5315 35.7877 58.2151
v  -25.6666 35.0136 58.0943
v  -19.9651 35.8682 58.2424
v  -13.9215 35.4909 58.1396
v  2.0031 35.0136 58.0943
v  15.8380 35.4309 58.1896
v  1.5136 37.5475 60.4591
v  4.4992 37.4234 59.8316
v  -5.6756 37.4846 60.0464
v  -109.8920 37.4899 60.6343
v  -94.7126 37.5376 60.9187
v  -17.7806 37.4100 61.4763
v  -14.5209 37.5536 60.6343
v  -26.1318 37.5276 60.9964
v  -64.5939 35.7982 63.0501
v  -71.9638 36.1538 62.9040
v  -74.6355 35.7019 63.0793
v  -99.8652 37.1980 61.9304
v  -99.3779 37.1842 59.3152
v  -98.1200 37.4357 59.8696
v  -88.0430 37.3021 59.5323
v  -48.3003 35.6475 58.1747
v  -37.4640 36.6893 62.5432
v  -47.3336 36.7104 62.5244
v  -36.9488 36.2616 62.8465
v  -96.0571 35.0136 63.1743
v  -109.8920 35.4309 63.0791
v  -36.9550 35.0136 63.1743
v  -19.7803 35.5478 63.1175
v  -29.5226 35.7877 63.0535
v  5.3020 37.1831 61.9552
v  15.8380 37.2447 61.7087
v  4.1381 37.4337 61.4054
v  -7.0542 37.5021 61.1431
v  15.8380 36.5575 62.5704
v  5.7014 36.8219 62.4180
v  -97.5465 35.7869 63.0537
v  -99.0520 36.3047 62.8217
v  -1.7596 35.0136 63.1743
v  -10.5585 35.8294 63.0397
v  -73.9454 37.0970 59.1814
v  -58.9350 37.0357 59.0972
v  -67.0260 36.5973 58.6485
v  -86.5282 37.5004 60.1172
v  -73.6623 37.4914 60.0757
v  -73.0459 37.3374 59.6089
v  -45.7538 35.6475 63.0940
v  -54.5526 35.0136 63.1743
v  -91.2839 37.0405 62.1650
v  -92.2751 36.6830 62.5486
v  -109.8920 35.4309 58.1896
v  -97.6652 35.7869 58.2149
v  15.8380 35.4309 63.0791
v  3.6111 35.7869 63.0537
v  -38.1567 35.5204 58.1454
v  -39.5015 35.0136 58.0943
v  -55.8974 35.5204 63.1232
v  -54.7570 37.5073 60.1515
v  -63.2801 37.5530 60.6868
v  -47.0270 37.5536 60.6343
v  -63.2801 37.3822 59.7171
v  -64.2976 37.5097 60.1642
v  -79.9851 36.7924 58.8212
v  -21.5888 36.5973 58.6485
v  -31.7096 36.9220 58.9581
v  -17.8330 37.0794 59.1565
v  -34.0536 37.5509 60.5166
v  -24.0970 37.5500 60.4996
v  -13.4301 36.7487 62.4893
v  -4.4069 37.0010 62.2160
v  -18.2165 37.0455 62.1584
v  -72.4653 36.5973 62.6202
v  -58.0959 36.8550 62.3838
v  -70.7837 37.0887 62.0990
v  -49.7467 36.3334 62.8045
v  -50.5118 37.3024 59.5329
v  -45.2994 36.9625 59.0054
v  -33.1451 36.4956 58.5715
v  -52.8307 37.1646 61.9851
v  -6.0110 37.3021 61.7364
v  5.9087 36.3649 62.7850
v  -4.0205 36.5973 62.6202
v  -78.5298 36.3587 58.4797
v  -65.1518 36.2158 58.3968
v  -53.9118 36.6503 58.6920
v  -55.7172 36.1626 58.3690
v  -29.4602 35.7982 58.2185
v  -44.3074 36.3334 58.4641
v  -24.8430 36.1925 62.8842
v  -15.5243 36.3587 62.7889
v  -27.0280 36.5973 62.6202
v  -30.4822 37.0276 62.1821
v  -62.0519 36.3338 62.8043
v  -74.6968 35.0136 58.0943
v  -19.3573 35.0136 63.1743
v  -25.5719 36.2179 58.3980
v  -42.7386 37.0043 62.2119
v  -47.0270 37.3841 61.5465
v  -12.1227 36.7798 58.8089
v  -9.2330 36.3904 58.4998
v  -4.6590 37.0292 59.0887
v  -1.7789 36.6830 58.7200
v  15.8380 36.5575 58.6982
v  -83.0621 35.4808 63.1310
v  -68.3874 35.0136 63.1743
v  -82.7193 36.5234 62.6769
v  -100.3031 36.8979 62.3376
v  -11.8318 35.0136 58.0943
v  -10.4552 35.9331 58.2666
v  -82.2223 35.0136 63.1743
v  -83.5989 35.9331 63.0020
v  -30.7740 37.3822 61.5515
v  -38.5957 37.5127 61.0884
v  -54.5630 37.5109 61.0982
v  -109.8920 36.5575 62.5704
v  -109.8920 37.2447 59.5599
v  -95.9912 37.5414 60.3855
v  -79.5331 37.5536 60.6343
v  -73.4111 37.5122 61.0911
v  -63.2801 37.3822 61.5515
v  -15.5474 37.4119 59.7979
v  -24.6522 37.2957 59.5193
v  -6.0110 37.3021 59.5323
v  15.8380 37.4899 60.6343
v  1.9447 37.5347 60.9434
v  -109.8920 37.2447 61.7087
# 322 vertices

vn 1.0000 0.0000 -0.0000
vn -1.0000 0.0000 -0.0000
vn 0.0000 -0.6235 0.7818
vn 0.0000 -0.7071 0.7071
vn 0.0000 -0.5075 0.8616
vn 0.0000 -0.9435 -0.3315
vn 0.0000 -1.0000 -0.0000
vn 0.0000 -0.9898 -0.1426
vn 0.0000 -0.3212 0.9470
vn 0.0000 -0.2103 0.9776
vn 0.0000 0.0000 1.0000
vn 0.0000 -0.9791 0.2036
vn 0.0000 -0.9755 0.2199
vn 0.0000 -0.9149 0.4037
vn 0.0000 -0.8467 0.5320
vn 0.0000 -0.9010 0.4339
vn 0.0000 -0.7818 0.6235
vn 0.0000 -0.5083 0.8612
vn 0.0000 -0.4339 0.9010
vn 0.0000 -0.3048 0.9524
vn 0.0000 -0.5296 0.8483
vn 0.0000 -0.9740 -0.2264
vn 0.0000 -0.9439 -0.3303
vn 0.0000 -0.9010 -0.4339
vn 0.0000 -0.3212 -0.9470
vn 0.0000 -0.5296 -0.8483
vn 0.0000 -0.4641 -0.8858
vn 0.0000 -0.1691 0.9856
vn 0.0000 -0.3365 0.9417
vn 0.0000 -0.1879 0.9822
vn 0.0000 -0.9976 0.0690
vn 0.0000 -0.9487 0.3160
vn 0.0000 -0.9728 0.2315
vn 0.0000 -0.9749 -0.2225
vn 0.0000 -0.9937 -0.1120
vn 0.0000 -0.7809 0.6246
vn 0.0000 -0.3089 -0.9511
vn 0.0000 -0.4489 -0.8936
vn 0.0000 -0.2710 -0.9626
vn 0.0000 -0.6597 -0.7515
vn 0.0000 -0.6680 -0.7441
vn 0.0000 -0.4914 -0.8710
vn 0.0000 -0.8546 0.5194
vn 0.0000 -0.9536 0.3011
vn 0.0000 -0.8203 0.5720
vn 0.0000 -0.7961 0.6052
vn 0.0000 -0.2496 0.9684
vn 0.0000 -0.0000 -1.0000
vn 0.0000 -0.1691 -0.9856
vn 0.0000 -0.9707 0.2401
vn 0.0000 -0.9706 0.2407
vn 0.0000 -0.8873 0.4612
vn 0.0000 -0.8541 -0.5200
vn 0.0000 -0.9528 -0.3036
vn 0.0000 -0.7424 -0.6700
vn 0.0000 -0.9242 -0.3819
vn 0.0000 -0.6235 -0.7818
vn 0.0000 -0.7818 -0.6235
vn 0.0000 -0.7119 -0.7023
vn 0.0000 -0.4339 -0.9010
vn 0.0000 -0.3048 -0.9524
vn 0.0000 -0.5083 -0.8612
vn 0.0000 -0.9797 -0.2003
vn 0.0000 -0.2496 -0.9684
vn 0.0000 -0.8600 -0.5103
vn 0.0000 -0.2103 -0.9776
vn 0.0000 -0.7980 -0.6027
vn 0.0000 -0.6573 -0.7537
vn 0.0000 -0.1995 0.9799
vn 0.0000 -0.1995 -0.9799
vn 0.0000 -0.9818 0.1901
vn 0.0000 -0.9998 -0.0207
vn 0.0000 -0.9325 0.3611
vn 0.0000 -0.9827 0.1851
vn 0.0000 -0.7003 0.7138
vn 0.0000 -0.7513 0.6599
vn 0.0000 -0.8133 0.5818
vn 0.0000 -0.9989 0.0464
vn 0.0000 -0.9986 0.0531
vn 0.0000 -0.6831 -0.7303
vn 0.0000 -0.7825 -0.6227
vn 0.0000 -0.8000 -0.6000
vn 0.0000 -0.7250 -0.6888
vn 0.0000 -0.8170 -0.5767
vn 0.0000 -0.5196 -0.8544
vn 0.0000 -0.7673 0.6413
vn 0.0000 -0.5835 0.8121
vn 0.0000 -0.8469 -0.5318
vn 0.0000 -0.5320 -0.8467
vn 0.0000 -0.4733 0.8809
vn 0.0000 -0.6444 0.7647
vn 0.0000 -0.4524 0.8918
vn 0.0000 -0.3089 0.9511
vn 0.0000 -0.5196 0.8544
vn 0.0000 -0.7929 -0.6093
vn 0.0000 -0.4742 0.8804
vn 0.0000 -0.7837 -0.6211
vn 0.0000 -0.9333 -0.3591
vn 0.0000 -0.6954 0.7187
vn 0.0000 -0.5421 0.8403
vn 0.0000 -0.7935 0.6085
vn 0.0000 -0.6573 0.7537
vn 0.0000 -0.1839 -0.9829
vn 0.0000 -0.5944 -0.8042
vn 0.0000 -0.7418 -0.6706
vn 0.0000 -0.3620 0.9322
vn 0.0000 -0.3620 -0.9322
vn 0.0000 -0.9325 -0.3611
vn 0.0000 -0.9839 -0.1788
vn 0.0000 -0.9832 -0.1826
vn 0.0000 -0.9749 0.2225
vn 0.0000 -0.9952 0.0979
vn 0.0000 -0.9837 -0.1798
vn 0.0000 -0.9442 0.3293
vn 0.0000 -0.8985 0.4390
vn 0.0000 -0.9926 -0.1217
vn 0.0000 0.7071 -0.7071
vn 0.0000 0.5075 -0.8616
vn 0.0000 0.6235 -0.7818
vn 0.0000 0.9707 -0.2401
vn 0.0000 0.9706 -0.2407
vn 0.0000 0.8873 -0.4612
vn 0.0000 0.3212 -0.9470
vn 0.0000 0.2103 -0.9776
vn 0.0000 0.9010 0.4339
vn 0.0000 0.7424 0.6700
vn 0.0000 0.9242 0.3819
vn 0.0000 0.8467 -0.5320
vn 0.0000 0.9010 -0.4339
vn 0.0000 0.7818 -0.6235
vn 0.0000 0.5083 -0.8612
vn 0.0000 0.4339 -0.9010
vn 0.0000 0.3048 -0.9524
vn 0.0000 0.7809 -0.6246
vn 0.0000 0.9740 0.2264
vn 0.0000 0.9439 0.3303
vn 0.0000 0.3365 -0.9417
vn 0.0000 0.1879 -0.9822
vn 0.0000 0.1691 -0.9856
vn 0.0000 0.9976 -0.0690
vn 0.0000 0.9487 -0.3160
vn 0.0000 0.9728 -0.2315
vn 0.0000 1.0000 0.0000
vn 0.0000 0.9749 0.2225
vn 0.0000 0.9937 0.1120
vn 0.0000 0.9435 0.3315
vn 0.0000 0.9898 0.1426
vn 0.0000 0.3089 0.9511
vn 0.0000 0.4489 0.8936
vn 0.0000 0.2710 0.9626
vn 0.0000 0.8600 0.5103
vn 0.0000 0.8546 -0.5194
vn 0.0000 0.9536 -0.3011
vn 0.0000 0.2496 -0.9684
vn 0.0000 0.6597 0.7515
vn 0.0000 0.6680 0.7441
vn 0.0000 0.4914 0.8710
vn 0.0000 0.1691 0.9856
vn 0.0000 0.2103 0.9776
vn 0.0000 0.3048 0.9524
vn 0.0000 0.8541 0.5200
vn 0.0000 0.9528 0.3036
vn 0.0000 0.9797 0.2003
vn 0.0000 0.6235 0.7818
vn 0.0000 0.7818 0.6235
vn 0.0000 0.7119 0.7023
vn 0.0000 0.5083 0.8612
vn 0.0000 0.4339 0.9010
vn 0.0000 0.3212 0.9470
vn 0.0000 0.8203 -0.5720
vn 0.0000 0.7961 -0.6052
vn 0.0000 0.9791 -0.2036
vn 0.0000 0.9755 -0.2199
vn 0.0000 0.9149 -0.4037
vn 0.0000 0.2496 0.9684
vn 0.0000 0.7980 0.6027
vn 0.0000 0.6573 0.7537
vn 0.0000 0.1995 -0.9799
vn 0.0000 0.1995 0.9799
vn 0.0000 0.9818 -0.1901
vn 0.0000 0.9998 0.0207
vn 0.0000 0.9325 -0.3611
vn 0.0000 0.9827 -0.1851
vn 0.0000 0.7003 -0.7138
vn 0.0000 0.7513 -0.6599
vn 0.0000 0.8133 -0.5818
vn 0.0000 0.9989 -0.0464
vn 0.0000 0.9986 -0.0531
vn 0.0000 0.6831 0.7303
vn 0.0000 0.7825 0.6227
vn 0.0000 0.8000 0.6000
vn 0.0000 0.7250 0.6888
vn 0.0000 0.8170 0.5767
vn 0.0000 0.5196 0.8544
vn 0.0000 0.7673 -0.6413
vn 0.0000 0.5835 -0.8121
vn 0.0000 0.8469 0.5318
vn 0.0000 0.5320 0.8467
vn 0.0000 0.5296 -0.8483
vn 0.0000 0.4733 -0.8809
vn 0.0000 0.6444 -0.7647
vn 0.0000 0.4524 -0.8918
vn 0.0000 0.3089 -0.9511
vn 0.0000 0.5196 -0.8544
vn 0.0000 0.4641 0.8858
vn 0.0000 0.5296 0.8483
vn 0.0000 0.7929 0.6093
vn 0.0000 0.4742 -0.8804
vn 0.0000 0.7837 0.6211
vn 0.0000 0.9333 0.3591
vn 0.0000 0.6954 -0.7187
vn 0.0000 0.5421 -0.8403
vn 0.0000 0.7935 -0.6085
vn 0.0000 0.6573 -0.7537
vn 0.0000 0.1839 0.9829
vn 0.0000 0.5944 0.8042
vn 0.0000 0.7418 0.6706
vn 0.0000 0.3620 -0.9322
vn 0.0000 0.3620 0.9322
vn 0.0000 0.9325 0.3611
vn 0.0000 0.9839 0.1788
vn 0.0000 0.9832 0.1826
vn 0.0000 0.9749 -0.2225
vn 0.0000 0.9952 -0.0979
vn 0.0000 0.9837 0.1798
vn 0.0000 0.9442 -0.3293
vn 0.0000 0.8985 -0.4390
vn 0.0000 0.9926 0.1217
# 228 vertex normals

vt 0.1740 -0.0597 0.0000
vt 0.1972 -0.0307 0.0000
vt 0.2054 0.0054 0.0000
vt 0.0387 0.0054 0.0000
vt 0.1035 -0.0758 0.0000
vt 0.1406 -0.0758 0.0000
vt 0.0701 -0.0597 0.0000
vt 0.0470 -0.0307 0.0000
vt 0.1740 0.0706 0.0000
vt 0.1035 0.0867 0.0000
vt 0.1406 0.0867 0.0000
vt 0.0470 0.0416 0.0000
vt 0.0701 0.0706 0.0000
vt 0.1972 0.0416 0.0000
vt -0.1035 0.0867 0.0000
vt -0.1406 0.0867 0.0000
vt -0.1740 0.0706 0.0000
vt -0.2054 0.0054 0.0000
vt -0.0701 0.0706 0.0000
vt -0.0387 0.0054 0.0000
vt -0.0470 0.0416 0.0000
vt -0.1972 0.0416 0.0000
vt -0.1972 -0.0307 0.0000
vt -0.1740 -0.0597 0.0000
vt -0.1035 -0.0758 0.0000
vt -0.0701 -0.0597 0.0000
vt -0.0470 -0.0307 0.0000
vt -0.1406 -0.0758 0.0000
vt -1.1667 -0.2055 0.0000
vt -1.4924 -0.1961 0.0000
vt -1.5209 -0.2172 0.0000
vt -4.1887 -0.1025 0.0000
vt -4.2956 -0.1307 0.0000
vt -3.9147 -0.1187 0.0000
vt -2.0327 -0.2343 0.0000
vt -2.3352 -0.2439 0.0000
vt -1.7440 -0.2616 0.0000
vt -1.9332 -0.1477 0.0000
vt -2.3553 -0.1491 0.0000
vt -2.3755 -0.1653 0.0000
vt -4.9333 -0.1774 0.0000
vt -5.2917 -0.1681 0.0000
vt -5.2917 -0.1868 0.0000
vt -4.9360 -0.2171 0.0000
vt -5.2917 -0.2242 0.0000
vt -4.8866 -0.2358 0.0000
vt -2.1956 -0.2151 0.0000
vt -2.0056 -0.1116 0.0000
vt -1.5251 -0.1026 0.0000
vt -1.8835 -0.0933 0.0000
vt -4.4256 -0.0270 0.0000
vt -4.2627 -0.0463 0.0000
vt -3.9570 -0.0400 0.0000
vt -4.8378 -0.2616 0.0000
vt -5.2917 -0.2474 0.0000
vt -5.2917 -0.2616 0.0000
vt -3.9300 -0.2616 0.0000
vt -4.1170 -0.2330 0.0000
vt -4.3153 -0.2458 0.0000
vt -4.8217 -0.1364 0.0000
vt -4.9197 -0.1575 0.0000
vt -4.5858 -0.1501 0.0000
vt -1.1667 -0.1307 0.0000
vt -1.1667 -0.1120 0.0000
vt -1.6647 -0.1213 0.0000
vt -1.8182 -0.2055 0.0000
vt -1.8212 -0.1869 0.0000
vt -2.6528 -0.0259 0.0000
vt -2.4110 -0.0386 0.0000
vt -2.3234 -0.0226 0.0000
vt -3.5429 -0.0598 0.0000
vt -3.2191 -0.0607 0.0000
vt -3.5598 -0.0426 0.0000
vt -1.5116 -0.1762 0.0000
vt -1.5529 -0.1561 0.0000
vt -1.8835 -0.1681 0.0000
vt -2.3460 -0.1814 0.0000
vt -2.8385 -0.1848 0.0000
vt -2.5730 -0.2055 0.0000
vt -2.6549 -0.2358 0.0000
vt -3.1874 -0.2405 0.0000
vt -2.8987 -0.2616 0.0000
vt -1.6206 0.0002 0.0000
vt -1.1667 -0.0139 0.0000
vt -1.1667 0.0002 0.0000
vt -3.3784 -0.1509 0.0000
vt -3.9300 -0.1509 0.0000
vt -3.5516 -0.1706 0.0000
vt -4.9460 -0.0851 0.0000
vt -5.2917 -0.0933 0.0000
vt -4.9078 -0.1050 0.0000
vt -2.0972 -0.0695 0.0000
vt -2.2848 -0.0980 0.0000
vt -5.2917 -0.0559 0.0000
vt -5.2917 -0.0746 0.0000
vt -4.9591 -0.0658 0.0000
vt -1.1667 -0.0372 0.0000
vt -1.5717 -0.0255 0.0000
vt -1.5223 -0.0442 0.0000
vt -4.5406 -0.1139 0.0000
vt -3.5596 0.0002 0.0000
vt -3.2709 -0.0208 0.0000
vt -2.9823 0.0002 0.0000
vt -1.4956 -0.0860 0.0000
vt -4.1231 -0.0174 0.0000
vt -4.7143 0.0002 0.0000
vt -1.7772 -0.0768 0.0000
vt -1.7446 -0.0595 0.0000
vt -1.1667 -0.2474 0.0000
vt -1.1667 -0.2242 0.0000
vt -1.5678 -0.2358 0.0000
vt -5.2917 -0.0139 0.0000
vt -5.2917 -0.0372 0.0000
vt -4.8905 -0.0255 0.0000
vt -3.5202 -0.2448 0.0000
vt -3.4761 -0.2616 0.0000
vt -2.9381 -0.0165 0.0000
vt -2.9756 -0.1466 0.0000
vt -2.6959 -0.1289 0.0000
vt -3.2292 -0.1307 0.0000
vt -2.6959 -0.1614 0.0000
vt -2.6625 -0.1462 0.0000
vt -2.1479 -0.1969 0.0000
vt -4.0638 -0.2055 0.0000
vt -3.7317 -0.1907 0.0000
vt -4.1870 -0.1824 0.0000
vt -3.6548 -0.1345 0.0000
vt -3.9815 -0.1351 0.0000
vt -4.3314 -0.0624 0.0000
vt -4.6275 -0.0746 0.0000
vt -4.1744 -0.0770 0.0000
vt -2.3946 -0.0559 0.0000
vt -2.8660 -0.0673 0.0000
vt -2.4497 -0.0794 0.0000
vt -3.1399 -0.0453 0.0000
vt -3.1148 -0.1680 0.0000
vt -3.2858 -0.1887 0.0000
vt -3.6846 -0.2096 0.0000
vt -3.0388 -0.0839 0.0000
vt -4.5748 -0.0933 0.0000
vt -4.9659 -0.0465 0.0000
vt -4.6401 -0.0559 0.0000
vt -2.6345 -0.2205 0.0000
vt -3.0033 -0.2032 0.0000
vt -2.9441 -0.2224 0.0000
vt -3.8055 -0.2354 0.0000
vt -3.3184 -0.2160 0.0000
vt -3.8035 -0.0256 0.0000
vt -3.8853 -0.0559 0.0000
vt -3.7720 -0.0761 0.0000
vt -2.7362 -0.0453 0.0000
vt -2.3214 -0.2616 0.0000
vt -4.1370 0.0002 0.0000
vt -3.9331 -0.2204 0.0000
vt -3.3699 -0.0748 0.0000
vt -3.2292 -0.1000 0.0000
vt -4.3743 -0.1975 0.0000
vt -4.4691 -0.2138 0.0000
vt -4.6192 -0.1852 0.0000
vt -4.7137 -0.2018 0.0000
vt -5.2917 -0.2055 0.0000
vt -2.0469 -0.0152 0.0000
vt -2.5284 0.0002 0.0000
vt -2.0582 -0.0528 0.0000
vt -1.4813 -0.0694 0.0000
vt -4.3839 -0.2616 0.0000
vt -4.4290 -0.2307 0.0000
vt -2.0745 0.0002 0.0000
vt -2.0293 -0.0306 0.0000
vt -1.1667 -0.2616 0.0000
vt -5.2917 0.0002 0.0000
vt -3.7624 -0.0999 0.0000
vt -3.5058 -0.1157 0.0000
vt -2.9819 -0.1154 0.0000
vt -1.1667 -0.1868 0.0000
vt -1.1667 -0.0559 0.0000
vt -1.1667 -0.1681 0.0000
vt -1.1667 -0.1494 0.0000
vt -1.6227 -0.1388 0.0000
vt -2.1627 -0.1307 0.0000
vt -2.3635 -0.1156 0.0000
vt -2.6959 -0.0999 0.0000
vt -4.2620 -0.1586 0.0000
vt -3.9632 -0.1685 0.0000
vt -4.5748 -0.1681 0.0000
vt -5.2917 -0.1307 0.0000
vt -4.8358 -0.1205 0.0000
vt -5.2917 -0.1494 0.0000
vt -5.2917 -0.1120 0.0000
vt -1.1667 -0.0933 0.0000
vt -1.1667 -0.0746 0.0000
vt -1.4924 0.0657 0.0000
vt -1.5209 0.0446 0.0000
vt -1.1667 0.0563 0.0000
vt -3.3784 0.1109 0.0000
vt -3.9300 0.1109 0.0000
vt -3.5516 0.0912 0.0000
vt -2.0327 0.0275 0.0000
vt -2.3352 0.0179 0.0000
vt -1.7440 0.0002 0.0000
vt -1.8835 0.1685 0.0000
vt -2.0972 0.1923 0.0000
vt -2.2848 0.1638 0.0000
vt -4.9333 0.0844 0.0000
vt -5.2917 0.0937 0.0000
vt -5.2917 0.0750 0.0000
vt -4.9360 0.0447 0.0000
vt -5.2917 0.0376 0.0000
vt -4.8866 0.0260 0.0000
vt -1.8182 0.0563 0.0000
vt -1.8212 0.0749 0.0000
vt -2.0056 0.1502 0.0000
vt -1.5251 0.1592 0.0000
vt -2.8987 0.0002 0.0000
vt -2.6549 0.0260 0.0000
vt -3.9300 0.0002 0.0000
vt -4.1170 0.0288 0.0000
vt -4.3153 0.0160 0.0000
vt -4.8378 0.0002 0.0000
vt -5.2917 0.0144 0.0000
vt -4.8217 0.1254 0.0000
vt -4.9197 0.1043 0.0000
vt -4.5858 0.1117 0.0000
vt -1.1667 0.1311 0.0000
vt -1.1667 0.1498 0.0000
vt -1.6647 0.1405 0.0000
vt -4.1887 0.1593 0.0000
vt -4.2956 0.1311 0.0000
vt -3.9147 0.1431 0.0000
vt -2.6528 0.2359 0.0000
vt -2.4110 0.2232 0.0000
vt -2.3234 0.2392 0.0000
vt -1.4956 0.1758 0.0000
vt -1.5116 0.0856 0.0000
vt -1.5529 0.1057 0.0000
vt -1.8835 0.0937 0.0000
vt -3.1874 0.0213 0.0000
vt -3.5429 0.2020 0.0000
vt -3.2191 0.2011 0.0000
vt -3.5598 0.2192 0.0000
vt -1.6206 0.2620 0.0000
vt -1.1667 0.2479 0.0000
vt -1.1667 0.2620 0.0000
vt -3.5596 0.2620 0.0000
vt -4.1231 0.2444 0.0000
vt -3.8035 0.2362 0.0000
vt -4.9460 0.1767 0.0000
vt -5.2917 0.1685 0.0000
vt -4.9078 0.1568 0.0000
vt -4.5406 0.1479 0.0000
vt -5.2917 0.2059 0.0000
vt -5.2917 0.1872 0.0000
vt -4.9591 0.1960 0.0000
vt -1.5717 0.2363 0.0000
vt -1.5223 0.2176 0.0000
vt -1.1667 0.2246 0.0000
vt -4.7143 0.2620 0.0000
vt -4.4256 0.2348 0.0000
vt -2.3460 0.0804 0.0000
vt -2.8385 0.0770 0.0000
vt -2.5730 0.0563 0.0000
vt -1.9332 0.1141 0.0000
vt -2.3553 0.1127 0.0000
vt -2.3755 0.0965 0.0000
vt -3.2709 0.2410 0.0000
vt -2.9823 0.2620 0.0000
vt -1.7772 0.1850 0.0000
vt -1.7446 0.2023 0.0000
vt -1.1667 0.0144 0.0000
vt -1.1667 0.0376 0.0000
vt -1.5678 0.0260 0.0000
vt -5.2917 0.2479 0.0000
vt -5.2917 0.2246 0.0000
vt -4.8905 0.2363 0.0000
vt -3.5202 0.0170 0.0000
vt -3.4761 0.0002 0.0000
vt -2.9381 0.2453 0.0000
vt -2.9756 0.1152 0.0000
vt -2.6959 0.1329 0.0000
vt -3.2292 0.1311 0.0000
vt -2.6959 0.1004 0.0000
vt -2.6625 0.1156 0.0000
vt -2.1479 0.0649 0.0000
vt -4.0638 0.0563 0.0000
vt -3.7317 0.0711 0.0000
vt -4.1870 0.0794 0.0000
vt -3.6548 0.1273 0.0000
vt -3.9815 0.1267 0.0000
vt -4.3314 0.1994 0.0000
vt -4.6275 0.1872 0.0000
vt -4.1744 0.1848 0.0000
vt -2.3946 0.2059 0.0000
vt -2.8660 0.1945 0.0000
vt -2.4497 0.1824 0.0000
vt -3.1399 0.2165 0.0000
vt -3.1148 0.0938 0.0000
vt -3.2858 0.0731 0.0000
vt -3.6846 0.0522 0.0000
vt -3.0388 0.1779 0.0000
vt -4.5748 0.1685 0.0000
vt -4.9659 0.2153 0.0000
vt -4.6401 0.2059 0.0000
vt -2.1956 0.0467 0.0000
vt -2.6345 0.0413 0.0000
vt -3.0033 0.0586 0.0000
vt -2.9441 0.0394 0.0000
vt -3.8055 0.0264 0.0000
vt -3.3184 0.0458 0.0000
vt -3.9570 0.2218 0.0000
vt -4.2627 0.2155 0.0000
vt -3.8853 0.2059 0.0000
vt -3.7720 0.1857 0.0000
vt -2.7362 0.2165 0.0000
vt -2.3214 0.0002 0.0000
vt -4.1370 0.2620 0.0000
vt -3.9331 0.0414 0.0000
vt -3.3699 0.1870 0.0000
vt -3.2292 0.1618 0.0000
vt -4.3743 0.0643 0.0000
vt -4.4691 0.0480 0.0000
vt -4.6192 0.0766 0.0000
vt -4.7137 0.0600 0.0000
vt -5.2917 0.0563 0.0000
vt -2.0469 0.2466 0.0000
vt -2.5284 0.2620 0.0000
vt -2.0582 0.2090 0.0000
vt -1.4813 0.1924 0.0000
vt -4.3839 0.0002 0.0000
vt -4.4290 0.0311 0.0000
vt -2.0745 0.2620 0.0000
vt -2.0293 0.2312 0.0000
vt -5.2917 0.2620 0.0000
vt -3.7624 0.1619 0.0000
vt -3.5058 0.1461 0.0000
vt -2.9819 0.1464 0.0000
vt -1.1667 0.0750 0.0000
vt -1.1667 0.2059 0.0000
vt -1.1667 0.0937 0.0000
vt -1.1667 0.1124 0.0000
vt -1.6227 0.1230 0.0000
vt -2.1627 0.1311 0.0000
vt -2.3635 0.1462 0.0000
vt -2.6959 0.1619 0.0000
vt -4.2620 0.1032 0.0000
vt -3.9632 0.0933 0.0000
vt -4.5748 0.0937 0.0000
vt -5.2917 0.1311 0.0000
vt -4.8358 0.1413 0.0000
vt -5.2917 0.1124 0.0000
vt -5.2917 0.1498 0.0000
vt -1.1667 0.1685 0.0000
vt -1.1667 0.1872 0.0000
# 352 texture coords

g _Extrusion__1766_
usemtl aluminum
s off
f 1293/1887/465 1294/1888/465 1295/1889/465 
f 1296/1890/465 1297/1891/465 1293/1887/465 
f 1298/1892/465 1293/1887/465 1297/1891/465 
f 1299/1893/465 1297/1891/465 1296/1890/465 
f 1299/1893/465 1296/1890/465 1300/1894/465 
f 1296/1890/465 1293/1887/465 1295/1889/465 
f 1301/1895/465 1302/1896/465 1295/1889/465 
f 1302/1896/465 1301/1895/465 1303/1897/465 
f 1304/1898/465 1296/1890/465 1305/1899/465 
f 1302/1896/465 1305/1899/465 1296/1890/465 
f 1295/1889/465 1302/1896/465 1296/1890/465 
f 1301/1895/465 1295/1889/465 1306/1900/465 
f 1307/1901/466 1308/1902/466 1309/1903/466 
f 1309/1903/466 1310/1904/466 1307/1901/466 
f 1311/1905/466 1307/1901/466 1312/1906/466 
f 1312/1906/466 1313/1907/466 1311/1905/466 
f 1312/1906/466 1307/1901/466 1310/1904/466 
f 1309/1903/466 1314/1908/466 1310/1904/466 
f 1310/1904/466 1315/1909/466 1316/1910/466 
f 1317/1911/466 1312/1906/466 1316/1910/466 
f 1312/1906/466 1318/1912/466 1319/1913/466 
f 1318/1912/466 1312/1906/466 1317/1911/466 
f 1320/1914/466 1317/1911/466 1316/1910/466 
f 1312/1906/466 1310/1904/466 1316/1910/466 
f 1321/1915/467 1322/1916/468 1323/1917/469 
f 1324/1918/470 1325/1919/471 1326/1920/472 
f 1327/1921/473 1328/1922/474 1329/1923/475 
f 1330/1924/476 1331/1925/477 1332/1926/478 
f 1333/1927/479 1334/1928/480 1299/1929/481 
f 1335/1930/482 1300/1931/483 1336/1932/484 
f 1328/1922/474 1327/1921/473 1337/1933/485 
f 1338/1934/486 1339/1935/487 1340/1936/488 
f 1341/1937/489 1342/1938/490 1343/1939/491 
f 1344/1940/475 1345/1941/492 1296/1942/475 
f 1346/1943/475 1347/1944/493 1348/1945/494 
f 1349/1946/495 1350/1947/496 1351/1948/497 
f 1352/1949/471 1320/1950/498 1353/1951/499 
f 1354/1952/467 1322/1916/468 1355/1953/500 
f 1356/1954/501 1357/1955/502 1358/1956/503 
f 1359/1957/504 1360/1958/505 1361/1959/506 
f 1362/1960/507 1363/1961/508 1364/1962/480 
f 1365/1963/509 1366/1964/510 1367/1965/467 
f 1368/1966/484 1369/1967/511 1370/1968/475 
f 1371/1969/512 1372/1970/513 1310/1971/512 
f 1373/1972/514 1374/1973/515 1375/1974/516 
f 1376/1975/517 1377/1976/488 1378/1977/518 
f 1340/1936/488 1379/1978/519 1380/1979/520 
f 1381/1980/521 1293/1981/522 1382/1982/523 
f 1315/1983/524 1383/1984/525 1384/1985/526 
f 1385/1986/527 1325/1919/471 1324/1918/470 
f 1386/1987/512 1387/1988/528 1388/1989/512 
f 1349/1946/495 1325/1919/471 1385/1986/527 
f 1389/1990/529 1340/1936/488 1339/1935/487 
f 1390/1991/530 1391/1992/512 1341/1937/489 
f 1379/1978/519 1392/1993/531 1393/1994/532 
f 1394/1995/492 1319/1996/483 1395/1997/484 
f 1396/1998/513 1294/1999/524 1397/2000/525 
f 1398/2001/533 1399/2002/475 1369/1967/511 
f 1400/2003/534 1388/1989/512 1387/1988/528 
f 1401/2004/535 1402/2005/536 1403/2006/471 
f 1404/2007/537 1405/2008/538 1401/2004/535 
f 1406/2009/539 1355/1953/500 1365/1963/509 
f 1334/1928/480 1333/1927/479 1350/1947/496 
f 1407/2010/467 1408/2011/540 1409/2012/541 
f 1374/1973/515 1410/2013/542 1411/2014/543 
f 1412/2015/544 1413/2016/545 1414/2017/546 
f 1415/2018/521 1416/2019/547 1417/2020/548 
f 1360/1958/505 1418/2021/549 1361/1959/506 
f 1419/2022/480 1373/1972/514 1375/1974/516 
f 1364/1962/480 1365/1963/509 1355/1953/500 
f 1373/1972/514 1403/2006/471 1410/2013/542 
f 1420/2023/550 1408/2011/540 1421/2024/551 
f 1416/2019/547 1360/1958/505 1422/2025/552 
f 1423/2026/488 1324/1918/470 1414/2017/546 
f 1362/1960/507 1355/1953/500 1322/1916/468 
f 1323/1917/469 1395/1997/484 1319/1996/483 
f 1376/1975/517 1413/2016/545 1382/1982/523 
f 1424/2027/553 1382/1982/523 1425/2028/521 
f 1337/1933/485 1426/2029/554 1328/1922/474 
f 1394/1995/492 1395/1997/484 1329/1923/475 
f 1337/1933/485 1327/1921/473 1354/1952/467 
f 1427/2030/555 1428/2031/556 1426/2029/554 
f 1368/1966/484 1428/2031/556 1369/1967/511 
f 1427/2030/555 1366/1964/510 1420/2023/550 
f 1421/2024/551 1429/2032/557 1430/2033/558 
f 1343/1939/491 1390/1991/530 1341/1937/489 
f 1396/1998/513 1397/2000/525 1391/1992/512 
f 1342/1938/490 1341/1937/489 1425/2028/521 
f 1431/2034/525 1343/1939/491 1361/1959/506 
f 1431/2034/525 1361/1959/506 1387/1988/528 
f 1432/2035/521 1433/2036/559 1359/1957/504 
f 1418/2021/549 1434/2037/549 1356/1954/501 
f 1370/1968/475 1369/1967/511 1399/2002/475 
f 1435/2038/475 1328/1922/474 1370/1968/475 
f 1436/2039/512 1390/1991/530 1386/1987/512 
f 1398/2001/533 1430/2033/558 1429/2032/557 
f 1429/2032/557 1437/2040/560 1347/1944/493 
f 1422/2025/552 1438/2041/561 1439/2042/562 
f 1407/2010/467 1440/2043/563 1441/2044/564 
f 1344/1940/475 1336/1932/484 1345/1941/492 
f 1409/2012/541 1442/2045/565 1440/2043/563 
f 1443/2046/566 1444/2047/467 1335/1930/482 
f 1431/2034/525 1387/1988/528 1386/1987/512 
f 1400/2003/534 1418/2021/549 1356/1954/501 
f 1356/1954/501 1434/2037/549 1357/1955/502 
f 1445/2048/567 1446/2049/512 1358/1956/503 
f 1447/2050/568 1415/2018/521 1379/1978/519 
f 1371/1969/512 1383/1984/525 1372/1970/513 
f 1379/1978/519 1415/2018/521 1417/2020/548 
f 1448/2051/569 1384/1985/526 1393/1994/532 
f 1449/2052/475 1348/1945/494 1344/1940/475 
f 1336/1932/484 1344/1940/475 1348/1945/494 
f 1300/1931/483 1345/1941/492 1336/1932/484 
f 1450/2053/570 1441/2044/564 1335/1930/482 
f 1451/2054/512 1445/2048/567 1371/1969/512 
f 1445/2048/567 1451/2054/512 1446/2049/512 
f 1315/1983/524 1372/1970/513 1383/1984/525 
f 1452/2055/571 1447/2050/568 1384/1985/526 
f 1329/1923/475 1312/2056/475 1394/1995/492 
f 1327/1921/473 1395/1997/484 1323/1917/469 
f 1329/1923/475 1395/1997/484 1327/1921/473 
f 1391/1992/512 1295/2057/512 1396/1998/513 
f 1424/2027/553 1397/2000/525 1294/1999/524 
f 1391/1992/512 1397/2000/525 1341/1937/489 
f 1439/2042/562 1438/2041/561 1453/2058/572 
f 1416/2019/547 1415/2018/521 1434/2037/549 
f 1454/2059/573 1439/2042/562 1453/2058/572 
f 1402/2005/536 1455/2060/574 1403/2006/471 
f 1450/2053/570 1335/1930/482 1336/1932/484 
f 1452/2055/571 1384/1985/526 1383/1984/525 
f 1444/2047/467 1443/2046/566 1299/1929/481 
f 1444/2047/467 1300/1931/483 1335/1930/482 
f 1321/1915/467 1318/2061/481 1322/1916/468 
f 1448/2051/569 1456/2062/521 1384/1985/526 
f 1456/2062/521 1315/1983/524 1384/1985/526 
f 1327/1921/473 1323/1917/469 1354/1952/467 
f 1323/1917/469 1319/1996/483 1321/1915/467 
f 1322/1916/468 1318/2061/481 1362/1960/507 
f 1323/1917/469 1322/1916/468 1354/1952/467 
f 1363/1961/508 1457/2063/480 1317/2064/575 
f 1457/2063/480 1363/1961/508 1362/1960/507 
f 1362/1960/507 1364/1962/480 1355/1953/500 
f 1364/1962/480 1330/1924/476 1332/1926/478 
f 1366/1964/510 1365/1963/509 1404/2007/537 
f 1367/1965/467 1337/1933/485 1406/2009/539 
f 1317/2064/575 1352/1949/471 1458/2065/576 
f 1330/1924/476 1364/1962/480 1363/1961/508 
f 1380/1979/520 1338/1934/486 1340/1936/488 
f 1353/1951/499 1458/2065/576 1352/1949/471 
f 1459/2066/471 1330/1924/476 1458/2065/576 
f 1458/2065/576 1330/1924/476 1363/1961/508 
f 1331/1925/477 1330/1924/476 1459/2066/471 
f 1331/1925/477 1459/2066/471 1402/2005/536 
f 1331/1925/477 1404/2007/537 1332/1926/478 
f 1460/2067/577 1459/2066/471 1338/1934/486 
f 1455/2060/574 1461/2068/572 1439/2042/562 
f 1362/1960/507 1318/2061/481 1457/2063/480 
f 1404/2007/537 1419/2022/480 1366/1964/510 
f 1366/1964/510 1419/2022/480 1420/2023/550 
f 1373/1972/514 1401/2004/535 1403/2006/471 
f 1420/2023/550 1419/2022/480 1375/1974/516 
f 1408/2011/540 1420/2023/550 1375/1974/516 
f 1427/2030/555 1420/2023/550 1430/2033/558 
f 1401/2004/535 1419/2022/480 1404/2007/537 
f 1410/2013/542 1374/1973/515 1373/1972/514 
f 1462/2069/578 1325/1919/471 1351/1948/497 
f 1409/2012/541 1463/2070/579 1462/2069/578 
f 1403/2006/471 1454/2059/573 1410/2013/542 
f 1410/2013/542 1454/2059/573 1326/1920/472 
f 1374/1973/515 1462/2069/578 1463/2070/579 
f 1421/2024/551 1408/2011/540 1407/2010/467 
f 1408/2011/540 1375/1974/516 1463/2070/579 
f 1442/2045/565 1464/2071/480 1333/1927/479 
f 1454/2059/573 1403/2006/471 1455/2060/574 
f 1326/1920/472 1454/2059/573 1453/2058/572 
f 1324/1918/470 1326/1920/472 1453/2058/572 
f 1411/2014/543 1326/1920/472 1325/1919/471 
f 1438/2041/561 1359/1957/504 1433/2036/559 
f 1324/1918/470 1423/2026/488 1385/1986/527 
f 1453/2058/572 1414/2017/546 1324/1918/470 
f 1432/2035/521 1342/1938/490 1412/2015/544 
f 1423/2026/488 1378/1977/518 1385/1986/527 
f 1465/2072/471 1349/1946/495 1466/2073/580 
f 1385/1986/527 1378/1977/518 1466/2073/580 
f 1334/1928/480 1350/1947/496 1297/2074/575 
f 1376/1975/517 1378/1977/518 1423/2026/488 
f 1465/2072/471 1466/2073/580 1298/2075/498 
f 1413/2016/545 1376/1975/517 1423/2026/488 
f 1377/1976/488 1298/2075/498 1378/1977/518 
f 1419/2022/480 1401/2004/535 1373/1972/514 
f 1404/2007/537 1331/1925/477 1405/2008/538 
f 1414/2017/546 1413/2016/545 1423/2026/488 
f 1382/1982/523 1413/2016/545 1425/2028/521 
f 1424/2027/553 1294/1999/524 1381/1980/521 
f 1376/1975/517 1382/1982/523 1293/1981/522 
f 1341/1937/489 1397/2000/525 1424/2027/553 
f 1382/1982/523 1424/2027/553 1381/1980/521 
f 1424/2027/553 1425/2028/521 1341/1937/489 
f 1376/1975/517 1293/1981/522 1377/1976/488 
f 1428/2031/556 1427/2030/555 1430/2033/558 
f 1367/1965/467 1366/1964/510 1427/2030/555 
f 1369/1967/511 1428/2031/556 1430/2033/558 
f 1426/2029/554 1428/2031/556 1368/1966/484 
f 1458/2065/576 1363/1961/508 1317/2064/575 
f 1459/2066/471 1458/2065/576 1353/1951/499 
f 1437/2040/560 1421/2024/551 1407/2010/467 
f 1420/2023/550 1421/2024/551 1430/2033/558 
f 1349/1946/495 1465/2072/471 1297/2074/575 
f 1437/2040/560 1407/2010/467 1441/2044/564 
f 1429/2032/557 1421/2024/551 1437/2040/560 
f 1441/2044/564 1347/1944/493 1437/2040/560 
f 1348/1945/494 1347/1944/493 1450/2053/570 
f 1336/1932/484 1348/1945/494 1450/2053/570 
f 1398/2001/533 1346/1943/475 1399/2002/475 
f 1346/1943/475 1429/2032/557 1347/1944/493 
f 1348/1945/494 1449/2052/475 1346/1943/475 
f 1416/2019/547 1422/2025/552 1417/2020/548 
f 1380/1979/520 1417/2020/548 1461/2068/572 
f 1340/1936/488 1392/1993/531 1379/1978/519 
f 1460/2067/577 1461/2068/572 1402/2005/536 
f 1338/1934/486 1353/1951/499 1339/1935/487 
f 1460/2067/577 1338/1934/486 1380/1979/520 
f 1459/2066/471 1353/1951/499 1338/1934/486 
f 1461/2068/572 1460/2067/577 1380/1979/520 
f 1402/2005/536 1459/2066/471 1460/2067/577 
f 1379/1978/519 1417/2020/548 1380/1979/520 
f 1447/2050/568 1379/1978/519 1393/1994/532 
f 1339/1935/487 1320/1950/498 1467/2076/488 
f 1448/2051/569 1393/1994/532 1392/1993/531 
f 1320/1950/498 1339/1935/487 1353/1951/499 
f 1389/1990/529 1316/2077/522 1448/2051/569 
f 1389/1990/529 1448/2051/569 1392/1993/531 
f 1340/1936/488 1389/1990/529 1392/1993/531 
f 1456/2062/521 1448/2051/569 1316/2077/522 
f 1339/1935/487 1467/2076/488 1389/1990/529 
f 1316/2077/522 1389/1990/529 1467/2076/488 
f 1384/1985/526 1447/2050/568 1393/1994/532 
f 1357/1955/502 1447/2050/568 1452/2055/571 
f 1464/2071/480 1350/1947/496 1333/1927/479 
f 1299/1929/481 1443/2046/566 1333/1927/479 
f 1442/2045/565 1333/1927/479 1443/2046/566 
f 1351/1948/497 1350/1947/496 1464/2071/480 
f 1349/1946/495 1297/2074/575 1350/1947/496 
f 1462/2069/578 1351/1948/497 1464/2071/480 
f 1325/1919/471 1349/1946/495 1351/1948/497 
f 1409/2012/541 1462/2069/578 1464/2071/480 
f 1462/2069/578 1374/1973/515 1411/2014/543 
f 1408/2011/540 1463/2070/579 1409/2012/541 
f 1375/1974/516 1374/1973/515 1463/2070/579 
f 1440/2043/563 1442/2045/565 1443/2046/566 
f 1409/2012/541 1464/2071/480 1442/2045/565 
f 1441/2044/564 1440/2043/563 1443/2046/566 
f 1409/2012/541 1440/2043/563 1407/2010/467 
f 1335/1930/482 1441/2044/564 1443/2046/566 
f 1450/2053/570 1347/1944/493 1441/2044/564 
f 1406/2009/539 1337/1933/485 1354/1952/467 
f 1337/1933/485 1367/1965/467 1426/2029/554 
f 1355/1953/500 1406/2009/539 1354/1952/467 
f 1367/1965/467 1406/2009/539 1365/1963/509 
f 1370/1968/475 1328/1922/474 1368/1966/484 
f 1329/1923/475 1328/1922/474 1435/2038/475 
f 1412/2015/544 1342/1938/490 1425/2028/521 
f 1343/1939/491 1342/1938/490 1432/2035/521 
f 1386/1987/512 1390/1991/530 1431/2034/525 
f 1391/1992/512 1390/1991/530 1436/2039/512 
f 1359/1957/504 1361/1959/506 1432/2035/521 
f 1387/1988/528 1361/1959/506 1418/2021/549 
f 1433/2036/559 1432/2035/521 1414/2017/546 
f 1359/1957/504 1438/2041/561 1360/1958/505 
f 1414/2017/546 1453/2058/572 1433/2036/559 
f 1453/2058/572 1438/2041/561 1433/2036/559 
f 1422/2025/552 1360/1958/505 1438/2041/561 
f 1416/2019/547 1418/2021/549 1360/1958/505 
f 1430/2033/558 1398/2001/533 1369/1967/511 
f 1346/1943/475 1398/2001/533 1429/2032/557 
f 1418/2021/549 1400/2003/534 1387/1988/528 
f 1358/1956/503 1446/2049/512 1356/1954/501 
f 1416/2019/547 1434/2037/549 1418/2021/549 
f 1357/1955/502 1434/2037/549 1415/2018/521 
f 1447/2050/568 1357/1955/502 1415/2018/521 
f 1358/1956/503 1357/1955/502 1452/2055/571 
f 1445/2048/567 1358/1956/503 1452/2055/571 
f 1400/2003/534 1356/1954/501 1446/2049/512 
f 1452/2055/571 1383/1984/525 1445/2048/567 
f 1400/2003/534 1446/2049/512 1388/1989/512 
f 1371/1969/512 1445/2048/567 1383/1984/525 
f 1404/2007/537 1365/1963/509 1332/1926/478 
f 1364/1962/480 1332/1926/478 1365/1963/509 
f 1461/2068/572 1455/2060/574 1402/2005/536 
f 1454/2059/573 1455/2060/574 1439/2042/562 
f 1326/1920/472 1411/2014/543 1410/2013/542 
f 1462/2069/578 1411/2014/543 1325/1919/471 
f 1331/1925/477 1402/2005/536 1405/2008/538 
f 1402/2005/536 1401/2004/535 1405/2008/538 
f 1426/2029/554 1368/1966/484 1328/1922/474 
f 1427/2030/555 1426/2029/554 1367/1965/467 
f 1466/2073/580 1378/1977/518 1298/2075/498 
f 1349/1946/495 1385/1986/527 1466/2073/580 
f 1439/2042/562 1461/2068/572 1422/2025/552 
f 1417/2020/548 1422/2025/552 1461/2068/572 
f 1413/2016/545 1412/2015/544 1425/2028/521 
f 1432/2035/521 1412/2015/544 1414/2017/546 
f 1361/1959/506 1343/1939/491 1432/2035/521 
f 1390/1991/530 1343/1939/491 1431/2034/525 
f 1468/2078/581 1469/2079/582 1470/2080/583 
f 1471/2081/584 1472/2082/585 1473/2083/586 
f 1474/2084/587 1475/2085/588 1476/2086/512 
f 1477/2087/589 1478/2088/590 1479/2089/591 
f 1480/2090/592 1481/2091/593 1301/2092/594 
f 1482/2093/595 1306/2094/596 1483/2095/597 
f 1484/2096/583 1468/2078/581 1485/2097/598 
f 1486/2098/599 1487/2099/600 1477/2087/589 
f 1488/2100/512 1475/2085/588 1489/2101/597 
f 1490/2102/512 1491/2103/601 1492/2104/602 
f 1493/2105/512 1483/2095/597 1494/2106/603 
f 1495/2107/604 1496/2108/605 1497/2109/606 
f 1498/2110/607 1307/2111/608 1499/2112/609 
f 1500/2113/610 1501/2114/607 1502/2115/611 
f 1503/2116/612 1504/2117/613 1505/2118/614 
f 1506/2119/615 1477/2087/589 1487/2099/600 
f 1507/2120/616 1508/2121/617 1509/2122/593 
f 1489/2101/597 1510/2123/618 1488/2100/512 
f 1511/2124/619 1512/2125/620 1513/2126/621 
f 1514/2127/475 1515/2128/622 1312/2129/475 
f 1516/2130/475 1517/2131/623 1518/2132/624 
f 1519/2133/625 1520/2134/589 1521/2135/626 
f 1522/2136/627 1501/2114/607 1500/2113/610 
f 1523/2137/628 1305/2138/629 1524/2139/630 
f 1525/2140/624 1526/2141/631 1313/2142/632 
f 1517/2131/623 1527/2143/475 1528/2144/633 
f 1529/2145/634 1530/2146/635 1531/2147/583 
f 1495/2107/604 1501/2114/607 1522/2136/627 
f 1532/2148/636 1533/2149/637 1534/2150/638 
f 1516/2130/475 1535/2151/639 1536/2152/475 
f 1478/2088/590 1537/2153/640 1538/2154/641 
f 1539/2155/603 1314/2156/596 1540/2157/597 
f 1541/2158/622 1304/2159/632 1542/2160/624 
f 1543/2161/642 1544/2162/512 1510/2123/618 
f 1545/2163/643 1536/2152/475 1535/2151/639 
f 1546/2164/644 1547/2165/645 1548/2166/607 
f 1549/2167/646 1550/2168/647 1546/2164/644 
f 1551/2169/648 1485/2097/598 1529/2145/634 
f 1481/2091/593 1480/2090/592 1496/2108/605 
f 1552/2170/583 1553/2171/649 1554/2172/650 
f 1472/2082/585 1555/2173/651 1556/2174/652 
f 1557/2175/653 1558/2176/654 1559/2177/655 
f 1560/2178/628 1561/2179/656 1562/2180/657 
f 1512/2125/620 1563/2181/658 1513/2126/621 
f 1564/2182/593 1471/2081/584 1473/2083/586 
f 1509/2122/593 1529/2145/634 1485/2097/598 
f 1471/2081/584 1548/2166/607 1555/2173/651 
f 1565/2183/659 1553/2171/649 1566/2184/660 
f 1561/2179/656 1512/2125/620 1567/2185/661 
f 1568/2186/589 1500/2113/610 1559/2177/655 
f 1469/2079/582 1468/2078/581 1484/2096/583 
f 1469/2079/582 1540/2157/597 1314/2156/596 
f 1519/2133/625 1558/2176/654 1524/2139/630 
f 1569/2187/662 1524/2139/630 1570/2188/628 
f 1571/2189/663 1572/2190/664 1475/2085/588 
f 1539/2155/603 1540/2157/597 1476/2086/512 
f 1571/2189/663 1474/2084/587 1484/2096/583 
f 1573/2191/665 1574/2192/666 1572/2190/664 
f 1489/2101/597 1574/2192/666 1510/2123/618 
f 1573/2191/665 1530/2146/635 1565/2183/659 
f 1566/2184/660 1575/2193/667 1576/2194/668 
f 1577/2195/669 1517/2131/623 1528/2144/633 
f 1541/2158/622 1542/2160/624 1527/2143/475 
f 1578/2196/670 1528/2144/633 1570/2188/628 
f 1518/2132/624 1577/2195/669 1513/2126/621 
f 1518/2132/624 1513/2126/621 1535/2151/639 
f 1579/2197/628 1580/2198/671 1511/2124/619 
f 1563/2181/658 1581/2199/658 1503/2116/612 
f 1488/2100/512 1510/2123/618 1544/2162/512 
f 1582/2200/512 1475/2085/588 1488/2100/512 
f 1583/2201/475 1517/2131/623 1516/2130/475 
f 1543/2161/642 1576/2194/668 1575/2193/667 
f 1575/2193/667 1584/2202/672 1491/2103/601 
f 1567/2185/661 1585/2203/673 1586/2204/674 
f 1552/2170/583 1587/2205/675 1588/2206/676 
f 1494/2106/603 1483/2095/597 1306/2094/596 
f 1554/2172/650 1589/2207/677 1587/2205/675 
f 1590/2208/678 1591/2209/583 1482/2093/595 
f 1518/2132/624 1535/2151/639 1516/2130/475 
f 1545/2163/643 1563/2181/658 1503/2116/612 
f 1503/2116/612 1581/2199/658 1504/2117/613 
f 1592/2210/679 1593/2211/475 1505/2118/614 
f 1594/2212/680 1560/2178/628 1478/2088/590 
f 1514/2127/475 1525/2140/624 1515/2128/622 
f 1478/2088/590 1560/2178/628 1562/2180/657 
f 1595/2213/681 1526/2141/631 1538/2154/641 
f 1596/2214/512 1492/2104/602 1493/2105/512 
f 1483/2095/597 1493/2105/512 1492/2104/602 
f 1494/2106/603 1295/2057/512 1493/2105/512 
f 1597/2215/682 1588/2206/676 1482/2093/595 
f 1598/2216/475 1592/2210/679 1514/2127/475 
f 1592/2210/679 1598/2216/475 1593/2211/475 
f 1313/2142/632 1515/2128/622 1525/2140/624 
f 1599/2217/683 1594/2212/680 1526/2141/631 
f 1476/2086/512 1310/1971/512 1539/2155/603 
f 1474/2084/587 1540/2157/597 1469/2079/582 
f 1476/2086/512 1540/2157/597 1474/2084/587 
f 1527/2143/475 1296/2218/475 1541/2158/622 
f 1569/2187/662 1542/2160/624 1304/2159/632 
f 1527/2143/475 1542/2160/624 1528/2144/633 
f 1586/2204/674 1585/2203/673 1600/2219/684 
f 1561/2179/656 1560/2178/628 1581/2199/658 
f 1601/2220/685 1586/2204/674 1600/2219/684 
f 1547/2165/645 1602/2221/686 1548/2166/607 
f 1597/2215/682 1482/2093/595 1483/2095/597 
f 1599/2217/683 1526/2141/631 1525/2140/624 
f 1591/2209/583 1590/2208/678 1301/2092/594 
f 1591/2209/583 1306/2094/596 1482/2093/595 
f 1309/2222/594 1468/2078/581 1470/2080/583 
f 1595/2213/681 1603/2223/628 1526/2141/631 
f 1603/2223/628 1313/2142/632 1526/2141/631 
f 1474/2084/587 1469/2079/582 1484/2096/583 
f 1469/2079/582 1314/2156/596 1470/2080/583 
f 1507/2120/616 1468/2078/581 1309/2222/594 
f 1468/2078/581 1507/2120/616 1485/2097/598 
f 1508/2121/617 1604/2224/593 1308/2225/687 
f 1604/2224/593 1508/2121/617 1507/2120/616 
f 1507/2120/616 1509/2122/593 1485/2097/598 
f 1509/2122/593 1532/2148/636 1534/2150/638 
f 1530/2146/635 1529/2145/634 1549/2167/646 
f 1531/2147/583 1571/2189/663 1551/2169/648 
f 1308/2225/687 1498/2110/607 1605/2226/688 
f 1532/2148/636 1509/2122/593 1508/2121/617 
f 1479/2089/591 1486/2098/599 1477/2087/589 
f 1499/2112/609 1605/2226/688 1498/2110/607 
f 1606/2227/607 1532/2148/636 1605/2226/688 
f 1605/2226/688 1532/2148/636 1508/2121/617 
f 1533/2149/637 1532/2148/636 1606/2227/607 
f 1533/2149/637 1606/2227/607 1547/2165/645 
f 1533/2149/637 1549/2167/646 1534/2150/638 
f 1607/2228/689 1606/2227/607 1486/2098/599 
f 1602/2221/686 1608/2229/684 1586/2204/674 
f 1507/2120/616 1309/2222/594 1604/2224/593 
f 1549/2167/646 1564/2182/593 1530/2146/635 
f 1530/2146/635 1564/2182/593 1565/2183/659 
f 1471/2081/584 1546/2164/644 1548/2166/607 
f 1565/2183/659 1564/2182/593 1473/2083/586 
f 1553/2171/649 1565/2183/659 1473/2083/586 
f 1573/2191/665 1565/2183/659 1576/2194/668 
f 1546/2164/644 1564/2182/593 1549/2167/646 
f 1555/2173/651 1472/2082/585 1471/2081/584 
f 1609/2230/690 1501/2114/607 1497/2109/606 
f 1554/2172/650 1610/2231/691 1609/2230/690 
f 1548/2166/607 1601/2220/685 1555/2173/651 
f 1555/2173/651 1601/2220/685 1502/2115/611 
f 1472/2082/585 1609/2230/690 1610/2231/691 
f 1566/2184/660 1553/2171/649 1552/2170/583 
f 1553/2171/649 1473/2083/586 1610/2231/691 
f 1589/2207/677 1611/2232/593 1480/2090/592 
f 1601/2220/685 1548/2166/607 1602/2221/686 
f 1502/2115/611 1601/2220/685 1600/2219/684 
f 1500/2113/610 1502/2115/611 1600/2219/684 
f 1556/2174/652 1502/2115/611 1501/2114/607 
f 1585/2203/673 1511/2124/619 1580/2198/671 
f 1500/2113/610 1568/2186/589 1522/2136/627 
f 1600/2219/684 1559/2177/655 1500/2113/610 
f 1579/2197/628 1578/2196/670 1557/2175/653 
f 1568/2186/589 1521/2135/626 1522/2136/627 
f 1612/2233/607 1495/2107/604 1613/2234/692 
f 1522/2136/627 1521/2135/626 1613/2234/692 
f 1481/2091/593 1496/2108/605 1303/2235/687 
f 1519/2133/625 1521/2135/626 1568/2186/589 
f 1612/2233/607 1613/2234/692 1302/2236/608 
f 1558/2176/654 1519/2133/625 1568/2186/589 
f 1520/2134/589 1302/2236/608 1521/2135/626 
f 1564/2182/593 1546/2164/644 1471/2081/584 
f 1549/2167/646 1533/2149/637 1550/2168/647 
f 1559/2177/655 1558/2176/654 1568/2186/589 
f 1524/2139/630 1558/2176/654 1570/2188/628 
f 1569/2187/662 1304/2159/632 1523/2137/628 
f 1519/2133/625 1524/2139/630 1305/2138/629 
f 1528/2144/633 1542/2160/624 1569/2187/662 
f 1524/2139/630 1569/2187/662 1523/2137/628 
f 1569/2187/662 1570/2188/628 1528/2144/633 
f 1519/2133/625 1305/2138/629 1520/2134/589 
f 1574/2192/666 1573/2191/665 1576/2194/668 
f 1531/2147/583 1530/2146/635 1573/2191/665 
f 1510/2123/618 1574/2192/666 1576/2194/668 
f 1572/2190/664 1574/2192/666 1489/2101/597 
f 1605/2226/688 1508/2121/617 1308/2225/687 
f 1606/2227/607 1605/2226/688 1499/2112/609 
f 1584/2202/672 1566/2184/660 1552/2170/583 
f 1565/2183/659 1566/2184/660 1576/2194/668 
f 1495/2107/604 1612/2233/607 1303/2235/687 
f 1584/2202/672 1552/2170/583 1588/2206/676 
f 1575/2193/667 1566/2184/660 1584/2202/672 
f 1588/2206/676 1491/2103/601 1584/2202/672 
f 1492/2104/602 1491/2103/601 1597/2215/682 
f 1483/2095/597 1492/2104/602 1597/2215/682 
f 1543/2161/642 1490/2102/512 1544/2162/512 
f 1490/2102/512 1575/2193/667 1491/2103/601 
f 1492/2104/602 1596/2214/512 1490/2102/512 
f 1561/2179/656 1567/2185/661 1562/2180/657 
f 1479/2089/591 1562/2180/657 1608/2229/684 
f 1477/2087/589 1537/2153/640 1478/2088/590 
f 1607/2228/689 1608/2229/684 1547/2165/645 
f 1486/2098/599 1499/2112/609 1487/2099/600 
f 1607/2228/689 1486/2098/599 1479/2089/591 
f 1606/2227/607 1499/2112/609 1486/2098/599 
f 1608/2229/684 1607/2228/689 1479/2089/591 
f 1547/2165/645 1606/2227/607 1607/2228/689 
f 1478/2088/590 1562/2180/657 1479/2089/591 
f 1594/2212/680 1478/2088/590 1538/2154/641 
f 1537/2153/640 1506/2119/615 1595/2213/681 
f 1595/2213/681 1538/2154/641 1537/2153/640 
f 1614/2237/589 1487/2099/600 1307/2111/608 
f 1506/2119/615 1311/2238/629 1595/2213/681 
f 1499/2112/609 1307/2111/608 1487/2099/600 
f 1477/2087/589 1506/2119/615 1537/2153/640 
f 1603/2223/628 1595/2213/681 1311/2238/629 
f 1487/2099/600 1614/2237/589 1506/2119/615 
f 1311/2238/629 1506/2119/615 1614/2237/589 
f 1526/2141/631 1594/2212/680 1538/2154/641 
f 1504/2117/613 1594/2212/680 1599/2217/683 
f 1611/2232/593 1496/2108/605 1480/2090/592 
f 1301/2092/594 1590/2208/678 1480/2090/592 
f 1589/2207/677 1480/2090/592 1590/2208/678 
f 1497/2109/606 1496/2108/605 1611/2232/593 
f 1495/2107/604 1303/2235/687 1496/2108/605 
f 1609/2230/690 1497/2109/606 1611/2232/593 
f 1501/2114/607 1495/2107/604 1497/2109/606 
f 1554/2172/650 1609/2230/690 1611/2232/593 
f 1609/2230/690 1472/2082/585 1556/2174/652 
f 1553/2171/649 1610/2231/691 1554/2172/650 
f 1473/2083/586 1472/2082/585 1610/2231/691 
f 1587/2205/675 1589/2207/677 1590/2208/678 
f 1554/2172/650 1611/2232/593 1589/2207/677 
f 1588/2206/676 1587/2205/675 1590/2208/678 
f 1554/2172/650 1587/2205/675 1552/2170/583 
f 1482/2093/595 1588/2206/676 1590/2208/678 
f 1597/2215/682 1491/2103/601 1588/2206/676 
f 1551/2169/648 1571/2189/663 1484/2096/583 
f 1571/2189/663 1531/2147/583 1572/2190/664 
f 1485/2097/598 1551/2169/648 1484/2096/583 
f 1531/2147/583 1551/2169/648 1529/2145/634 
f 1476/2086/512 1475/2085/588 1582/2200/512 
f 1571/2189/663 1475/2085/588 1474/2084/587 
f 1557/2175/653 1578/2196/670 1570/2188/628 
f 1577/2195/669 1578/2196/670 1579/2197/628 
f 1527/2143/475 1517/2131/623 1583/2201/475 
f 1577/2195/669 1528/2144/633 1578/2196/670 
f 1511/2124/619 1513/2126/621 1579/2197/628 
f 1535/2151/639 1513/2126/621 1563/2181/658 
f 1580/2198/671 1579/2197/628 1559/2177/655 
f 1511/2124/619 1585/2203/673 1512/2125/620 
f 1559/2177/655 1600/2219/684 1580/2198/671 
f 1600/2219/684 1585/2203/673 1580/2198/671 
f 1567/2185/661 1512/2125/620 1585/2203/673 
f 1561/2179/656 1563/2181/658 1512/2125/620 
f 1576/2194/668 1543/2161/642 1510/2123/618 
f 1490/2102/512 1543/2161/642 1575/2193/667 
f 1563/2181/658 1545/2163/643 1535/2151/639 
f 1505/2118/614 1593/2211/475 1503/2116/612 
f 1561/2179/656 1581/2199/658 1563/2181/658 
f 1504/2117/613 1581/2199/658 1560/2178/628 
f 1594/2212/680 1504/2117/613 1560/2178/628 
f 1505/2118/614 1504/2117/613 1599/2217/683 
f 1592/2210/679 1505/2118/614 1599/2217/683 
f 1545/2163/643 1503/2116/612 1593/2211/475 
f 1599/2217/683 1525/2140/624 1592/2210/679 
f 1545/2163/643 1593/2211/475 1536/2152/475 
f 1514/2127/475 1592/2210/679 1525/2140/624 
f 1549/2167/646 1529/2145/634 1534/2150/638 
f 1509/2122/593 1534/2150/638 1529/2145/634 
f 1608/2229/684 1602/2221/686 1547/2165/645 
f 1601/2220/685 1602/2221/686 1586/2204/674 
f 1502/2115/611 1556/2174/652 1555/2173/651 
f 1609/2230/690 1556/2174/652 1501/2114/607 
f 1533/2149/637 1547/2165/645 1550/2168/647 
f 1547/2165/645 1546/2164/644 1550/2168/647 
f 1572/2190/664 1489/2101/597 1475/2085/588 
f 1573/2191/665 1572/2190/664 1531/2147/583 
f 1613/2234/692 1521/2135/626 1302/2236/608 
f 1495/2107/604 1522/2136/627 1613/2234/692 
f 1586/2204/674 1608/2229/684 1567/2185/661 
f 1562/2180/657 1567/2185/661 1608/2229/684 
f 1558/2176/654 1557/2175/653 1570/2188/628 
f 1579/2197/628 1557/2175/653 1559/2177/655 
f 1513/2126/621 1577/2195/669 1579/2197/628 
f 1517/2131/623 1577/2195/669 1518/2132/624 
# 584 faces

#
# object _Extrusion__1771_
#

v  15.8380 44.4367 33.1766
v  15.8380 45.3205 32.4718
v  15.8380 46.4225 32.2203
v  15.8380 46.4225 37.3003
v  15.8380 43.9462 35.3255
v  15.8380 43.9462 34.1951
v  15.8380 44.4367 36.3439
v  15.8380 45.3205 37.0487
v  15.8380 48.4084 33.1766
v  15.8380 48.8988 35.3255
v  15.8380 48.8988 34.1951
v  15.8380 47.5246 37.0487
v  15.8380 48.4084 36.3439
v  15.8380 47.5246 32.4718
v  -109.8920 48.8988 35.3255
v  -109.8920 48.8988 34.1951
v  -109.8920 48.4084 33.1766
v  -109.8920 46.4225 32.2203
v  -109.8920 48.4084 36.3439
v  -109.8920 46.4225 37.3003
v  -109.8920 47.5246 37.0487
v  -109.8920 47.5246 32.4718
v  -109.8920 45.3205 32.4718
v  -109.8920 44.4367 33.1766
v  -109.8920 43.9462 35.3255
v  -109.8920 44.4367 36.3439
v  -109.8920 45.3205 37.0487
v  -109.8920 43.9462 34.1951
v  -109.8920 44.8786 36.6963
v  -99.9628 44.6265 36.5563
v  -99.0942 45.1334 36.9488
v  -17.7806 44.0262 33.9183
v  -14.5209 43.8825 34.7603
v  -26.1318 43.9085 34.3981
v  -83.4956 45.6067 37.1657
v  -74.2738 45.8883 37.2435
v  -92.2944 46.4225 37.3003
v  -86.5282 43.9357 35.2774
v  -73.6623 43.9447 35.3189
v  -73.0459 44.0987 35.7856
v  4.9135 44.2719 36.1116
v  15.8380 44.1914 35.8347
v  4.9980 45.1314 36.9476
v  3.4924 45.6492 37.1797
v  -78.5298 45.0774 36.9149
v  -84.3229 43.9485 34.1853
v  -98.9675 44.0251 33.9214
v  -88.0430 44.1341 33.6582
v  -10.5585 45.6067 32.3549
v  -15.5243 45.0774 32.6057
v  -24.8430 45.2436 32.5104
v  2.0031 46.4225 37.3003
v  15.8380 46.0052 37.2050
v  -25.6666 46.4225 37.3003
v  -19.9651 45.5679 37.1522
v  -13.9215 45.9452 37.2550
v  1.5136 43.8886 34.9355
v  4.4992 44.0127 35.5630
v  -5.6756 43.9515 35.3482
v  -109.8920 43.9462 34.7603
v  -94.7126 43.8985 34.4759
v  -90.0335 44.8389 36.7461
v  -89.9430 44.4389 36.3468
v  -64.5939 45.6379 32.3445
v  -71.9638 45.2823 32.4906
v  -74.6355 45.7342 32.3153
v  -37.4640 44.7469 32.8514
v  -47.3336 44.7257 32.8702
v  -36.9488 45.1745 32.5480
v  -99.3779 44.2519 36.0794
v  -98.1200 44.0004 35.5250
v  -88.0430 44.1341 35.8623
v  -73.9454 44.3391 36.2131
v  -58.9350 44.4004 36.2974
v  -67.0260 44.8389 36.7461
v  -64.5315 45.6484 37.1794
v  -48.3003 45.7887 37.2199
v  -57.0991 46.4225 37.3003
v  -96.0571 46.4225 32.2203
v  -109.8920 46.0052 32.3155
v  -42.4789 43.9568 35.3701
v  -25.6668 43.9572 35.3717
v  -37.1993 44.1688 35.9318
v  5.3020 44.2530 33.4394
v  15.8380 44.1914 33.6858
v  4.1381 44.0024 33.9892
v  -81.5284 44.5369 33.0586
v  -75.8101 44.0750 33.7903
v  15.8380 44.8786 32.8242
v  5.7014 44.6142 32.9765
v  -97.5465 45.6492 32.3409
v  -99.0520 45.1314 32.5729
v  -7.0542 43.9340 34.2515
v  -36.9549 46.4225 32.2203
v  -45.7538 45.7887 32.3006
v  -54.5525 46.4225 32.2203
v  -99.8652 44.2381 33.4642
v  -19.7803 45.8883 32.2771
v  -1.7596 46.4225 32.2203
v  -91.2839 44.3956 33.2295
v  -92.2751 44.7531 32.8460
v  -109.8920 46.0052 37.2050
v  -97.6652 45.6492 37.1797
v  15.8380 46.0052 32.3155
v  3.6111 45.6492 32.3409
v  -38.1567 45.9158 37.2492
v  -39.5015 46.4225 37.3003
v  -55.8974 45.9158 32.2713
v  -54.7570 43.9288 35.2431
v  -63.2801 43.8831 34.7078
v  -47.0270 43.8825 34.7603
v  -63.2801 44.0539 35.6775
v  -64.2976 43.9264 35.2304
v  -79.9851 44.6437 36.5734
v  -21.5888 44.8389 36.7461
v  -31.7096 44.5142 36.4365
v  -17.8330 44.3567 36.2381
v  -34.0536 43.8853 34.8780
v  -24.0970 43.8861 34.8950
v  -13.4301 44.6874 32.9053
v  -4.4069 44.4351 33.1786
v  -18.2165 44.3906 33.2362
v  -72.4653 44.8389 32.7744
v  -58.0959 44.5811 33.0108
v  -70.7837 44.3474 33.2955
v  -49.7467 45.1027 32.5901
v  -50.5118 44.1337 35.8616
v  -45.2994 44.4736 36.3892
v  -33.1451 44.9406 36.8231
v  -52.8307 44.2715 33.4095
v  -6.0110 44.1341 33.6582
v  5.9087 45.0712 32.6096
v  -4.0205 44.8389 32.7744
v  -65.1518 45.2203 36.9977
v  -53.9118 44.7858 36.7026
v  -55.7172 45.2735 37.0255
v  -29.4602 45.6379 37.1761
v  -44.3074 45.1027 36.9304
v  -29.5226 45.6484 32.3411
v  -27.0280 44.8389 32.7744
v  -30.4822 44.4086 33.2125
v  -62.0519 45.1023 32.5903
v  -74.6967 46.4225 37.3003
v  -19.3573 46.4225 32.2203
v  -25.5719 45.2182 36.9966
v  -42.7386 44.4318 33.1827
v  -47.0270 44.0520 33.8481
v  -12.1227 44.6563 36.5857
v  -9.2330 45.0457 36.8947
v  -4.6590 44.4069 36.3059
v  -1.7789 44.7531 36.6746
v  15.8380 44.8786 36.6963
v  -83.0621 45.9553 32.2636
v  -68.3874 46.4225 32.2203
v  -82.7193 44.9127 32.7177
v  -100.3031 44.5382 33.0570
v  -11.8318 46.4225 37.3003
v  -10.4552 45.5030 37.1280
v  -82.2223 46.4225 32.2203
v  -83.5989 45.5030 32.3925
v  -30.7740 44.0539 33.8430
v  -38.5957 43.9234 34.3062
v  -54.5630 43.9253 34.2964
v  -109.8920 44.8786 32.8242
v  -109.8920 44.1914 35.8347
v  -95.9912 43.8947 35.0090
v  -79.5331 43.8825 34.7603
v  -73.4111 43.9239 34.3035
v  -63.2801 44.0539 33.8430
v  -15.5474 44.0242 35.5967
v  -24.6522 44.1404 35.8753
v  -6.0110 44.1341 35.8623
v  15.8380 43.9462 34.7603
v  1.9447 43.9014 34.4512
v  -109.8920 44.1914 33.6858
v  -99.9628 48.2186 32.9642
v  -99.0942 47.7117 32.5717
v  -109.8920 47.9665 32.8242
v  -42.4789 48.8882 34.1504
v  -25.6668 48.8878 34.1489
v  -37.1993 48.6762 33.5888
v  -83.4956 47.2384 32.3549
v  -74.2738 46.9567 32.2771
v  -92.2944 46.4225 32.2203
v  -88.0430 48.7110 35.8623
v  -81.5284 48.3082 36.4620
v  -75.8101 48.7700 35.7303
v  4.9135 48.5732 33.4089
v  15.8380 48.6536 33.6858
v  4.9980 47.7137 32.5729
v  3.4924 47.1959 32.3409
v  -90.0335 48.0062 32.7744
v  -89.9430 48.4061 33.1738
v  -84.3229 48.8966 35.3353
v  -98.9675 48.8200 35.5992
v  -78.5298 47.7677 32.6057
v  -25.6666 46.4225 32.2203
v  -19.9651 47.2772 32.3684
v  -13.9215 46.8999 32.2655
v  2.0031 46.4225 32.2203
v  15.8380 46.8398 32.3155
v  1.5136 48.9565 34.5850
v  4.4992 48.8323 33.9575
v  -5.6756 48.8935 34.1723
v  -109.8920 48.8988 34.7603
v  -94.7126 48.9466 35.0447
v  -17.7806 48.8189 35.6023
v  -14.5209 48.9625 34.7603
v  -26.1318 48.9366 35.1224
v  -64.5939 47.2071 37.1761
v  -71.9638 47.5628 37.0300
v  -74.6355 47.1109 37.2052
v  -99.8652 48.6070 36.0564
v  -99.3779 48.5931 33.4411
v  -98.1200 48.8447 33.9956
v  -88.0430 48.7110 33.6582
v  -64.5315 47.1966 32.3411
v  -48.3003 47.0564 32.3006
v  -57.0991 46.4225 32.2203
v  -37.4640 48.0982 36.6691
v  -47.3336 48.1194 36.6503
v  -36.9488 47.6706 36.9725
v  -96.0571 46.4225 37.3003
v  -109.8920 46.8398 37.2050
v  -36.9550 46.4225 37.3003
v  -19.7803 46.9567 37.2435
v  -29.5226 47.1966 37.1794
v  5.3020 48.5921 36.0812
v  15.8380 48.6536 35.8347
v  4.1381 48.8427 35.5313
v  -7.0542 48.9110 35.2691
v  15.8380 47.9665 36.6963
v  5.7014 48.2308 36.5440
v  -97.5465 47.1959 37.1797
v  -99.0520 47.7137 36.9476
v  -1.7596 46.4225 37.3003
v  -10.5585 47.2384 37.1657
v  -73.9454 48.5060 33.3074
v  -58.9350 48.4446 33.2231
v  -67.0260 48.0062 32.7744
v  -86.5282 48.9093 34.2432
v  -73.6623 48.9003 34.2016
v  -73.0459 48.7464 33.7349
v  -45.7538 47.0564 37.2199
v  -54.5526 46.4225 37.3003
v  -91.2839 48.4495 36.2910
v  -92.2751 48.0920 36.6746
v  -109.8920 46.8398 32.3155
v  -97.6652 47.1959 32.3409
v  15.8380 46.8398 37.2050
v  3.6111 47.1959 37.1797
v  -38.1567 46.9293 32.2713
v  -39.5015 46.4225 32.2203
v  -55.8974 46.9293 37.2492
v  -54.7570 48.9162 34.2775
v  -63.2801 48.9620 34.8127
v  -47.0270 48.9625 34.7603
v  -63.2801 48.7911 33.8430
v  -64.2976 48.9186 34.2901
v  -79.9851 48.2014 32.9472
v  -21.5888 48.0062 32.7744
v  -31.7096 48.3309 33.0841
v  -17.8330 48.4883 33.2824
v  -34.0536 48.9598 34.6425
v  -24.0970 48.9590 34.6255
v  -13.4301 48.1577 36.6152
v  -4.4069 48.4100 36.3419
v  -18.2165 48.4544 36.2844
v  -72.4653 48.0062 36.7461
v  -58.0959 48.2640 36.5098
v  -70.7837 48.4977 36.2250
v  -49.7467 47.7424 36.9304
v  -50.5118 48.7113 33.6589
v  -45.2994 48.3714 33.1313
v  -33.1451 47.9045 32.6974
v  -52.8307 48.5736 36.1111
v  -6.0110 48.7110 35.8623
v  5.9087 47.7739 36.9110
v  -4.0205 48.0062 36.7461
v  -65.1518 47.6248 32.5228
v  -53.9118 48.0593 32.8179
v  -55.7172 47.5715 32.4950
v  -29.4602 47.2071 32.3445
v  -44.3074 47.7424 32.5901
v  -24.8430 47.6014 37.0101
v  -15.5243 47.7677 36.9149
v  -27.0280 48.0062 36.7461
v  -30.4822 48.4365 36.3080
v  -62.0519 47.7427 36.9302
v  -74.6968 46.4225 32.2203
v  -19.3573 46.4225 37.3003
v  -25.5719 47.6269 32.5240
v  -42.7386 48.4132 36.3379
v  -47.0270 48.7931 35.6725
v  -12.1227 48.1888 32.9349
v  -9.2330 47.7994 32.6258
v  -4.6590 48.4381 33.2146
v  -1.7789 48.0920 32.8460
v  15.8380 47.9665 32.8242
v  -83.0621 46.8898 37.2569
v  -68.3874 46.4225 37.3003
v  -82.7193 47.9323 36.8028
v  -100.3031 48.3068 36.4635
v  -11.8318 46.4225 32.2203
v  -10.4552 47.3420 32.3925
v  -82.2223 46.4225 37.3003
v  -83.5989 47.3420 37.1280
v  -30.7740 48.7911 35.6775
v  -38.5957 48.9216 35.2143
v  -54.5630 48.9198 35.2242
v  -109.8920 47.9665 36.6963
v  -109.8920 48.6536 33.6858
v  -95.9912 48.9503 34.5115
v  -79.5331 48.9625 34.7603
v  -73.4111 48.9211 35.2171
v  -63.2801 48.7911 35.6775
v  -15.5474 48.8209 33.9239
v  -24.6522 48.7047 33.6452
v  -6.0110 48.7110 33.6582
v  15.8380 48.8988 34.7603
v  1.9447 48.9437 35.0693
v  -109.8920 48.6536 35.8347
# 322 vertices

vn 1.0000 0.0000 -0.0000
vn -1.0000 0.0000 -0.0000
vn 0.0000 -0.6235 0.7818
vn 0.0000 -0.7071 0.7071
vn 0.0000 -0.5075 0.8616
vn 0.0000 -0.9435 -0.3315
vn 0.0000 -1.0000 -0.0000
vn 0.0000 -0.9898 -0.1426
vn 0.0000 -0.3212 0.9470
vn 0.0000 -0.2103 0.9776
vn 0.0000 0.0000 1.0000
vn 0.0000 -0.9791 0.2036
vn 0.0000 -0.9755 0.2199
vn 0.0000 -0.9149 0.4037
vn 0.0000 -0.8467 0.5320
vn 0.0000 -0.9010 0.4339
vn 0.0000 -0.7818 0.6235
vn 0.0000 -0.5083 0.8612
vn 0.0000 -0.4339 0.9010
vn 0.0000 -0.3048 0.9524
vn 0.0000 -0.5296 0.8483
vn 0.0000 -0.9740 -0.2264
vn 0.0000 -0.9439 -0.3303
vn 0.0000 -0.9010 -0.4339
vn 0.0000 -0.3212 -0.9470
vn 0.0000 -0.5296 -0.8483
vn 0.0000 -0.4641 -0.8858
vn 0.0000 -0.1691 0.9856
vn 0.0000 -0.3365 0.9417
vn 0.0000 -0.1879 0.9822
vn 0.0000 -0.9976 0.0690
vn 0.0000 -0.9487 0.3160
vn 0.0000 -0.9728 0.2315
vn 0.0000 -0.9749 -0.2225
vn 0.0000 -0.9937 -0.1120
vn 0.0000 -0.7809 0.6246
vn 0.0000 -0.3089 -0.9511
vn 0.0000 -0.4489 -0.8936
vn 0.0000 -0.2710 -0.9626
vn 0.0000 -0.6597 -0.7515
vn 0.0000 -0.6680 -0.7441
vn 0.0000 -0.4914 -0.8710
vn 0.0000 -0.8546 0.5194
vn 0.0000 -0.9536 0.3011
vn 0.0000 -0.8203 0.5720
vn 0.0000 -0.7961 0.6052
vn 0.0000 -0.2496 0.9684
vn 0.0000 -0.0000 -1.0000
vn 0.0000 -0.1691 -0.9856
vn 0.0000 -0.9707 0.2401
vn 0.0000 -0.9706 0.2407
vn 0.0000 -0.8873 0.4612
vn 0.0000 -0.8541 -0.5200
vn 0.0000 -0.9528 -0.3036
vn 0.0000 -0.7424 -0.6700
vn 0.0000 -0.9242 -0.3819
vn 0.0000 -0.6235 -0.7818
vn 0.0000 -0.7818 -0.6235
vn 0.0000 -0.7119 -0.7023
vn 0.0000 -0.4339 -0.9010
vn 0.0000 -0.3048 -0.9524
vn 0.0000 -0.5083 -0.8612
vn 0.0000 -0.9797 -0.2003
vn 0.0000 -0.2496 -0.9684
vn 0.0000 -0.8600 -0.5103
vn 0.0000 -0.2103 -0.9776
vn 0.0000 -0.7980 -0.6027
vn 0.0000 -0.6573 -0.7537
vn 0.0000 -0.1995 0.9799
vn 0.0000 -0.1995 -0.9799
vn 0.0000 -0.9818 0.1901
vn 0.0000 -0.9998 -0.0207
vn 0.0000 -0.9325 0.3611
vn 0.0000 -0.9827 0.1851
vn 0.0000 -0.7003 0.7138
vn 0.0000 -0.7513 0.6599
vn 0.0000 -0.8133 0.5818
vn 0.0000 -0.9989 0.0464
vn 0.0000 -0.9986 0.0531
vn 0.0000 -0.6831 -0.7303
vn 0.0000 -0.7825 -0.6227
vn 0.0000 -0.8000 -0.6000
vn 0.0000 -0.7250 -0.6888
vn 0.0000 -0.8170 -0.5767
vn 0.0000 -0.5196 -0.8544
vn 0.0000 -0.7673 0.6413
vn 0.0000 -0.5835 0.8121
vn 0.0000 -0.8469 -0.5318
vn 0.0000 -0.5320 -0.8467
vn 0.0000 -0.4733 0.8809
vn 0.0000 -0.6444 0.7647
vn 0.0000 -0.4524 0.8918
vn 0.0000 -0.3089 0.9511
vn 0.0000 -0.5196 0.8544
vn 0.0000 -0.7929 -0.6093
vn 0.0000 -0.4742 0.8804
vn 0.0000 -0.7837 -0.6211
vn 0.0000 -0.9333 -0.3591
vn 0.0000 -0.6954 0.7187
vn 0.0000 -0.5421 0.8403
vn 0.0000 -0.7935 0.6085
vn 0.0000 -0.6573 0.7537
vn 0.0000 -0.1839 -0.9829
vn 0.0000 -0.5944 -0.8042
vn 0.0000 -0.7418 -0.6706
vn 0.0000 -0.3620 0.9322
vn 0.0000 -0.3620 -0.9322
vn 0.0000 -0.9325 -0.3611
vn 0.0000 -0.9839 -0.1788
vn 0.0000 -0.9832 -0.1826
vn 0.0000 -0.9749 0.2225
vn 0.0000 -0.9952 0.0979
vn 0.0000 -0.9837 -0.1798
vn 0.0000 -0.9442 0.3293
vn 0.0000 -0.8985 0.4390
vn 0.0000 -0.9926 -0.1217
vn 0.0000 0.7071 -0.7071
vn 0.0000 0.5075 -0.8616
vn 0.0000 0.6235 -0.7818
vn 0.0000 0.9707 -0.2401
vn 0.0000 0.9706 -0.2407
vn 0.0000 0.8873 -0.4612
vn 0.0000 0.3212 -0.9470
vn 0.0000 0.2103 -0.9776
vn 0.0000 0.9010 0.4339
vn 0.0000 0.7424 0.6700
vn 0.0000 0.9242 0.3819
vn 0.0000 0.8467 -0.5320
vn 0.0000 0.9010 -0.4339
vn 0.0000 0.7818 -0.6235
vn 0.0000 0.5083 -0.8612
vn 0.0000 0.4339 -0.9010
vn 0.0000 0.3048 -0.9524
vn 0.0000 0.7809 -0.6246
vn 0.0000 0.9740 0.2264
vn 0.0000 0.9439 0.3303
vn 0.0000 0.5296 -0.8483
vn 0.0000 0.3365 -0.9417
vn 0.0000 0.1879 -0.9822
vn 0.0000 0.1691 -0.9856
vn 0.0000 0.9976 -0.0690
vn 0.0000 0.9487 -0.3160
vn 0.0000 0.9728 -0.2315
vn 0.0000 1.0000 0.0000
vn 0.0000 0.9749 0.2225
vn 0.0000 0.9937 0.1120
vn 0.0000 0.9435 0.3315
vn 0.0000 0.9898 0.1426
vn 0.0000 0.3089 0.9511
vn 0.0000 0.4489 0.8936
vn 0.0000 0.2710 0.9626
vn 0.0000 0.8600 0.5103
vn 0.0000 0.8546 -0.5194
vn 0.0000 0.9536 -0.3011
vn 0.0000 0.2496 -0.9684
vn 0.0000 0.6597 0.7515
vn 0.0000 0.6680 0.7441
vn 0.0000 0.4914 0.8710
vn 0.0000 0.1691 0.9856
vn 0.0000 0.2103 0.9776
vn 0.0000 0.3048 0.9524
vn 0.0000 0.8541 0.5200
vn 0.0000 0.9528 0.3036
vn 0.0000 0.9797 0.2003
vn 0.0000 0.6235 0.7818
vn 0.0000 0.7818 0.6235
vn 0.0000 0.7119 0.7023
vn 0.0000 0.5083 0.8612
vn 0.0000 0.4339 0.9010
vn 0.0000 0.3212 0.9470
vn 0.0000 0.8203 -0.5720
vn 0.0000 0.7961 -0.6052
vn 0.0000 0.9791 -0.2036
vn 0.0000 0.9755 -0.2199
vn 0.0000 0.9149 -0.4037
vn 0.0000 0.2496 0.9684
vn 0.0000 0.7980 0.6027
vn 0.0000 0.6573 0.7537
vn 0.0000 0.1995 -0.9799
vn 0.0000 0.1995 0.9799
vn 0.0000 0.9818 -0.1901
vn 0.0000 0.9998 0.0207
vn 0.0000 0.9325 -0.3611
vn 0.0000 0.9827 -0.1851
vn 0.0000 0.7003 -0.7138
vn 0.0000 0.7513 -0.6599
vn 0.0000 0.8133 -0.5818
vn 0.0000 0.9989 -0.0464
vn 0.0000 0.9986 -0.0531
vn 0.0000 0.6831 0.7303
vn 0.0000 0.7825 0.6227
vn 0.0000 0.8000 0.6000
vn 0.0000 0.7250 0.6888
vn 0.0000 0.8170 0.5767
vn 0.0000 0.5196 0.8544
vn 0.0000 0.7673 -0.6413
vn 0.0000 0.5835 -0.8121
vn 0.0000 0.8469 0.5318
vn 0.0000 0.5320 0.8467
vn 0.0000 0.4733 -0.8809
vn 0.0000 0.6444 -0.7647
vn 0.0000 0.4524 -0.8918
vn 0.0000 0.3089 -0.9511
vn 0.0000 0.5196 -0.8544
vn 0.0000 0.4641 0.8858
vn 0.0000 0.5296 0.8483
vn 0.0000 0.7929 0.6093
vn 0.0000 0.4742 -0.8804
vn 0.0000 0.7837 0.6211
vn 0.0000 0.9333 0.3591
vn 0.0000 0.6954 -0.7187
vn 0.0000 0.5421 -0.8403
vn 0.0000 0.7935 -0.6085
vn 0.0000 0.6573 -0.7537
vn 0.0000 0.1839 0.9829
vn 0.0000 0.5944 0.8042
vn 0.0000 0.7418 0.6706
vn 0.0000 0.3620 -0.9322
vn 0.0000 0.3620 0.9322
vn 0.0000 0.9325 0.3611
vn 0.0000 0.9839 0.1788
vn 0.0000 0.9832 0.1826
vn 0.0000 0.9749 -0.2225
vn 0.0000 0.9952 -0.0979
vn 0.0000 0.9837 0.1798
vn 0.0000 0.9442 -0.3293
vn 0.0000 0.8985 -0.4390
vn 0.0000 0.9926 0.1217
# 228 vertex normals

vt 0.1740 -0.0597 0.0000
vt 0.1972 -0.0307 0.0000
vt 0.2054 0.0054 0.0000
vt 0.0387 0.0054 0.0000
vt 0.1035 -0.0758 0.0000
vt 0.1406 -0.0758 0.0000
vt 0.0701 -0.0597 0.0000
vt 0.0470 -0.0307 0.0000
vt 0.1740 0.0706 0.0000
vt 0.1035 0.0867 0.0000
vt 0.1406 0.0867 0.0000
vt 0.0470 0.0416 0.0000
vt 0.0701 0.0706 0.0000
vt 0.1972 0.0416 0.0000
vt -0.1035 0.0867 0.0000
vt -0.1406 0.0867 0.0000
vt -0.1740 0.0706 0.0000
vt -0.2054 0.0054 0.0000
vt -0.0701 0.0706 0.0000
vt -0.0387 0.0054 0.0000
vt -0.0470 0.0416 0.0000
vt -0.1972 0.0416 0.0000
vt -0.1972 -0.0307 0.0000
vt -0.1740 -0.0597 0.0000
vt -0.1035 -0.0758 0.0000
vt -0.0701 -0.0597 0.0000
vt -0.0470 -0.0307 0.0000
vt -0.1406 -0.0758 0.0000
vt -1.1667 -0.2055 0.0000
vt -1.4924 -0.1961 0.0000
vt -1.5209 -0.2172 0.0000
vt -4.1887 -0.1025 0.0000
vt -4.2956 -0.1307 0.0000
vt -3.9147 -0.1187 0.0000
vt -2.0327 -0.2343 0.0000
vt -2.3352 -0.2439 0.0000
vt -1.7440 -0.2616 0.0000
vt -1.9332 -0.1477 0.0000
vt -2.3553 -0.1491 0.0000
vt -2.3755 -0.1653 0.0000
vt -4.9333 -0.1774 0.0000
vt -5.2917 -0.1681 0.0000
vt -5.2917 -0.1868 0.0000
vt -4.9360 -0.2171 0.0000
vt -5.2917 -0.2242 0.0000
vt -4.8866 -0.2358 0.0000
vt -2.1956 -0.2151 0.0000
vt -2.0056 -0.1116 0.0000
vt -1.5251 -0.1026 0.0000
vt -1.8835 -0.0933 0.0000
vt -4.4256 -0.0270 0.0000
vt -4.2627 -0.0463 0.0000
vt -3.9570 -0.0400 0.0000
vt -4.8378 -0.2616 0.0000
vt -5.2917 -0.2474 0.0000
vt -5.2917 -0.2616 0.0000
vt -3.9300 -0.2616 0.0000
vt -4.1170 -0.2330 0.0000
vt -4.3153 -0.2458 0.0000
vt -4.8217 -0.1364 0.0000
vt -4.9197 -0.1575 0.0000
vt -4.5858 -0.1501 0.0000
vt -1.1667 -0.1307 0.0000
vt -1.1667 -0.1120 0.0000
vt -1.6647 -0.1213 0.0000
vt -1.8182 -0.2055 0.0000
vt -1.8212 -0.1869 0.0000
vt -2.6528 -0.0259 0.0000
vt -2.4110 -0.0386 0.0000
vt -2.3234 -0.0226 0.0000
vt -3.5429 -0.0598 0.0000
vt -3.2191 -0.0607 0.0000
vt -3.5598 -0.0426 0.0000
vt -1.5116 -0.1762 0.0000
vt -1.5529 -0.1561 0.0000
vt -1.8835 -0.1681 0.0000
vt -2.3460 -0.1814 0.0000
vt -2.8385 -0.1848 0.0000
vt -2.5730 -0.2055 0.0000
vt -2.6549 -0.2358 0.0000
vt -3.1874 -0.2405 0.0000
vt -2.8987 -0.2616 0.0000
vt -1.6206 0.0002 0.0000
vt -1.1667 -0.0139 0.0000
vt -1.1667 0.0002 0.0000
vt -3.3784 -0.1509 0.0000
vt -3.9300 -0.1509 0.0000
vt -3.5516 -0.1706 0.0000
vt -4.9460 -0.0851 0.0000
vt -5.2917 -0.0933 0.0000
vt -4.9078 -0.1050 0.0000
vt -2.0972 -0.0695 0.0000
vt -2.2848 -0.0980 0.0000
vt -5.2917 -0.0559 0.0000
vt -5.2917 -0.0746 0.0000
vt -4.9591 -0.0658 0.0000
vt -1.1667 -0.0372 0.0000
vt -1.5717 -0.0255 0.0000
vt -1.5223 -0.0442 0.0000
vt -4.5406 -0.1139 0.0000
vt -3.5596 0.0002 0.0000
vt -3.2709 -0.0208 0.0000
vt -2.9823 0.0002 0.0000
vt -1.4956 -0.0860 0.0000
vt -4.1231 -0.0174 0.0000
vt -4.7143 0.0002 0.0000
vt -1.7772 -0.0768 0.0000
vt -1.7446 -0.0595 0.0000
vt -1.1667 -0.2474 0.0000
vt -1.1667 -0.2242 0.0000
vt -1.5678 -0.2358 0.0000
vt -5.2917 -0.0139 0.0000
vt -5.2917 -0.0372 0.0000
vt -4.8905 -0.0255 0.0000
vt -3.5202 -0.2448 0.0000
vt -3.4761 -0.2616 0.0000
vt -2.9381 -0.0165 0.0000
vt -2.9756 -0.1466 0.0000
vt -2.6959 -0.1289 0.0000
vt -3.2292 -0.1307 0.0000
vt -2.6959 -0.1614 0.0000
vt -2.6625 -0.1462 0.0000
vt -2.1479 -0.1969 0.0000
vt -4.0638 -0.2055 0.0000
vt -3.7317 -0.1907 0.0000
vt -4.1870 -0.1824 0.0000
vt -3.6548 -0.1345 0.0000
vt -3.9815 -0.1351 0.0000
vt -4.3314 -0.0624 0.0000
vt -4.6275 -0.0746 0.0000
vt -4.1744 -0.0770 0.0000
vt -2.3946 -0.0559 0.0000
vt -2.8660 -0.0673 0.0000
vt -2.4497 -0.0794 0.0000
vt -3.1399 -0.0453 0.0000
vt -3.1148 -0.1680 0.0000
vt -3.2858 -0.1887 0.0000
vt -3.6846 -0.2096 0.0000
vt -3.0388 -0.0839 0.0000
vt -4.5748 -0.0933 0.0000
vt -4.9659 -0.0465 0.0000
vt -4.6401 -0.0559 0.0000
vt -2.6345 -0.2205 0.0000
vt -3.0033 -0.2032 0.0000
vt -2.9441 -0.2224 0.0000
vt -3.8055 -0.2354 0.0000
vt -3.3184 -0.2160 0.0000
vt -3.8035 -0.0256 0.0000
vt -3.8853 -0.0559 0.0000
vt -3.7720 -0.0761 0.0000
vt -2.7362 -0.0453 0.0000
vt -2.3214 -0.2616 0.0000
vt -4.1370 0.0002 0.0000
vt -3.9331 -0.2204 0.0000
vt -3.3699 -0.0748 0.0000
vt -3.2292 -0.1000 0.0000
vt -4.3743 -0.1975 0.0000
vt -4.4691 -0.2138 0.0000
vt -4.6192 -0.1852 0.0000
vt -4.7137 -0.2018 0.0000
vt -5.2917 -0.2055 0.0000
vt -2.0469 -0.0152 0.0000
vt -2.5284 0.0002 0.0000
vt -2.0582 -0.0528 0.0000
vt -1.4813 -0.0694 0.0000
vt -4.3839 -0.2616 0.0000
vt -4.4290 -0.2307 0.0000
vt -2.0745 0.0002 0.0000
vt -2.0293 -0.0306 0.0000
vt -1.1667 -0.2616 0.0000
vt -5.2917 0.0002 0.0000
vt -3.7624 -0.0999 0.0000
vt -3.5058 -0.1157 0.0000
vt -2.9819 -0.1154 0.0000
vt -1.1667 -0.1868 0.0000
vt -1.1667 -0.0559 0.0000
vt -1.1667 -0.1681 0.0000
vt -1.1667 -0.1494 0.0000
vt -1.6227 -0.1388 0.0000
vt -2.1627 -0.1307 0.0000
vt -2.3635 -0.1156 0.0000
vt -2.6959 -0.0999 0.0000
vt -4.2620 -0.1586 0.0000
vt -3.9632 -0.1685 0.0000
vt -4.5748 -0.1681 0.0000
vt -5.2917 -0.1307 0.0000
vt -4.8358 -0.1205 0.0000
vt -5.2917 -0.1494 0.0000
vt -5.2917 -0.1120 0.0000
vt -1.1667 -0.0933 0.0000
vt -1.1667 -0.0746 0.0000
vt -1.4924 0.0657 0.0000
vt -1.5209 0.0446 0.0000
vt -1.1667 0.0563 0.0000
vt -3.3784 0.1109 0.0000
vt -3.9300 0.1109 0.0000
vt -3.5516 0.0912 0.0000
vt -2.0327 0.0275 0.0000
vt -2.3352 0.0179 0.0000
vt -1.7440 0.0002 0.0000
vt -1.8835 0.1685 0.0000
vt -2.0972 0.1923 0.0000
vt -2.2848 0.1638 0.0000
vt -4.9333 0.0844 0.0000
vt -5.2917 0.0937 0.0000
vt -5.2917 0.0750 0.0000
vt -4.9360 0.0447 0.0000
vt -5.2917 0.0376 0.0000
vt -4.8866 0.0260 0.0000
vt -1.8182 0.0563 0.0000
vt -1.8212 0.0749 0.0000
vt -2.0056 0.1502 0.0000
vt -1.5251 0.1592 0.0000
vt -2.1956 0.0467 0.0000
vt -3.9300 0.0002 0.0000
vt -4.1170 0.0288 0.0000
vt -4.3153 0.0160 0.0000
vt -4.8378 0.0002 0.0000
vt -5.2917 0.0144 0.0000
vt -4.8217 0.1254 0.0000
vt -4.9197 0.1043 0.0000
vt -4.5858 0.1117 0.0000
vt -1.1667 0.1311 0.0000
vt -1.1667 0.1498 0.0000
vt -1.6647 0.1405 0.0000
vt -4.1887 0.1593 0.0000
vt -4.2956 0.1311 0.0000
vt -3.9147 0.1431 0.0000
vt -2.6528 0.2359 0.0000
vt -2.4110 0.2232 0.0000
vt -2.3234 0.2392 0.0000
vt -1.4956 0.1758 0.0000
vt -1.5116 0.0856 0.0000
vt -1.5529 0.1057 0.0000
vt -1.8835 0.0937 0.0000
vt -2.6549 0.0260 0.0000
vt -3.1874 0.0213 0.0000
vt -2.8987 0.0002 0.0000
vt -3.5429 0.2020 0.0000
vt -3.2191 0.2011 0.0000
vt -3.5598 0.2192 0.0000
vt -1.6206 0.2620 0.0000
vt -1.1667 0.2479 0.0000
vt -1.1667 0.2620 0.0000
vt -3.5596 0.2620 0.0000
vt -4.1231 0.2444 0.0000
vt -3.8035 0.2362 0.0000
vt -4.9460 0.1767 0.0000
vt -5.2917 0.1685 0.0000
vt -4.9078 0.1568 0.0000
vt -4.5406 0.1479 0.0000
vt -5.2917 0.2059 0.0000
vt -5.2917 0.1872 0.0000
vt -4.9591 0.1960 0.0000
vt -1.5717 0.2363 0.0000
vt -1.5223 0.2176 0.0000
vt -1.1667 0.2246 0.0000
vt -4.7143 0.2620 0.0000
vt -4.4256 0.2348 0.0000
vt -2.3460 0.0804 0.0000
vt -2.8385 0.0770 0.0000
vt -2.5730 0.0563 0.0000
vt -1.9332 0.1141 0.0000
vt -2.3553 0.1127 0.0000
vt -2.3755 0.0965 0.0000
vt -3.2709 0.2410 0.0000
vt -2.9823 0.2620 0.0000
vt -1.7772 0.1850 0.0000
vt -1.7446 0.2023 0.0000
vt -1.1667 0.0144 0.0000
vt -1.1667 0.0376 0.0000
vt -1.5678 0.0260 0.0000
vt -5.2917 0.2479 0.0000
vt -5.2917 0.2246 0.0000
vt -4.8905 0.2363 0.0000
vt -3.5202 0.0170 0.0000
vt -3.4761 0.0002 0.0000
vt -2.9381 0.2453 0.0000
vt -2.9756 0.1152 0.0000
vt -2.6959 0.1329 0.0000
vt -3.2292 0.1311 0.0000
vt -2.6959 0.1004 0.0000
vt -2.6625 0.1156 0.0000
vt -2.1479 0.0649 0.0000
vt -4.0638 0.0563 0.0000
vt -3.7317 0.0711 0.0000
vt -4.1870 0.0794 0.0000
vt -3.6548 0.1273 0.0000
vt -3.9815 0.1267 0.0000
vt -4.3314 0.1994 0.0000
vt -4.6275 0.1872 0.0000
vt -4.1744 0.1848 0.0000
vt -2.3946 0.2059 0.0000
vt -2.8660 0.1945 0.0000
vt -2.4497 0.1824 0.0000
vt -3.1399 0.2165 0.0000
vt -3.1148 0.0938 0.0000
vt -3.2858 0.0731 0.0000
vt -3.6846 0.0522 0.0000
vt -3.0388 0.1779 0.0000
vt -4.5748 0.1685 0.0000
vt -4.9659 0.2153 0.0000
vt -4.6401 0.2059 0.0000
vt -2.6345 0.0413 0.0000
vt -3.0033 0.0586 0.0000
vt -2.9441 0.0394 0.0000
vt -3.8055 0.0264 0.0000
vt -3.3184 0.0458 0.0000
vt -3.9570 0.2218 0.0000
vt -4.2627 0.2155 0.0000
vt -3.8853 0.2059 0.0000
vt -3.7720 0.1857 0.0000
vt -2.7362 0.2165 0.0000
vt -2.3214 0.0002 0.0000
vt -4.1370 0.2620 0.0000
vt -3.9331 0.0414 0.0000
vt -3.3699 0.1870 0.0000
vt -3.2292 0.1618 0.0000
vt -4.3743 0.0643 0.0000
vt -4.4691 0.0480 0.0000
vt -4.6192 0.0766 0.0000
vt -4.7137 0.0600 0.0000
vt -5.2917 0.0563 0.0000
vt -2.0469 0.2466 0.0000
vt -2.5284 0.2620 0.0000
vt -2.0582 0.2090 0.0000
vt -1.4813 0.1924 0.0000
vt -4.3839 0.0002 0.0000
vt -4.4290 0.0311 0.0000
vt -2.0745 0.2620 0.0000
vt -2.0293 0.2312 0.0000
vt -5.2917 0.2620 0.0000
vt -3.7624 0.1619 0.0000
vt -3.5058 0.1461 0.0000
vt -2.9819 0.1464 0.0000
vt -1.1667 0.0750 0.0000
vt -1.1667 0.2059 0.0000
vt -1.1667 0.0937 0.0000
vt -1.1667 0.1124 0.0000
vt -1.6227 0.1230 0.0000
vt -2.1627 0.1311 0.0000
vt -2.3635 0.1462 0.0000
vt -2.6959 0.1619 0.0000
vt -4.2620 0.1032 0.0000
vt -3.9632 0.0933 0.0000
vt -4.5748 0.0937 0.0000
vt -5.2917 0.1311 0.0000
vt -4.8358 0.1413 0.0000
vt -5.2917 0.1124 0.0000
vt -5.2917 0.1498 0.0000
vt -1.1667 0.1685 0.0000
vt -1.1667 0.1872 0.0000
# 352 texture coords

g _Extrusion__1771_
usemtl aluminum
s off
f 1615/2239/693 1616/2240/693 1617/2241/693 
f 1618/2242/693 1619/2243/693 1615/2239/693 
f 1620/2244/693 1615/2239/693 1619/2243/693 
f 1621/2245/693 1619/2243/693 1618/2242/693 
f 1621/2245/693 1618/2242/693 1622/2246/693 
f 1618/2242/693 1615/2239/693 1617/2241/693 
f 1617/2241/693 1623/2247/693 1624/2248/693 
f 1624/2248/693 1623/2247/693 1625/2249/693 
f 1626/2250/693 1618/2242/693 1627/2251/693 
f 1624/2248/693 1627/2251/693 1618/2242/693 
f 1617/2241/693 1624/2248/693 1618/2242/693 
f 1617/2241/693 1628/2252/693 1623/2247/693 
f 1629/2253/694 1630/2254/694 1631/2255/694 
f 1632/2256/694 1629/2253/694 1631/2255/694 
f 1633/2257/694 1629/2253/694 1634/2258/694 
f 1634/2258/694 1635/2259/694 1633/2257/694 
f 1634/2258/694 1629/2253/694 1632/2256/694 
f 1632/2256/694 1631/2255/694 1636/2260/694 
f 1632/2256/694 1637/2261/694 1638/2262/694 
f 1639/2263/694 1634/2258/694 1638/2262/694 
f 1634/2258/694 1640/2264/694 1641/2265/694 
f 1640/2264/694 1634/2258/694 1639/2263/694 
f 1642/2266/694 1639/2263/694 1638/2262/694 
f 1634/2258/694 1632/2256/694 1638/2262/694 
f 1643/2267/695 1644/2268/696 1645/2269/697 
f 1646/2270/698 1647/2271/699 1648/2272/700 
f 1649/2273/701 1650/2274/702 1651/2275/703 
f 1652/2276/704 1653/2277/705 1654/2278/706 
f 1655/2279/707 1656/2280/708 1621/2281/709 
f 1657/2282/710 1622/2283/711 1658/2284/712 
f 1650/2274/702 1649/2273/701 1659/2285/713 
f 1660/2286/714 1661/2287/715 1662/2288/716 
f 1663/2289/717 1664/2290/718 1665/2291/719 
f 1666/2292/703 1667/2293/720 1618/2294/703 
f 1668/2295/703 1669/2296/721 1670/2297/722 
f 1671/2298/723 1672/2299/724 1673/2300/725 
f 1674/2301/699 1642/2302/726 1675/2303/727 
f 1676/2304/695 1644/2268/696 1677/2305/728 
f 1678/2306/729 1679/2307/730 1680/2308/731 
f 1681/2309/732 1682/2310/733 1683/2311/734 
f 1684/2312/735 1685/2313/736 1686/2314/708 
f 1687/2315/737 1688/2316/738 1689/2317/695 
f 1690/2318/712 1691/2319/739 1692/2320/703 
f 1693/2321/740 1694/2322/741 1632/2323/740 
f 1695/2324/742 1696/2325/743 1697/2326/744 
f 1698/2327/745 1699/2328/716 1700/2329/746 
f 1662/2288/716 1701/2330/747 1702/2331/748 
f 1703/2332/749 1615/2333/750 1704/2334/751 
f 1637/2335/752 1705/2336/753 1706/2337/754 
f 1707/2338/755 1647/2271/699 1646/2270/698 
f 1708/2339/740 1709/2340/756 1710/2341/740 
f 1671/2298/723 1647/2271/699 1707/2338/755 
f 1711/2342/757 1662/2288/716 1661/2287/715 
f 1712/2343/758 1713/2344/740 1663/2289/717 
f 1701/2330/747 1714/2345/759 1715/2346/760 
f 1716/2347/720 1641/2348/711 1717/2349/712 
f 1718/2350/741 1616/2351/752 1719/2352/753 
f 1720/2353/761 1721/2354/703 1691/2319/739 
f 1722/2355/762 1710/2341/740 1709/2340/756 
f 1723/2356/763 1724/2357/764 1725/2358/699 
f 1726/2359/765 1727/2360/766 1723/2356/763 
f 1728/2361/767 1677/2305/728 1687/2315/737 
f 1656/2280/708 1655/2279/707 1672/2299/724 
f 1729/2362/695 1730/2363/768 1731/2364/769 
f 1696/2325/743 1732/2365/770 1733/2366/771 
f 1734/2367/772 1735/2368/773 1736/2369/774 
f 1737/2370/749 1738/2371/775 1739/2372/776 
f 1682/2310/733 1740/2373/777 1683/2311/734 
f 1741/2374/708 1695/2324/742 1697/2326/744 
f 1686/2314/708 1687/2315/737 1677/2305/728 
f 1695/2324/742 1725/2358/699 1732/2365/770 
f 1742/2375/778 1730/2363/768 1743/2376/779 
f 1738/2371/775 1682/2310/733 1744/2377/780 
f 1745/2378/716 1646/2270/698 1736/2369/774 
f 1684/2312/735 1677/2305/728 1644/2268/696 
f 1645/2269/697 1717/2349/712 1641/2348/711 
f 1698/2327/745 1735/2368/773 1704/2334/751 
f 1746/2379/781 1704/2334/751 1747/2380/749 
f 1659/2285/713 1748/2381/782 1650/2274/702 
f 1716/2347/720 1717/2349/712 1651/2275/703 
f 1659/2285/713 1649/2273/701 1676/2304/695 
f 1749/2382/783 1750/2383/784 1748/2381/782 
f 1690/2318/712 1750/2383/784 1691/2319/739 
f 1749/2382/783 1688/2316/738 1742/2375/778 
f 1743/2376/779 1751/2384/785 1752/2385/786 
f 1665/2291/719 1712/2343/758 1663/2289/717 
f 1718/2350/741 1719/2352/753 1713/2344/740 
f 1664/2290/718 1663/2289/717 1747/2380/749 
f 1753/2386/753 1665/2291/719 1683/2311/734 
f 1753/2386/753 1683/2311/734 1709/2340/756 
f 1754/2387/749 1755/2388/787 1681/2309/732 
f 1740/2373/777 1756/2389/777 1678/2306/729 
f 1692/2320/703 1691/2319/739 1721/2354/703 
f 1757/2390/703 1650/2274/702 1692/2320/703 
f 1758/2391/740 1712/2343/758 1708/2339/740 
f 1720/2353/761 1752/2385/786 1751/2384/785 
f 1751/2384/785 1759/2392/788 1669/2296/721 
f 1744/2377/780 1760/2393/789 1761/2394/790 
f 1729/2362/695 1762/2395/791 1763/2396/792 
f 1666/2292/703 1658/2284/712 1667/2293/720 
f 1731/2364/769 1764/2397/793 1762/2395/791 
f 1765/2398/794 1766/2399/695 1657/2282/710 
f 1753/2386/753 1709/2340/756 1708/2339/740 
f 1722/2355/762 1740/2373/777 1678/2306/729 
f 1678/2306/729 1756/2389/777 1679/2307/730 
f 1767/2400/795 1768/2401/740 1680/2308/731 
f 1769/2402/796 1737/2370/749 1701/2330/747 
f 1693/2321/740 1705/2336/753 1694/2322/741 
f 1701/2330/747 1737/2370/749 1739/2372/776 
f 1770/2403/797 1706/2337/754 1715/2346/760 
f 1771/2404/703 1670/2297/722 1666/2292/703 
f 1658/2284/712 1666/2292/703 1670/2297/722 
f 1622/2283/711 1667/2293/720 1658/2284/712 
f 1772/2405/798 1763/2396/792 1657/2282/710 
f 1773/2406/740 1767/2400/795 1693/2321/740 
f 1767/2400/795 1773/2406/740 1768/2401/740 
f 1637/2335/752 1694/2322/741 1705/2336/753 
f 1774/2407/799 1769/2402/796 1706/2337/754 
f 1651/2275/703 1634/2408/703 1716/2347/720 
f 1649/2273/701 1717/2349/712 1645/2269/697 
f 1651/2275/703 1717/2349/712 1649/2273/701 
f 1713/2344/740 1617/2409/740 1718/2350/741 
f 1746/2379/781 1719/2352/753 1616/2351/752 
f 1713/2344/740 1719/2352/753 1663/2289/717 
f 1761/2394/790 1760/2393/789 1775/2410/800 
f 1738/2371/775 1737/2370/749 1756/2389/777 
f 1776/2411/801 1761/2394/790 1775/2410/800 
f 1724/2357/764 1777/2412/802 1725/2358/699 
f 1772/2405/798 1657/2282/710 1658/2284/712 
f 1774/2407/799 1706/2337/754 1705/2336/753 
f 1766/2399/695 1765/2398/794 1621/2281/709 
f 1766/2399/695 1622/2283/711 1657/2282/710 
f 1643/2267/695 1640/2413/709 1644/2268/696 
f 1770/2403/797 1778/2414/749 1706/2337/754 
f 1778/2414/749 1637/2335/752 1706/2337/754 
f 1649/2273/701 1645/2269/697 1676/2304/695 
f 1645/2269/697 1641/2348/711 1643/2267/695 
f 1644/2268/696 1640/2413/709 1684/2312/735 
f 1645/2269/697 1644/2268/696 1676/2304/695 
f 1685/2313/736 1779/2415/708 1639/2416/803 
f 1779/2415/708 1685/2313/736 1684/2312/735 
f 1684/2312/735 1686/2314/708 1677/2305/728 
f 1686/2314/708 1652/2276/704 1654/2278/706 
f 1688/2316/738 1687/2315/737 1726/2359/765 
f 1689/2317/695 1659/2285/713 1728/2361/767 
f 1639/2416/803 1674/2301/699 1780/2417/804 
f 1652/2276/704 1686/2314/708 1685/2313/736 
f 1702/2331/748 1660/2286/714 1662/2288/716 
f 1675/2303/727 1780/2417/804 1674/2301/699 
f 1781/2418/699 1652/2276/704 1780/2417/804 
f 1780/2417/804 1652/2276/704 1685/2313/736 
f 1653/2277/705 1652/2276/704 1781/2418/699 
f 1653/2277/705 1781/2418/699 1724/2357/764 
f 1653/2277/705 1726/2359/765 1654/2278/706 
f 1782/2419/805 1781/2418/699 1660/2286/714 
f 1777/2412/802 1783/2420/800 1761/2394/790 
f 1684/2312/735 1640/2413/709 1779/2415/708 
f 1726/2359/765 1741/2374/708 1688/2316/738 
f 1688/2316/738 1741/2374/708 1742/2375/778 
f 1695/2324/742 1723/2356/763 1725/2358/699 
f 1742/2375/778 1741/2374/708 1697/2326/744 
f 1730/2363/768 1742/2375/778 1697/2326/744 
f 1749/2382/783 1742/2375/778 1752/2385/786 
f 1723/2356/763 1741/2374/708 1726/2359/765 
f 1732/2365/770 1696/2325/743 1695/2324/742 
f 1784/2421/806 1647/2271/699 1673/2300/725 
f 1731/2364/769 1785/2422/807 1784/2421/806 
f 1725/2358/699 1776/2411/801 1732/2365/770 
f 1732/2365/770 1776/2411/801 1648/2272/700 
f 1696/2325/743 1784/2421/806 1785/2422/807 
f 1743/2376/779 1730/2363/768 1729/2362/695 
f 1730/2363/768 1697/2326/744 1785/2422/807 
f 1764/2397/793 1786/2423/708 1655/2279/707 
f 1776/2411/801 1725/2358/699 1777/2412/802 
f 1648/2272/700 1776/2411/801 1775/2410/800 
f 1646/2270/698 1648/2272/700 1775/2410/800 
f 1733/2366/771 1648/2272/700 1647/2271/699 
f 1760/2393/789 1681/2309/732 1755/2388/787 
f 1646/2270/698 1745/2378/716 1707/2338/755 
f 1775/2410/800 1736/2369/774 1646/2270/698 
f 1754/2387/749 1664/2290/718 1734/2367/772 
f 1745/2378/716 1700/2329/746 1707/2338/755 
f 1787/2424/699 1671/2298/723 1788/2425/808 
f 1707/2338/755 1700/2329/746 1788/2425/808 
f 1656/2280/708 1672/2299/724 1619/2426/803 
f 1698/2327/745 1700/2329/746 1745/2378/716 
f 1787/2424/699 1788/2425/808 1620/2427/726 
f 1735/2368/773 1698/2327/745 1745/2378/716 
f 1699/2328/716 1620/2427/726 1700/2329/746 
f 1741/2374/708 1723/2356/763 1695/2324/742 
f 1726/2359/765 1653/2277/705 1727/2360/766 
f 1736/2369/774 1735/2368/773 1745/2378/716 
f 1704/2334/751 1735/2368/773 1747/2380/749 
f 1746/2379/781 1616/2351/752 1703/2332/749 
f 1698/2327/745 1704/2334/751 1615/2333/750 
f 1663/2289/717 1719/2352/753 1746/2379/781 
f 1704/2334/751 1746/2379/781 1703/2332/749 
f 1746/2379/781 1747/2380/749 1663/2289/717 
f 1698/2327/745 1615/2333/750 1699/2328/716 
f 1750/2383/784 1749/2382/783 1752/2385/786 
f 1689/2317/695 1688/2316/738 1749/2382/783 
f 1691/2319/739 1750/2383/784 1752/2385/786 
f 1748/2381/782 1750/2383/784 1690/2318/712 
f 1780/2417/804 1685/2313/736 1639/2416/803 
f 1781/2418/699 1780/2417/804 1675/2303/727 
f 1759/2392/788 1743/2376/779 1729/2362/695 
f 1742/2375/778 1743/2376/779 1752/2385/786 
f 1671/2298/723 1787/2424/699 1619/2426/803 
f 1759/2392/788 1729/2362/695 1763/2396/792 
f 1751/2384/785 1743/2376/779 1759/2392/788 
f 1763/2396/792 1669/2296/721 1759/2392/788 
f 1670/2297/722 1669/2296/721 1772/2405/798 
f 1658/2284/712 1670/2297/722 1772/2405/798 
f 1720/2353/761 1668/2295/703 1721/2354/703 
f 1668/2295/703 1751/2384/785 1669/2296/721 
f 1670/2297/722 1771/2404/703 1668/2295/703 
f 1738/2371/775 1744/2377/780 1739/2372/776 
f 1702/2331/748 1739/2372/776 1783/2420/800 
f 1662/2288/716 1714/2345/759 1701/2330/747 
f 1782/2419/805 1783/2420/800 1724/2357/764 
f 1660/2286/714 1675/2303/727 1661/2287/715 
f 1782/2419/805 1660/2286/714 1702/2331/748 
f 1781/2418/699 1675/2303/727 1660/2286/714 
f 1783/2420/800 1782/2419/805 1702/2331/748 
f 1724/2357/764 1781/2418/699 1782/2419/805 
f 1701/2330/747 1739/2372/776 1702/2331/748 
f 1769/2402/796 1701/2330/747 1715/2346/760 
f 1661/2287/715 1642/2302/726 1789/2428/716 
f 1770/2403/797 1715/2346/760 1714/2345/759 
f 1642/2302/726 1661/2287/715 1675/2303/727 
f 1711/2342/757 1638/2429/750 1770/2403/797 
f 1711/2342/757 1770/2403/797 1714/2345/759 
f 1662/2288/716 1711/2342/757 1714/2345/759 
f 1778/2414/749 1770/2403/797 1638/2429/750 
f 1661/2287/715 1789/2428/716 1711/2342/757 
f 1638/2429/750 1711/2342/757 1789/2428/716 
f 1706/2337/754 1769/2402/796 1715/2346/760 
f 1679/2307/730 1769/2402/796 1774/2407/799 
f 1786/2423/708 1672/2299/724 1655/2279/707 
f 1621/2281/709 1765/2398/794 1655/2279/707 
f 1764/2397/793 1655/2279/707 1765/2398/794 
f 1673/2300/725 1672/2299/724 1786/2423/708 
f 1671/2298/723 1619/2426/803 1672/2299/724 
f 1784/2421/806 1673/2300/725 1786/2423/708 
f 1647/2271/699 1671/2298/723 1673/2300/725 
f 1731/2364/769 1784/2421/806 1786/2423/708 
f 1784/2421/806 1696/2325/743 1733/2366/771 
f 1730/2363/768 1785/2422/807 1731/2364/769 
f 1697/2326/744 1696/2325/743 1785/2422/807 
f 1762/2395/791 1764/2397/793 1765/2398/794 
f 1731/2364/769 1786/2423/708 1764/2397/793 
f 1763/2396/792 1762/2395/791 1765/2398/794 
f 1731/2364/769 1762/2395/791 1729/2362/695 
f 1657/2282/710 1763/2396/792 1765/2398/794 
f 1772/2405/798 1669/2296/721 1763/2396/792 
f 1728/2361/767 1659/2285/713 1676/2304/695 
f 1659/2285/713 1689/2317/695 1748/2381/782 
f 1677/2305/728 1728/2361/767 1676/2304/695 
f 1689/2317/695 1728/2361/767 1687/2315/737 
f 1692/2320/703 1650/2274/702 1690/2318/712 
f 1651/2275/703 1650/2274/702 1757/2390/703 
f 1734/2367/772 1664/2290/718 1747/2380/749 
f 1665/2291/719 1664/2290/718 1754/2387/749 
f 1708/2339/740 1712/2343/758 1753/2386/753 
f 1713/2344/740 1712/2343/758 1758/2391/740 
f 1681/2309/732 1683/2311/734 1754/2387/749 
f 1709/2340/756 1683/2311/734 1740/2373/777 
f 1755/2388/787 1754/2387/749 1736/2369/774 
f 1681/2309/732 1760/2393/789 1682/2310/733 
f 1736/2369/774 1775/2410/800 1755/2388/787 
f 1775/2410/800 1760/2393/789 1755/2388/787 
f 1744/2377/780 1682/2310/733 1760/2393/789 
f 1738/2371/775 1740/2373/777 1682/2310/733 
f 1752/2385/786 1720/2353/761 1691/2319/739 
f 1668/2295/703 1720/2353/761 1751/2384/785 
f 1740/2373/777 1722/2355/762 1709/2340/756 
f 1680/2308/731 1768/2401/740 1678/2306/729 
f 1738/2371/775 1756/2389/777 1740/2373/777 
f 1679/2307/730 1756/2389/777 1737/2370/749 
f 1769/2402/796 1679/2307/730 1737/2370/749 
f 1680/2308/731 1679/2307/730 1774/2407/799 
f 1767/2400/795 1680/2308/731 1774/2407/799 
f 1722/2355/762 1678/2306/729 1768/2401/740 
f 1774/2407/799 1705/2336/753 1767/2400/795 
f 1722/2355/762 1768/2401/740 1710/2341/740 
f 1693/2321/740 1767/2400/795 1705/2336/753 
f 1726/2359/765 1687/2315/737 1654/2278/706 
f 1686/2314/708 1654/2278/706 1687/2315/737 
f 1783/2420/800 1777/2412/802 1724/2357/764 
f 1776/2411/801 1777/2412/802 1761/2394/790 
f 1648/2272/700 1733/2366/771 1732/2365/770 
f 1784/2421/806 1733/2366/771 1647/2271/699 
f 1653/2277/705 1724/2357/764 1727/2360/766 
f 1724/2357/764 1723/2356/763 1727/2360/766 
f 1748/2381/782 1690/2318/712 1650/2274/702 
f 1749/2382/783 1748/2381/782 1689/2317/695 
f 1788/2425/808 1700/2329/746 1620/2427/726 
f 1671/2298/723 1707/2338/755 1788/2425/808 
f 1761/2394/790 1783/2420/800 1744/2377/780 
f 1739/2372/776 1744/2377/780 1783/2420/800 
f 1735/2368/773 1734/2367/772 1747/2380/749 
f 1754/2387/749 1734/2367/772 1736/2369/774 
f 1683/2311/734 1665/2291/719 1754/2387/749 
f 1712/2343/758 1665/2291/719 1753/2386/753 
f 1790/2430/809 1791/2431/810 1792/2432/811 
f 1793/2433/812 1794/2434/813 1795/2435/814 
f 1796/2436/815 1797/2437/816 1798/2438/740 
f 1799/2439/817 1800/2440/818 1801/2441/819 
f 1802/2442/820 1803/2443/821 1623/2444/822 
f 1804/2445/823 1628/2446/824 1805/2447/825 
f 1806/2448/811 1790/2430/809 1807/2449/826 
f 1808/2450/827 1809/2451/828 1799/2439/817 
f 1797/2437/816 1796/2436/815 1810/2452/829 
f 1811/2453/740 1812/2454/830 1813/2455/831 
f 1814/2456/740 1805/2447/825 1815/2457/832 
f 1816/2458/833 1817/2459/834 1818/2460/835 
f 1819/2461/836 1629/2462/837 1820/2463/838 
f 1821/2464/839 1822/2465/836 1823/2466/840 
f 1824/2467/841 1825/2468/842 1826/2469/843 
f 1827/2470/844 1799/2439/817 1809/2451/828 
f 1828/2471/845 1829/2472/846 1830/2473/821 
f 1831/2474/825 1832/2475/847 1833/2476/740 
f 1834/2477/848 1835/2478/849 1836/2479/850 
f 1837/2480/703 1838/2481/851 1634/2482/703 
f 1839/2483/703 1840/2484/852 1841/2485/853 
f 1842/2486/854 1843/2487/817 1844/2488/855 
f 1845/2489/856 1822/2465/836 1821/2464/839 
f 1846/2490/857 1627/2491/858 1847/2492/859 
f 1848/2493/853 1849/2494/860 1635/2495/861 
f 1840/2484/852 1850/2496/703 1851/2497/862 
f 1852/2498/863 1853/2499/864 1854/2500/811 
f 1816/2458/833 1822/2465/836 1845/2489/856 
f 1855/2501/865 1856/2502/866 1857/2503/867 
f 1839/2483/703 1858/2504/868 1859/2505/703 
f 1800/2440/818 1860/2506/869 1861/2507/870 
f 1862/2508/832 1636/2509/824 1863/2510/825 
f 1864/2511/851 1626/2512/861 1865/2513/853 
f 1866/2514/871 1867/2515/740 1832/2475/847 
f 1868/2516/872 1859/2505/703 1858/2504/868 
f 1869/2517/873 1870/2518/874 1871/2519/836 
f 1872/2520/875 1873/2521/876 1869/2517/873 
f 1874/2522/877 1807/2449/826 1852/2498/863 
f 1803/2443/821 1802/2442/820 1817/2459/834 
f 1875/2523/811 1876/2524/878 1877/2525/879 
f 1794/2434/813 1878/2526/880 1879/2527/881 
f 1880/2528/882 1881/2529/883 1882/2530/884 
f 1883/2531/857 1884/2532/885 1885/2533/886 
f 1835/2478/849 1886/2534/887 1836/2479/850 
f 1887/2535/821 1793/2433/812 1795/2435/814 
f 1830/2473/821 1852/2498/863 1807/2449/826 
f 1793/2433/812 1871/2519/836 1878/2526/880 
f 1888/2536/888 1876/2524/878 1889/2537/889 
f 1884/2532/885 1835/2478/849 1890/2538/890 
f 1891/2539/817 1821/2464/839 1882/2530/884 
f 1791/2431/810 1790/2430/809 1806/2448/811 
f 1791/2431/810 1863/2510/825 1636/2509/824 
f 1842/2486/854 1881/2529/883 1847/2492/859 
f 1892/2540/891 1847/2492/859 1893/2541/857 
f 1810/2452/829 1894/2542/892 1797/2437/816 
f 1862/2508/832 1863/2510/825 1798/2438/740 
f 1810/2452/829 1796/2436/815 1806/2448/811 
f 1895/2543/893 1896/2544/894 1894/2542/892 
f 1831/2474/825 1896/2544/894 1832/2475/847 
f 1895/2543/893 1853/2499/864 1888/2536/888 
f 1889/2537/889 1897/2545/895 1898/2546/896 
f 1899/2547/897 1840/2484/852 1851/2497/862 
f 1864/2511/851 1865/2513/853 1850/2496/703 
f 1900/2548/898 1851/2497/862 1893/2541/857 
f 1841/2485/853 1899/2547/897 1836/2479/850 
f 1841/2485/853 1836/2479/850 1858/2504/868 
f 1901/2549/857 1902/2550/899 1834/2477/848 
f 1886/2534/887 1903/2551/887 1824/2467/841 
f 1833/2476/740 1832/2475/847 1867/2515/740 
f 1904/2552/740 1797/2437/816 1833/2476/740 
f 1905/2553/703 1840/2484/852 1839/2483/703 
f 1866/2514/871 1898/2546/896 1897/2545/895 
f 1897/2545/895 1906/2554/900 1812/2454/830 
f 1890/2538/890 1907/2555/901 1908/2556/902 
f 1875/2523/811 1909/2557/903 1910/2558/904 
f 1815/2457/832 1805/2447/825 1628/2446/824 
f 1877/2525/879 1911/2559/905 1909/2557/903 
f 1912/2560/906 1913/2561/811 1804/2445/823 
f 1841/2485/853 1858/2504/868 1839/2483/703 
f 1868/2516/872 1886/2534/887 1824/2467/841 
f 1824/2467/841 1903/2551/887 1825/2468/842 
f 1914/2562/907 1915/2563/703 1826/2469/843 
f 1916/2564/908 1883/2531/857 1800/2440/818 
f 1837/2480/703 1848/2493/853 1838/2481/851 
f 1800/2440/818 1883/2531/857 1885/2533/886 
f 1917/2565/909 1849/2494/860 1861/2507/870 
f 1918/2566/740 1813/2455/831 1814/2456/740 
f 1805/2447/825 1814/2456/740 1813/2455/831 
f 1815/2457/832 1617/2409/740 1814/2456/740 
f 1919/2567/910 1910/2558/904 1804/2445/823 
f 1920/2568/703 1914/2562/907 1837/2480/703 
f 1914/2562/907 1920/2568/703 1915/2563/703 
f 1635/2495/861 1838/2481/851 1848/2493/853 
f 1921/2569/911 1916/2564/908 1849/2494/860 
f 1798/2438/740 1632/2323/740 1862/2508/832 
f 1796/2436/815 1863/2510/825 1791/2431/810 
f 1798/2438/740 1863/2510/825 1796/2436/815 
f 1850/2496/703 1618/2570/703 1864/2511/851 
f 1892/2540/891 1865/2513/853 1626/2512/861 
f 1850/2496/703 1865/2513/853 1851/2497/862 
f 1908/2556/902 1907/2555/901 1922/2571/912 
f 1884/2532/885 1883/2531/857 1903/2551/887 
f 1923/2572/913 1908/2556/902 1922/2571/912 
f 1870/2518/874 1924/2573/914 1871/2519/836 
f 1919/2567/910 1804/2445/823 1805/2447/825 
f 1921/2569/911 1849/2494/860 1848/2493/853 
f 1913/2561/811 1912/2560/906 1623/2444/822 
f 1913/2561/811 1628/2446/824 1804/2445/823 
f 1631/2574/822 1790/2430/809 1792/2432/811 
f 1917/2565/909 1925/2575/857 1849/2494/860 
f 1925/2575/857 1635/2495/861 1849/2494/860 
f 1796/2436/815 1791/2431/810 1806/2448/811 
f 1791/2431/810 1636/2509/824 1792/2432/811 
f 1828/2471/845 1790/2430/809 1631/2574/822 
f 1790/2430/809 1828/2471/845 1807/2449/826 
f 1829/2472/846 1926/2576/821 1630/2577/915 
f 1926/2576/821 1829/2472/846 1828/2471/845 
f 1828/2471/845 1830/2473/821 1807/2449/826 
f 1830/2473/821 1855/2501/865 1857/2503/867 
f 1853/2499/864 1852/2498/863 1872/2520/875 
f 1854/2500/811 1810/2452/829 1874/2522/877 
f 1630/2577/915 1819/2461/836 1927/2578/916 
f 1855/2501/865 1830/2473/821 1829/2472/846 
f 1801/2441/819 1808/2450/827 1799/2439/817 
f 1820/2463/838 1927/2578/916 1819/2461/836 
f 1928/2579/836 1855/2501/865 1927/2578/916 
f 1927/2578/916 1855/2501/865 1829/2472/846 
f 1856/2502/866 1855/2501/865 1928/2579/836 
f 1856/2502/866 1928/2579/836 1870/2518/874 
f 1856/2502/866 1872/2520/875 1857/2503/867 
f 1929/2580/917 1928/2579/836 1808/2450/827 
f 1924/2573/914 1930/2581/912 1908/2556/902 
f 1828/2471/845 1631/2574/822 1926/2576/821 
f 1872/2520/875 1887/2535/821 1853/2499/864 
f 1853/2499/864 1887/2535/821 1888/2536/888 
f 1793/2433/812 1869/2517/873 1871/2519/836 
f 1888/2536/888 1887/2535/821 1795/2435/814 
f 1876/2524/878 1888/2536/888 1795/2435/814 
f 1895/2543/893 1888/2536/888 1898/2546/896 
f 1869/2517/873 1887/2535/821 1872/2520/875 
f 1878/2526/880 1794/2434/813 1793/2433/812 
f 1931/2582/918 1822/2465/836 1818/2460/835 
f 1877/2525/879 1932/2583/919 1931/2582/918 
f 1871/2519/836 1923/2572/913 1878/2526/880 
f 1878/2526/880 1923/2572/913 1823/2466/840 
f 1794/2434/813 1931/2582/918 1932/2583/919 
f 1889/2537/889 1876/2524/878 1875/2523/811 
f 1876/2524/878 1795/2435/814 1932/2583/919 
f 1911/2559/905 1933/2584/821 1802/2442/820 
f 1923/2572/913 1871/2519/836 1924/2573/914 
f 1823/2466/840 1923/2572/913 1922/2571/912 
f 1821/2464/839 1823/2466/840 1922/2571/912 
f 1879/2527/881 1823/2466/840 1822/2465/836 
f 1907/2555/901 1834/2477/848 1902/2550/899 
f 1821/2464/839 1891/2539/817 1845/2489/856 
f 1922/2571/912 1882/2530/884 1821/2464/839 
f 1901/2549/857 1900/2548/898 1880/2528/882 
f 1891/2539/817 1844/2488/855 1845/2489/856 
f 1934/2585/836 1816/2458/833 1935/2586/920 
f 1845/2489/856 1844/2488/855 1935/2586/920 
f 1803/2443/821 1817/2459/834 1625/2587/915 
f 1842/2486/854 1844/2488/855 1891/2539/817 
f 1934/2585/836 1935/2586/920 1624/2588/837 
f 1881/2529/883 1842/2486/854 1891/2539/817 
f 1843/2487/817 1624/2588/837 1844/2488/855 
f 1887/2535/821 1869/2517/873 1793/2433/812 
f 1872/2520/875 1856/2502/866 1873/2521/876 
f 1882/2530/884 1881/2529/883 1891/2539/817 
f 1847/2492/859 1881/2529/883 1893/2541/857 
f 1892/2540/891 1626/2512/861 1846/2490/857 
f 1842/2486/854 1847/2492/859 1627/2491/858 
f 1851/2497/862 1865/2513/853 1892/2540/891 
f 1847/2492/859 1892/2540/891 1846/2490/857 
f 1892/2540/891 1893/2541/857 1851/2497/862 
f 1842/2486/854 1627/2491/858 1843/2487/817 
f 1896/2544/894 1895/2543/893 1898/2546/896 
f 1854/2500/811 1853/2499/864 1895/2543/893 
f 1832/2475/847 1896/2544/894 1898/2546/896 
f 1894/2542/892 1896/2544/894 1831/2474/825 
f 1927/2578/916 1829/2472/846 1630/2577/915 
f 1928/2579/836 1927/2578/916 1820/2463/838 
f 1906/2554/900 1889/2537/889 1875/2523/811 
f 1888/2536/888 1889/2537/889 1898/2546/896 
f 1816/2458/833 1934/2585/836 1625/2587/915 
f 1906/2554/900 1875/2523/811 1910/2558/904 
f 1897/2545/895 1889/2537/889 1906/2554/900 
f 1910/2558/904 1812/2454/830 1906/2554/900 
f 1813/2455/831 1812/2454/830 1919/2567/910 
f 1805/2447/825 1813/2455/831 1919/2567/910 
f 1866/2514/871 1811/2453/740 1867/2515/740 
f 1811/2453/740 1897/2545/895 1812/2454/830 
f 1813/2455/831 1918/2566/740 1811/2453/740 
f 1884/2532/885 1890/2538/890 1885/2533/886 
f 1801/2441/819 1885/2533/886 1930/2581/912 
f 1799/2439/817 1860/2506/869 1800/2440/818 
f 1929/2580/917 1930/2581/912 1870/2518/874 
f 1808/2450/827 1820/2463/838 1809/2451/828 
f 1929/2580/917 1808/2450/827 1801/2441/819 
f 1928/2579/836 1820/2463/838 1808/2450/827 
f 1930/2581/912 1929/2580/917 1801/2441/819 
f 1870/2518/874 1928/2579/836 1929/2580/917 
f 1800/2440/818 1885/2533/886 1801/2441/819 
f 1916/2564/908 1800/2440/818 1861/2507/870 
f 1860/2506/869 1827/2470/844 1917/2565/909 
f 1917/2565/909 1861/2507/870 1860/2506/869 
f 1936/2589/817 1809/2451/828 1629/2462/837 
f 1827/2470/844 1633/2590/858 1917/2565/909 
f 1820/2463/838 1629/2462/837 1809/2451/828 
f 1799/2439/817 1827/2470/844 1860/2506/869 
f 1925/2575/857 1917/2565/909 1633/2590/858 
f 1809/2451/828 1936/2589/817 1827/2470/844 
f 1633/2590/858 1827/2470/844 1936/2589/817 
f 1849/2494/860 1916/2564/908 1861/2507/870 
f 1825/2468/842 1916/2564/908 1921/2569/911 
f 1933/2584/821 1817/2459/834 1802/2442/820 
f 1623/2444/822 1912/2560/906 1802/2442/820 
f 1911/2559/905 1802/2442/820 1912/2560/906 
f 1818/2460/835 1817/2459/834 1933/2584/821 
f 1816/2458/833 1625/2587/915 1817/2459/834 
f 1931/2582/918 1818/2460/835 1933/2584/821 
f 1822/2465/836 1816/2458/833 1818/2460/835 
f 1877/2525/879 1931/2582/918 1933/2584/821 
f 1931/2582/918 1794/2434/813 1879/2527/881 
f 1876/2524/878 1932/2583/919 1877/2525/879 
f 1795/2435/814 1794/2434/813 1932/2583/919 
f 1909/2557/903 1911/2559/905 1912/2560/906 
f 1877/2525/879 1933/2584/821 1911/2559/905 
f 1910/2558/904 1909/2557/903 1912/2560/906 
f 1877/2525/879 1909/2557/903 1875/2523/811 
f 1804/2445/823 1910/2558/904 1912/2560/906 
f 1919/2567/910 1812/2454/830 1910/2558/904 
f 1874/2522/877 1810/2452/829 1806/2448/811 
f 1810/2452/829 1854/2500/811 1894/2542/892 
f 1807/2449/826 1874/2522/877 1806/2448/811 
f 1854/2500/811 1874/2522/877 1852/2498/863 
f 1833/2476/740 1797/2437/816 1831/2474/825 
f 1798/2438/740 1797/2437/816 1904/2552/740 
f 1880/2528/882 1900/2548/898 1893/2541/857 
f 1899/2547/897 1900/2548/898 1901/2549/857 
f 1850/2496/703 1840/2484/852 1905/2553/703 
f 1899/2547/897 1851/2497/862 1900/2548/898 
f 1834/2477/848 1836/2479/850 1901/2549/857 
f 1858/2504/868 1836/2479/850 1886/2534/887 
f 1902/2550/899 1901/2549/857 1882/2530/884 
f 1834/2477/848 1907/2555/901 1835/2478/849 
f 1882/2530/884 1922/2571/912 1902/2550/899 
f 1922/2571/912 1907/2555/901 1902/2550/899 
f 1890/2538/890 1835/2478/849 1907/2555/901 
f 1884/2532/885 1886/2534/887 1835/2478/849 
f 1898/2546/896 1866/2514/871 1832/2475/847 
f 1811/2453/740 1866/2514/871 1897/2545/895 
f 1886/2534/887 1868/2516/872 1858/2504/868 
f 1826/2469/843 1915/2563/703 1824/2467/841 
f 1884/2532/885 1903/2551/887 1886/2534/887 
f 1825/2468/842 1903/2551/887 1883/2531/857 
f 1916/2564/908 1825/2468/842 1883/2531/857 
f 1826/2469/843 1825/2468/842 1921/2569/911 
f 1914/2562/907 1826/2469/843 1921/2569/911 
f 1868/2516/872 1824/2467/841 1915/2563/703 
f 1921/2569/911 1848/2493/853 1914/2562/907 
f 1868/2516/872 1915/2563/703 1859/2505/703 
f 1837/2480/703 1914/2562/907 1848/2493/853 
f 1872/2520/875 1852/2498/863 1857/2503/867 
f 1830/2473/821 1857/2503/867 1852/2498/863 
f 1930/2581/912 1924/2573/914 1870/2518/874 
f 1923/2572/913 1924/2573/914 1908/2556/902 
f 1823/2466/840 1879/2527/881 1878/2526/880 
f 1931/2582/918 1879/2527/881 1822/2465/836 
f 1856/2502/866 1870/2518/874 1873/2521/876 
f 1870/2518/874 1869/2517/873 1873/2521/876 
f 1894/2542/892 1831/2474/825 1797/2437/816 
f 1895/2543/893 1894/2542/892 1854/2500/811 
f 1935/2586/920 1844/2488/855 1624/2588/837 
f 1816/2458/833 1845/2489/856 1935/2586/920 
f 1908/2556/902 1930/2581/912 1890/2538/890 
f 1885/2533/886 1890/2538/890 1930/2581/912 
f 1881/2529/883 1880/2528/882 1893/2541/857 
f 1901/2549/857 1880/2528/882 1882/2530/884 
f 1836/2479/850 1899/2547/897 1901/2549/857 
f 1840/2484/852 1899/2547/897 1841/2485/853 
# 584 faces

#
# object _Extrusion__1776_
#

v  15.8380 88.1623 9.1152
v  15.8380 89.0461 8.4104
v  15.8380 90.1481 8.1588
v  15.8380 88.1623 12.2825
v  15.8380 87.6718 11.2641
v  15.8380 87.6718 10.1336
v  15.8380 90.1481 13.2388
v  15.8380 89.0461 12.9873
v  15.8380 92.1340 9.1152
v  15.8380 92.6245 11.2641
v  15.8380 92.6245 10.1336
v  15.8380 91.2502 12.9873
v  15.8380 92.1340 12.2825
v  15.8380 91.2502 8.4104
v  -109.8920 92.6245 11.2641
v  -109.8920 92.6245 10.1336
v  -109.8920 92.1340 9.1152
v  -109.8920 90.1481 8.1588
v  -109.8920 92.1340 12.2825
v  -109.8920 90.1481 13.2388
v  -109.8920 91.2502 12.9873
v  -109.8920 91.2502 8.4104
v  -109.8920 89.0461 8.4104
v  -109.8920 88.1623 9.1152
v  -109.8920 87.6718 10.1336
v  -109.8920 88.1623 12.2825
v  -109.8920 89.0461 12.9873
v  -109.8920 87.6718 11.2641
v  -109.8920 88.6042 12.6349
v  -99.9628 88.3521 12.4949
v  -99.0942 88.8590 12.8874
v  -17.7806 87.7518 9.8568
v  -14.5209 87.6081 10.6988
v  -26.1318 87.6341 10.3367
v  -83.4956 89.3323 13.1043
v  -74.2738 89.6139 13.1820
v  -92.2944 90.1481 13.2388
v  -86.5282 87.6613 11.2159
v  -73.6623 87.6703 11.2575
v  -73.0459 87.8243 11.7242
v  4.9135 87.9975 12.0502
v  15.8380 87.9171 11.7733
v  4.9980 88.8570 12.8862
v  3.4924 89.3748 13.1183
v  -78.5298 88.8030 12.8534
v  -99.8652 87.9637 9.4028
v  -100.3031 88.2639 8.9956
v  -91.2839 88.1212 9.1681
v  -10.5585 89.3323 8.2934
v  -15.5243 88.8030 8.5443
v  -24.8430 88.9692 8.4490
v  2.0031 90.1481 13.2388
v  15.8380 89.7308 13.1436
v  -25.6666 90.1481 13.2388
v  -19.9651 89.2935 13.0907
v  -13.9215 89.6708 13.1936
v  1.5136 87.6142 10.8741
v  4.4992 87.7383 11.5016
v  -5.6756 87.6771 11.2868
v  -109.8920 87.6718 10.6988
v  -94.7126 87.6241 10.4144
v  -90.0335 88.5645 12.6847
v  -89.9430 88.1645 12.2853
v  -64.5939 89.3635 8.2831
v  -71.9638 89.0079 8.4292
v  -74.6355 89.4598 8.2539
v  -37.4640 88.4725 8.7900
v  -47.3336 88.4513 8.8088
v  -36.9488 88.9001 8.4866
v  -99.3779 87.9776 12.0180
v  -98.1200 87.7260 11.4636
v  -88.0430 87.8597 11.8009
v  -73.9454 88.0647 12.1517
v  -58.9350 88.1261 12.2360
v  -67.0260 88.5645 12.6847
v  -64.5315 89.3740 13.1180
v  -48.3003 89.5143 13.1585
v  -57.0991 90.1481 13.2388
v  -96.0571 90.1481 8.1588
v  -109.8920 89.7308 8.2541
v  -42.4789 87.6824 11.3087
v  -25.6668 87.6828 11.3102
v  -37.1993 87.8944 11.8703
v  5.3020 87.9786 9.3780
v  15.8380 87.9171 9.6244
v  4.1381 87.7280 9.9278
v  -88.0430 87.8597 9.5968
v  -81.5284 88.2625 8.9971
v  -75.8101 87.8007 9.7289
v  15.8380 88.6042 8.7628
v  5.7014 88.3398 8.9151
v  -97.5465 89.3748 8.2794
v  -99.0520 88.8570 8.5115
v  -7.0542 87.6596 10.1900
v  -36.9549 90.1481 8.1588
v  -45.7538 89.5143 8.2392
v  -54.5525 90.1481 8.1588
v  -98.9675 87.7507 9.8599
v  -19.7803 89.6139 8.2157
v  -1.7596 90.1481 8.1588
v  -92.2751 88.4787 8.7845
v  -109.8920 89.7308 13.1436
v  -97.6652 89.3748 13.1183
v  15.8380 89.7308 8.2541
v  3.6111 89.3748 8.2794
v  -38.1567 89.6414 13.1878
v  -39.5015 90.1481 13.2388
v  -55.8974 89.6414 8.2099
v  -54.7570 87.6544 11.1816
v  -63.2801 87.6087 10.6464
v  -47.0270 87.6081 10.6988
v  -63.2801 87.7795 11.6161
v  -64.2976 87.6520 11.1690
v  -79.9851 88.3693 12.5119
v  -21.5888 88.5645 12.6847
v  -31.7096 88.2398 12.3751
v  -17.8330 88.0823 12.1767
v  -34.0536 87.6109 10.8166
v  -24.0970 87.6117 10.8336
v  -13.4301 88.4130 8.8439
v  -4.4069 88.1607 9.1172
v  -18.2165 88.1162 9.1747
v  -72.4653 88.5645 8.7130
v  -58.0959 88.3067 8.9494
v  -70.7837 88.0730 9.2341
v  -49.7467 88.8283 8.5287
v  -50.5118 87.8594 11.8002
v  -45.2994 88.1992 12.3278
v  -33.1451 88.6662 12.7617
v  -52.8307 87.9971 9.3481
v  -6.0110 87.8597 9.5968
v  5.9087 88.7968 8.5482
v  -4.0205 88.5645 8.7130
v  -65.1518 88.9459 12.9363
v  -53.9118 88.5114 12.6412
v  -55.7172 88.9991 12.9641
v  -29.4602 89.3635 13.1146
v  -44.3074 88.8283 12.8690
v  -29.5226 89.3740 8.2797
v  -27.0280 88.5645 8.7130
v  -30.4822 88.1342 9.1511
v  -62.0519 88.8279 8.5289
v  -74.6967 90.1481 13.2388
v  -19.3573 90.1481 8.1588
v  -25.5719 88.9438 12.9352
v  -42.7386 88.1575 9.1213
v  -47.0270 87.7776 9.7866
v  -12.1227 88.3819 12.5242
v  -9.2330 88.7713 12.8333
v  -4.6590 88.1325 12.2445
v  -1.7789 88.4787 12.6131
v  15.8380 88.6042 12.6349
v  -83.0621 89.6809 8.2022
v  -68.3874 90.1481 8.1588
v  -82.7193 88.6383 8.6563
v  -11.8318 90.1481 13.2388
v  -10.4552 89.2287 13.0666
v  -82.2223 90.1481 8.1588
v  -83.5989 89.2287 8.3311
v  -30.7740 87.7795 9.7816
v  -38.5957 87.6491 10.2448
v  -54.5630 87.6509 10.2349
v  -109.8920 88.6042 8.7628
v  -109.8920 87.9171 11.7733
v  -95.9912 87.6204 10.9476
v  -84.3229 87.6741 10.1239
v  -79.5331 87.6081 10.6988
v  -73.4111 87.6496 10.2421
v  -63.2801 87.7795 9.7816
v  -15.5474 87.7498 11.5352
v  -24.6522 87.8660 11.8139
v  -6.0110 87.8597 11.8009
v  15.8380 87.6718 10.6988
v  1.9447 87.6270 10.3898
v  -109.8920 87.9171 9.6244
v  -99.9628 91.9442 8.9028
v  -99.0942 91.4373 8.5103
v  -109.8920 91.6921 8.7628
v  -42.4789 92.6138 10.0890
v  -25.6668 92.6135 10.0874
v  -37.1993 92.4018 9.5274
v  -83.4956 90.9640 8.2934
v  -74.2738 90.6824 8.2157
v  -92.2944 90.1481 8.1588
v  -88.0430 92.4366 11.8009
v  -81.5284 92.0338 12.4005
v  -75.8101 92.4956 11.6688
v  4.9135 92.2988 9.3475
v  15.8380 92.3792 9.6244
v  4.9980 91.4393 8.5115
v  3.4924 90.9215 8.2794
v  -90.0335 91.7318 8.7130
v  -89.9430 92.1318 9.1124
v  -84.3229 92.6222 11.2738
v  -98.9675 92.5456 11.5378
v  -78.5298 91.4933 8.5443
v  -25.6666 90.1481 8.1588
v  -19.9651 91.0028 8.3069
v  -13.9215 90.6255 8.2041
v  2.0031 90.1481 8.1588
v  15.8380 90.5655 8.2541
v  1.5136 92.6821 10.5236
v  4.4992 92.5580 9.8961
v  -5.6756 92.6192 10.1109
v  -109.8920 92.6245 10.6988
v  -94.7126 92.6722 10.9832
v  -17.7806 92.5445 11.5408
v  -14.5209 92.6881 10.6988
v  -26.1318 92.6622 11.0610
v  -64.5939 90.9327 13.1146
v  -71.9638 91.2884 12.9685
v  -74.6355 90.8365 13.1438
v  -99.8652 92.3326 11.9949
v  -99.3779 92.3187 9.3797
v  -98.1200 92.5703 9.9341
v  -88.0430 92.4366 9.5968
v  -64.5315 90.9223 8.2797
v  -48.3003 90.7820 8.2392
v  -57.0991 90.1481 8.1588
v  -37.4640 91.8238 12.6077
v  -47.3336 91.8450 12.5889
v  -36.9488 91.3962 12.9111
v  -96.0571 90.1481 13.2388
v  -109.8920 90.5655 13.1436
v  -10.5585 90.9640 13.1043
v  -15.5243 91.4933 12.8534
v  -24.8430 91.3270 12.9487
v  5.3020 92.3177 12.0197
v  15.8380 92.3792 11.7733
v  4.1381 92.5683 11.4699
v  -7.0542 92.6367 11.2076
v  15.8380 91.6921 12.6349
v  5.7014 91.9564 12.4826
v  -97.5465 90.9215 13.1183
v  -99.0520 91.4393 12.8862
v  -19.7803 90.6824 13.1820
v  -1.7596 90.1481 13.2388
v  -73.9454 92.2316 9.2460
v  -58.9350 92.1702 9.1617
v  -67.0260 91.7318 8.7130
v  -86.5282 92.6349 10.1817
v  -73.6623 92.6260 10.1402
v  -73.0459 92.4720 9.6735
v  -36.9549 90.1481 13.2388
v  -45.7538 90.7820 13.1585
v  -54.5526 90.1481 13.2388
v  -91.2839 92.1751 12.2296
v  -92.2751 91.8176 12.6131
v  -109.8920 90.5655 8.2541
v  -97.6652 90.9215 8.2794
v  15.8380 90.5655 13.1436
v  3.6111 90.9215 13.1183
v  -38.1567 90.6549 8.2099
v  -39.5015 90.1481 8.1588
v  -55.8974 90.6549 13.1878
v  -54.7570 92.6418 10.2160
v  -63.2801 92.6876 10.7513
v  -47.0270 92.6881 10.6988
v  -63.2801 92.5167 9.7816
v  -64.2976 92.6442 10.2287
v  -79.9851 91.9270 8.8857
v  -21.5888 91.7318 8.7130
v  -31.7096 92.0565 9.0226
v  -17.8330 92.2140 9.2210
v  -34.0536 92.6854 10.5811
v  -24.0970 92.6846 10.5641
v  -13.4301 91.8833 12.5538
v  -4.4069 92.1356 12.2805
v  -18.2165 92.1801 12.2229
v  -72.4653 91.7318 12.6847
v  -58.0959 91.9896 12.4483
v  -70.7837 92.2233 12.1636
v  -49.7467 91.4680 12.8690
v  -50.5118 92.4369 9.5975
v  -45.2994 92.0970 9.0699
v  -33.1451 91.6301 8.6360
v  -52.8307 92.2992 12.0496
v  -6.0110 92.4366 11.8009
v  5.9087 91.4995 12.8495
v  -4.0205 91.7318 12.6847
v  -65.1518 91.3504 8.4614
v  -53.9118 91.7849 8.7565
v  -55.7172 91.2971 8.4336
v  -29.4602 90.9327 8.2831
v  -44.3074 91.4680 8.5287
v  -29.5226 90.9223 13.1180
v  -27.0280 91.7318 12.6847
v  -30.4822 92.1621 12.2466
v  -62.0519 91.4683 12.8688
v  -74.6968 90.1481 8.1588
v  -19.3573 90.1481 13.2388
v  -25.5719 91.3525 8.4625
v  -42.7386 92.1388 12.2764
v  -47.0270 92.5187 11.6111
v  -12.1227 91.9144 8.8735
v  -9.2330 91.5250 8.5644
v  -4.6590 92.1637 9.1532
v  -1.7789 91.8176 8.7845
v  15.8380 91.6921 8.7628
v  -83.0621 90.6154 13.1955
v  -68.3874 90.1481 13.2388
v  -82.7193 91.6580 12.7414
v  -100.3031 92.0324 12.4021
v  -11.8318 90.1481 8.1588
v  -10.4552 91.0676 8.3311
v  -82.2223 90.1481 13.2388
v  -83.5989 91.0676 13.0666
v  -30.7740 92.5167 11.6161
v  -38.5957 92.6472 11.1529
v  -54.5630 92.6454 11.1628
v  -109.8920 91.6921 12.6349
v  -109.8920 92.3792 9.6244
v  -95.9912 92.6759 10.4501
v  -79.5331 92.6881 10.6988
v  -73.4111 92.6467 11.1556
v  -63.2801 92.5167 11.6161
v  -15.5474 92.5465 9.8624
v  -24.6522 92.4303 9.5838
v  -6.0110 92.4366 9.5968
v  15.8380 92.6245 10.6988
v  1.9447 92.6693 11.0079
v  -109.8920 92.3792 11.7733
# 322 vertices

vn 1.0000 0.0000 -0.0000
vn -1.0000 0.0000 -0.0000
vn 0.0000 -0.6235 0.7818
vn 0.0000 -0.7071 0.7071
vn 0.0000 -0.5075 0.8616
vn 0.0000 -0.9435 -0.3315
vn 0.0000 -1.0000 -0.0000
vn 0.0000 -0.9898 -0.1426
vn 0.0000 -0.3212 0.9470
vn 0.0000 -0.2103 0.9776
vn 0.0000 0.0000 1.0000
vn 0.0000 -0.9791 0.2036
vn 0.0000 -0.9755 0.2199
vn 0.0000 -0.9149 0.4037
vn 0.0000 -0.8467 0.5320
vn 0.0000 -0.9010 0.4339
vn 0.0000 -0.7818 0.6235
vn 0.0000 -0.5083 0.8612
vn 0.0000 -0.4339 0.9010
vn 0.0000 -0.3048 0.9524
vn 0.0000 -0.5296 0.8483
vn 0.0000 -0.8600 -0.5103
vn 0.0000 -0.7418 -0.6706
vn 0.0000 -0.7980 -0.6027
vn 0.0000 -0.3212 -0.9470
vn 0.0000 -0.5296 -0.8483
vn 0.0000 -0.4641 -0.8858
vn 0.0000 -0.1691 0.9856
vn 0.0000 -0.3365 0.9417
vn 0.0000 -0.1879 0.9822
vn 0.0000 -0.9976 0.0690
vn 0.0000 -0.9487 0.3160
vn 0.0000 -0.9728 0.2315
vn 0.0000 -0.9749 -0.2225
vn 0.0000 -0.9937 -0.1120
vn 0.0000 -0.7809 0.6246
vn 0.0000 -0.3089 -0.9511
vn 0.0000 -0.4489 -0.8936
vn 0.0000 -0.2710 -0.9626
vn 0.0000 -0.6597 -0.7515
vn 0.0000 -0.6680 -0.7441
vn 0.0000 -0.4914 -0.8710
vn 0.0000 -0.8546 0.5194
vn 0.0000 -0.9536 0.3011
vn 0.0000 -0.8203 0.5720
vn 0.0000 -0.7961 0.6052
vn 0.0000 -0.2496 0.9684
vn 0.0000 -0.0000 -1.0000
vn 0.0000 -0.1691 -0.9856
vn 0.0000 -0.9707 0.2401
vn 0.0000 -0.9706 0.2407
vn 0.0000 -0.8873 0.4612
vn 0.0000 -0.8541 -0.5200
vn 0.0000 -0.9010 -0.4339
vn 0.0000 -0.9528 -0.3036
vn 0.0000 -0.7424 -0.6700
vn 0.0000 -0.9242 -0.3819
vn 0.0000 -0.6235 -0.7818
vn 0.0000 -0.7818 -0.6235
vn 0.0000 -0.7119 -0.7023
vn 0.0000 -0.4339 -0.9010
vn 0.0000 -0.3048 -0.9524
vn 0.0000 -0.5083 -0.8612
vn 0.0000 -0.9797 -0.2003
vn 0.0000 -0.2496 -0.9684
vn 0.0000 -0.9439 -0.3303
vn 0.0000 -0.2103 -0.9776
vn 0.0000 -0.6573 -0.7537
vn 0.0000 -0.1995 0.9799
vn 0.0000 -0.1995 -0.9799
vn 0.0000 -0.9818 0.1901
vn 0.0000 -0.9998 -0.0207
vn 0.0000 -0.9325 0.3611
vn 0.0000 -0.9827 0.1851
vn 0.0000 -0.7003 0.7138
vn 0.0000 -0.7513 0.6599
vn 0.0000 -0.8133 0.5818
vn 0.0000 -0.9989 0.0464
vn 0.0000 -0.9986 0.0531
vn 0.0000 -0.6831 -0.7303
vn 0.0000 -0.7825 -0.6227
vn 0.0000 -0.8000 -0.6000
vn 0.0000 -0.7250 -0.6888
vn 0.0000 -0.8170 -0.5767
vn 0.0000 -0.5196 -0.8544
vn 0.0000 -0.7673 0.6413
vn 0.0000 -0.5835 0.8121
vn 0.0000 -0.8469 -0.5318
vn 0.0000 -0.5320 -0.8467
vn 0.0000 -0.4733 0.8809
vn 0.0000 -0.6444 0.7647
vn 0.0000 -0.4524 0.8918
vn 0.0000 -0.3089 0.9511
vn 0.0000 -0.5196 0.8544
vn 0.0000 -0.7929 -0.6093
vn 0.0000 -0.4742 0.8804
vn 0.0000 -0.7837 -0.6211
vn 0.0000 -0.9333 -0.3591
vn 0.0000 -0.6954 0.7187
vn 0.0000 -0.5421 0.8403
vn 0.0000 -0.7935 0.6085
vn 0.0000 -0.6573 0.7537
vn 0.0000 -0.1839 -0.9829
vn 0.0000 -0.5944 -0.8042
vn 0.0000 -0.3620 0.9322
vn 0.0000 -0.3620 -0.9322
vn 0.0000 -0.9325 -0.3611
vn 0.0000 -0.9839 -0.1788
vn 0.0000 -0.9832 -0.1826
vn 0.0000 -0.9749 0.2225
vn 0.0000 -0.9952 0.0979
vn 0.0000 -0.9740 -0.2264
vn 0.0000 -0.9837 -0.1798
vn 0.0000 -0.9442 0.3293
vn 0.0000 -0.8985 0.4390
vn 0.0000 -0.9926 -0.1217
vn 0.0000 0.7071 -0.7071
vn 0.0000 0.5075 -0.8616
vn 0.0000 0.6235 -0.7818
vn 0.0000 0.9707 -0.2401
vn 0.0000 0.9706 -0.2407
vn 0.0000 0.8873 -0.4612
vn 0.0000 0.3212 -0.9470
vn 0.0000 0.2103 -0.9776
vn 0.0000 0.9010 0.4339
vn 0.0000 0.7424 0.6700
vn 0.0000 0.9242 0.3819
vn 0.0000 0.8467 -0.5320
vn 0.0000 0.9010 -0.4339
vn 0.0000 0.7818 -0.6235
vn 0.0000 0.5083 -0.8612
vn 0.0000 0.4339 -0.9010
vn 0.0000 0.3048 -0.9524
vn 0.0000 0.7809 -0.6246
vn 0.0000 0.9740 0.2264
vn 0.0000 0.9439 0.3303
vn 0.0000 0.5296 -0.8483
vn 0.0000 0.3365 -0.9417
vn 0.0000 0.1879 -0.9822
vn 0.0000 0.1691 -0.9856
vn 0.0000 0.9976 -0.0690
vn 0.0000 0.9487 -0.3160
vn 0.0000 0.9728 -0.2315
vn 0.0000 1.0000 0.0000
vn 0.0000 0.9749 0.2225
vn 0.0000 0.9937 0.1120
vn 0.0000 0.9435 0.3315
vn 0.0000 0.9898 0.1426
vn 0.0000 0.3089 0.9511
vn 0.0000 0.4489 0.8936
vn 0.0000 0.2710 0.9626
vn 0.0000 0.8600 0.5103
vn 0.0000 0.8546 -0.5194
vn 0.0000 0.9536 -0.3011
vn 0.0000 0.2496 -0.9684
vn 0.0000 0.6597 0.7515
vn 0.0000 0.6680 0.7441
vn 0.0000 0.4914 0.8710
vn 0.0000 0.1691 0.9856
vn 0.0000 0.3212 0.9470
vn 0.0000 0.5296 0.8483
vn 0.0000 0.4641 0.8858
vn 0.0000 0.8541 0.5200
vn 0.0000 0.9528 0.3036
vn 0.0000 0.9797 0.2003
vn 0.0000 0.6235 0.7818
vn 0.0000 0.7818 0.6235
vn 0.0000 0.7119 0.7023
vn 0.0000 0.3048 0.9524
vn 0.0000 0.5083 0.8612
vn 0.0000 0.4339 0.9010
vn 0.0000 0.2103 0.9776
vn 0.0000 0.8203 -0.5720
vn 0.0000 0.7961 -0.6052
vn 0.0000 0.9791 -0.2036
vn 0.0000 0.9755 -0.2199
vn 0.0000 0.9149 -0.4037
vn 0.0000 0.2496 0.9684
vn 0.0000 0.7980 0.6027
vn 0.0000 0.6573 0.7537
vn 0.0000 0.1995 -0.9799
vn 0.0000 0.1995 0.9799
vn 0.0000 0.9818 -0.1901
vn 0.0000 0.9998 0.0207
vn 0.0000 0.9325 -0.3611
vn 0.0000 0.9827 -0.1851
vn 0.0000 0.7003 -0.7138
vn 0.0000 0.7513 -0.6599
vn 0.0000 0.8133 -0.5818
vn 0.0000 0.9989 -0.0464
vn 0.0000 0.9986 -0.0531
vn 0.0000 0.6831 0.7303
vn 0.0000 0.7825 0.6227
vn 0.0000 0.8000 0.6000
vn 0.0000 0.7250 0.6888
vn 0.0000 0.8170 0.5767
vn 0.0000 0.5196 0.8544
vn 0.0000 0.7673 -0.6413
vn 0.0000 0.5835 -0.8121
vn 0.0000 0.8469 0.5318
vn 0.0000 0.5320 0.8467
vn 0.0000 0.4733 -0.8809
vn 0.0000 0.6444 -0.7647
vn 0.0000 0.4524 -0.8918
vn 0.0000 0.3089 -0.9511
vn 0.0000 0.5196 -0.8544
vn 0.0000 0.7929 0.6093
vn 0.0000 0.4742 -0.8804
vn 0.0000 0.7837 0.6211
vn 0.0000 0.9333 0.3591
vn 0.0000 0.6954 -0.7187
vn 0.0000 0.5421 -0.8403
vn 0.0000 0.7935 -0.6085
vn 0.0000 0.6573 -0.7537
vn 0.0000 0.1839 0.9829
vn 0.0000 0.5944 0.8042
vn 0.0000 0.7418 0.6706
vn 0.0000 0.3620 -0.9322
vn 0.0000 0.3620 0.9322
vn 0.0000 0.9325 0.3611
vn 0.0000 0.9839 0.1788
vn 0.0000 0.9832 0.1826
vn 0.0000 0.9749 -0.2225
vn 0.0000 0.9952 -0.0979
vn 0.0000 0.9837 0.1798
vn 0.0000 0.9442 -0.3293
vn 0.0000 0.8985 -0.4390
vn 0.0000 0.9926 0.1217
# 228 vertex normals

vt 0.1740 -0.0597 0.0000
vt 0.1972 -0.0307 0.0000
vt 0.2054 0.0054 0.0000
vt 0.0701 -0.0597 0.0000
vt 0.1035 -0.0758 0.0000
vt 0.1406 -0.0758 0.0000
vt 0.0387 0.0054 0.0000
vt 0.0470 -0.0307 0.0000
vt 0.1740 0.0706 0.0000
vt 0.1035 0.0867 0.0000
vt 0.1406 0.0867 0.0000
vt 0.0470 0.0416 0.0000
vt 0.0701 0.0706 0.0000
vt 0.1972 0.0416 0.0000
vt -0.1035 0.0867 0.0000
vt -0.1406 0.0867 0.0000
vt -0.1740 0.0706 0.0000
vt -0.2054 0.0054 0.0000
vt -0.0701 0.0706 0.0000
vt -0.0387 0.0054 0.0000
vt -0.0470 0.0416 0.0000
vt -0.1972 0.0416 0.0000
vt -0.1972 -0.0307 0.0000
vt -0.1740 -0.0597 0.0000
vt -0.1406 -0.0758 0.0000
vt -0.0701 -0.0597 0.0000
vt -0.0470 -0.0307 0.0000
vt -0.1035 -0.0758 0.0000
vt -1.1667 -0.2055 0.0000
vt -1.4924 -0.1961 0.0000
vt -1.5209 -0.2172 0.0000
vt -4.1887 -0.1025 0.0000
vt -4.2956 -0.1307 0.0000
vt -3.9147 -0.1187 0.0000
vt -2.0327 -0.2343 0.0000
vt -2.3352 -0.2439 0.0000
vt -1.7440 -0.2616 0.0000
vt -1.9332 -0.1477 0.0000
vt -2.3553 -0.1491 0.0000
vt -2.3755 -0.1653 0.0000
vt -4.9333 -0.1774 0.0000
vt -5.2917 -0.1681 0.0000
vt -5.2917 -0.1868 0.0000
vt -4.9360 -0.2171 0.0000
vt -5.2917 -0.2242 0.0000
vt -4.8866 -0.2358 0.0000
vt -2.1956 -0.2151 0.0000
vt -1.4956 -0.0860 0.0000
vt -1.4813 -0.0694 0.0000
vt -1.7772 -0.0768 0.0000
vt -4.4256 -0.0270 0.0000
vt -4.2627 -0.0463 0.0000
vt -3.9570 -0.0400 0.0000
vt -4.8378 -0.2616 0.0000
vt -5.2917 -0.2474 0.0000
vt -5.2917 -0.2616 0.0000
vt -3.9300 -0.2616 0.0000
vt -4.1170 -0.2330 0.0000
vt -4.3153 -0.2458 0.0000
vt -4.8217 -0.1364 0.0000
vt -4.9197 -0.1575 0.0000
vt -4.5858 -0.1501 0.0000
vt -1.1667 -0.1307 0.0000
vt -1.1667 -0.1120 0.0000
vt -1.6647 -0.1213 0.0000
vt -1.8182 -0.2055 0.0000
vt -1.8212 -0.1869 0.0000
vt -2.6528 -0.0259 0.0000
vt -2.4110 -0.0386 0.0000
vt -2.3234 -0.0226 0.0000
vt -3.5429 -0.0598 0.0000
vt -3.2191 -0.0607 0.0000
vt -3.5598 -0.0426 0.0000
vt -1.5116 -0.1762 0.0000
vt -1.5529 -0.1561 0.0000
vt -1.8835 -0.1681 0.0000
vt -2.3460 -0.1814 0.0000
vt -2.8385 -0.1848 0.0000
vt -2.5730 -0.2055 0.0000
vt -2.6549 -0.2358 0.0000
vt -3.1874 -0.2405 0.0000
vt -2.8987 -0.2616 0.0000
vt -1.6206 0.0002 0.0000
vt -1.1667 -0.0139 0.0000
vt -1.1667 0.0002 0.0000
vt -3.3784 -0.1509 0.0000
vt -3.9300 -0.1509 0.0000
vt -3.5516 -0.1706 0.0000
vt -4.9460 -0.0851 0.0000
vt -5.2917 -0.0933 0.0000
vt -4.9078 -0.1050 0.0000
vt -1.8835 -0.0933 0.0000
vt -2.0972 -0.0695 0.0000
vt -2.2848 -0.0980 0.0000
vt -5.2917 -0.0559 0.0000
vt -5.2917 -0.0746 0.0000
vt -4.9591 -0.0658 0.0000
vt -1.1667 -0.0372 0.0000
vt -1.5717 -0.0255 0.0000
vt -1.5223 -0.0442 0.0000
vt -4.5406 -0.1139 0.0000
vt -3.5596 0.0002 0.0000
vt -3.2709 -0.0208 0.0000
vt -2.9823 0.0002 0.0000
vt -1.5251 -0.1026 0.0000
vt -4.1231 -0.0174 0.0000
vt -4.7143 0.0002 0.0000
vt -1.7446 -0.0595 0.0000
vt -1.1667 -0.2474 0.0000
vt -1.1667 -0.2242 0.0000
vt -1.5678 -0.2358 0.0000
vt -5.2917 -0.0139 0.0000
vt -5.2917 -0.0372 0.0000
vt -4.8905 -0.0255 0.0000
vt -3.5202 -0.2448 0.0000
vt -3.4761 -0.2616 0.0000
vt -2.9381 -0.0165 0.0000
vt -2.9756 -0.1466 0.0000
vt -2.6959 -0.1289 0.0000
vt -3.2292 -0.1307 0.0000
vt -2.6959 -0.1614 0.0000
vt -2.6625 -0.1462 0.0000
vt -2.1479 -0.1969 0.0000
vt -4.0638 -0.2055 0.0000
vt -3.7317 -0.1907 0.0000
vt -4.1870 -0.1824 0.0000
vt -3.6548 -0.1345 0.0000
vt -3.9815 -0.1351 0.0000
vt -4.3314 -0.0624 0.0000
vt -4.6275 -0.0746 0.0000
vt -4.1744 -0.0770 0.0000
vt -2.3946 -0.0559 0.0000
vt -2.8660 -0.0673 0.0000
vt -2.4497 -0.0794 0.0000
vt -3.1399 -0.0453 0.0000
vt -3.1148 -0.1680 0.0000
vt -3.2858 -0.1887 0.0000
vt -3.6846 -0.2096 0.0000
vt -3.0388 -0.0839 0.0000
vt -4.5748 -0.0933 0.0000
vt -4.9659 -0.0465 0.0000
vt -4.6401 -0.0559 0.0000
vt -2.6345 -0.2205 0.0000
vt -3.0033 -0.2032 0.0000
vt -2.9441 -0.2224 0.0000
vt -3.8055 -0.2354 0.0000
vt -3.3184 -0.2160 0.0000
vt -3.8035 -0.0256 0.0000
vt -3.8853 -0.0559 0.0000
vt -3.7720 -0.0761 0.0000
vt -2.7362 -0.0453 0.0000
vt -2.3214 -0.2616 0.0000
vt -4.1370 0.0002 0.0000
vt -3.9331 -0.2204 0.0000
vt -3.3699 -0.0748 0.0000
vt -3.2292 -0.1000 0.0000
vt -4.3743 -0.1975 0.0000
vt -4.4691 -0.2138 0.0000
vt -4.6192 -0.1852 0.0000
vt -4.7137 -0.2018 0.0000
vt -5.2917 -0.2055 0.0000
vt -2.0469 -0.0152 0.0000
vt -2.5284 0.0002 0.0000
vt -2.0582 -0.0528 0.0000
vt -4.3839 -0.2616 0.0000
vt -4.4290 -0.2307 0.0000
vt -2.0745 0.0002 0.0000
vt -2.0293 -0.0306 0.0000
vt -1.1667 -0.2616 0.0000
vt -5.2917 0.0002 0.0000
vt -3.7624 -0.0999 0.0000
vt -3.5058 -0.1157 0.0000
vt -2.9819 -0.1154 0.0000
vt -1.1667 -0.1868 0.0000
vt -1.1667 -0.0559 0.0000
vt -1.1667 -0.1681 0.0000
vt -1.1667 -0.1494 0.0000
vt -1.6227 -0.1388 0.0000
vt -2.0056 -0.1116 0.0000
vt -2.1627 -0.1307 0.0000
vt -2.3635 -0.1156 0.0000
vt -2.6959 -0.0999 0.0000
vt -4.2620 -0.1586 0.0000
vt -3.9632 -0.1685 0.0000
vt -4.5748 -0.1681 0.0000
vt -5.2917 -0.1307 0.0000
vt -4.8358 -0.1205 0.0000
vt -5.2917 -0.1494 0.0000
vt -5.2917 -0.1120 0.0000
vt -1.1667 -0.0933 0.0000
vt -1.1667 -0.0746 0.0000
vt -1.4924 0.0657 0.0000
vt -1.5209 0.0446 0.0000
vt -1.1667 0.0563 0.0000
vt -3.3784 0.1109 0.0000
vt -3.9300 0.1109 0.0000
vt -3.5516 0.0912 0.0000
vt -2.0327 0.0275 0.0000
vt -2.3352 0.0179 0.0000
vt -1.7440 0.0002 0.0000
vt -1.8835 0.1685 0.0000
vt -2.0972 0.1923 0.0000
vt -2.2848 0.1638 0.0000
vt -4.9333 0.0844 0.0000
vt -5.2917 0.0937 0.0000
vt -5.2917 0.0750 0.0000
vt -4.9360 0.0447 0.0000
vt -5.2917 0.0376 0.0000
vt -4.8866 0.0260 0.0000
vt -1.8182 0.0563 0.0000
vt -1.8212 0.0749 0.0000
vt -2.0056 0.1502 0.0000
vt -1.5251 0.1592 0.0000
vt -2.1956 0.0467 0.0000
vt -3.9300 0.0002 0.0000
vt -4.1170 0.0288 0.0000
vt -4.3153 0.0160 0.0000
vt -4.8378 0.0002 0.0000
vt -5.2917 0.0144 0.0000
vt -4.8217 0.1254 0.0000
vt -4.9197 0.1043 0.0000
vt -4.5858 0.1117 0.0000
vt -1.1667 0.1311 0.0000
vt -1.1667 0.1498 0.0000
vt -1.6647 0.1405 0.0000
vt -4.1887 0.1593 0.0000
vt -4.2956 0.1311 0.0000
vt -3.9147 0.1431 0.0000
vt -2.6528 0.2359 0.0000
vt -2.4110 0.2232 0.0000
vt -2.3234 0.2392 0.0000
vt -1.4956 0.1758 0.0000
vt -1.5116 0.0856 0.0000
vt -1.5529 0.1057 0.0000
vt -1.8835 0.0937 0.0000
vt -2.6549 0.0260 0.0000
vt -3.1874 0.0213 0.0000
vt -2.8987 0.0002 0.0000
vt -3.5429 0.2020 0.0000
vt -3.2191 0.2011 0.0000
vt -3.5598 0.2192 0.0000
vt -1.6206 0.2620 0.0000
vt -1.1667 0.2479 0.0000
vt -1.1667 0.2620 0.0000
vt -4.4256 0.2348 0.0000
vt -4.2627 0.2155 0.0000
vt -3.9570 0.2218 0.0000
vt -4.9460 0.1767 0.0000
vt -5.2917 0.1685 0.0000
vt -4.9078 0.1568 0.0000
vt -4.5406 0.1479 0.0000
vt -5.2917 0.2059 0.0000
vt -5.2917 0.1872 0.0000
vt -4.9591 0.1960 0.0000
vt -1.5717 0.2363 0.0000
vt -1.5223 0.2176 0.0000
vt -1.1667 0.2246 0.0000
vt -4.1231 0.2444 0.0000
vt -4.7143 0.2620 0.0000
vt -2.3460 0.0804 0.0000
vt -2.8385 0.0770 0.0000
vt -2.5730 0.0563 0.0000
vt -1.9332 0.1141 0.0000
vt -2.3553 0.1127 0.0000
vt -2.3755 0.0965 0.0000
vt -3.5596 0.2620 0.0000
vt -3.2709 0.2410 0.0000
vt -2.9823 0.2620 0.0000
vt -1.7772 0.1850 0.0000
vt -1.7446 0.2023 0.0000
vt -1.1667 0.0144 0.0000
vt -1.1667 0.0376 0.0000
vt -1.5678 0.0260 0.0000
vt -5.2917 0.2479 0.0000
vt -5.2917 0.2246 0.0000
vt -4.8905 0.2363 0.0000
vt -3.5202 0.0170 0.0000
vt -3.4761 0.0002 0.0000
vt -2.9381 0.2453 0.0000
vt -2.9756 0.1152 0.0000
vt -2.6959 0.1329 0.0000
vt -3.2292 0.1311 0.0000
vt -2.6959 0.1004 0.0000
vt -2.6625 0.1156 0.0000
vt -2.1479 0.0649 0.0000
vt -4.0638 0.0563 0.0000
vt -3.7317 0.0711 0.0000
vt -4.1870 0.0794 0.0000
vt -3.6548 0.1273 0.0000
vt -3.9815 0.1267 0.0000
vt -4.3314 0.1994 0.0000
vt -4.6275 0.1872 0.0000
vt -4.1744 0.1848 0.0000
vt -2.3946 0.2059 0.0000
vt -2.8660 0.1945 0.0000
vt -2.4497 0.1824 0.0000
vt -3.1399 0.2165 0.0000
vt -3.1148 0.0938 0.0000
vt -3.2858 0.0731 0.0000
vt -3.6846 0.0522 0.0000
vt -3.0388 0.1779 0.0000
vt -4.5748 0.1685 0.0000
vt -4.9659 0.2153 0.0000
vt -4.6401 0.2059 0.0000
vt -2.6345 0.0413 0.0000
vt -3.0033 0.0586 0.0000
vt -2.9441 0.0394 0.0000
vt -3.8055 0.0264 0.0000
vt -3.3184 0.0458 0.0000
vt -3.8035 0.2362 0.0000
vt -3.8853 0.2059 0.0000
vt -3.7720 0.1857 0.0000
vt -2.7362 0.2165 0.0000
vt -2.3214 0.0002 0.0000
vt -4.1370 0.2620 0.0000
vt -3.9331 0.0414 0.0000
vt -3.3699 0.1870 0.0000
vt -3.2292 0.1618 0.0000
vt -4.3743 0.0643 0.0000
vt -4.4691 0.0480 0.0000
vt -4.6192 0.0766 0.0000
vt -4.7137 0.0600 0.0000
vt -5.2917 0.0563 0.0000
vt -2.0469 0.2466 0.0000
vt -2.5284 0.2620 0.0000
vt -2.0582 0.2090 0.0000
vt -1.4813 0.1924 0.0000
vt -4.3839 0.0002 0.0000
vt -4.4290 0.0311 0.0000
vt -2.0745 0.2620 0.0000
vt -2.0293 0.2312 0.0000
vt -5.2917 0.2620 0.0000
vt -3.7624 0.1619 0.0000
vt -3.5058 0.1461 0.0000
vt -2.9819 0.1464 0.0000
vt -1.1667 0.0750 0.0000
vt -1.1667 0.2059 0.0000
vt -1.1667 0.0937 0.0000
vt -1.1667 0.1124 0.0000
vt -1.6227 0.1230 0.0000
vt -2.1627 0.1311 0.0000
vt -2.3635 0.1462 0.0000
vt -2.6959 0.1619 0.0000
vt -4.2620 0.1032 0.0000
vt -3.9632 0.0933 0.0000
vt -4.5748 0.0937 0.0000
vt -5.2917 0.1311 0.0000
vt -4.8358 0.1413 0.0000
vt -5.2917 0.1124 0.0000
vt -5.2917 0.1498 0.0000
vt -1.1667 0.1685 0.0000
vt -1.1667 0.1872 0.0000
# 352 texture coords

g _Extrusion__1776_
usemtl aluminum
s off
f 1937/2591/921 1938/2592/921 1939/2593/921 
f 1937/2591/921 1939/2593/921 1940/2594/921 
f 1941/2595/921 1942/2596/921 1940/2594/921 
f 1940/2594/921 1942/2596/921 1937/2591/921 
f 1940/2594/921 1943/2597/921 1944/2598/921 
f 1940/2594/921 1939/2593/921 1943/2597/921 
f 1939/2593/921 1945/2599/921 1946/2600/921 
f 1946/2600/921 1945/2599/921 1947/2601/921 
f 1948/2602/921 1943/2597/921 1949/2603/921 
f 1946/2600/921 1949/2603/921 1943/2597/921 
f 1939/2593/921 1946/2600/921 1943/2597/921 
f 1939/2593/921 1950/2604/921 1945/2599/921 
f 1951/2605/922 1952/2606/922 1953/2607/922 
f 1954/2608/922 1951/2605/922 1953/2607/922 
f 1955/2609/922 1951/2605/922 1956/2610/922 
f 1956/2610/922 1957/2611/922 1955/2609/922 
f 1956/2610/922 1951/2605/922 1954/2608/922 
f 1954/2608/922 1953/2607/922 1958/2612/922 
f 1954/2608/922 1959/2613/922 1960/2614/922 
f 1954/2608/922 1960/2614/922 1961/2615/922 
f 1956/2610/922 1962/2616/922 1963/2617/922 
f 1961/2615/922 1964/2618/922 1962/2616/922 
f 1954/2608/922 1961/2615/922 1962/2616/922 
f 1962/2616/922 1956/2610/922 1954/2608/922 
f 1965/2619/923 1966/2620/924 1967/2621/925 
f 1968/2622/926 1969/2623/927 1970/2624/928 
f 1971/2625/929 1972/2626/930 1973/2627/931 
f 1974/2628/932 1975/2629/933 1976/2630/934 
f 1977/2631/935 1978/2632/936 1940/2633/937 
f 1979/2634/938 1944/2635/939 1980/2636/940 
f 1972/2626/930 1971/2625/929 1981/2637/941 
f 1982/2638/942 1983/2639/943 1984/2640/944 
f 1985/2641/945 1986/2642/946 1987/2643/947 
f 1988/2644/931 1989/2645/948 1943/2646/931 
f 1990/2647/931 1991/2648/949 1992/2649/950 
f 1993/2650/951 1994/2651/952 1995/2652/953 
f 1996/2653/927 1961/2654/954 1997/2655/955 
f 1998/2656/923 1966/2620/924 1999/2657/956 
f 2000/2658/957 2001/2659/958 2002/2660/959 
f 2003/2661/960 2004/2662/961 2005/2663/962 
f 2006/2664/963 2007/2665/964 2008/2666/936 
f 2009/2667/965 2010/2668/966 2011/2669/923 
f 2012/2670/940 2013/2671/967 2014/2672/931 
f 2015/2673/968 2016/2674/969 1954/2675/968 
f 2017/2676/970 2018/2677/971 2019/2678/972 
f 2020/2679/973 2021/2680/974 2022/2681/975 
f 2023/2682/974 2024/2683/976 2025/2684/977 
f 2026/2685/978 1937/2686/979 2027/2687/980 
f 1959/2688/981 2028/2689/982 2029/2690/983 
f 2030/2691/984 1969/2623/927 1968/2622/926 
f 2031/2692/968 2032/2693/985 2033/2694/968 
f 1993/2650/951 1969/2623/927 2030/2691/984 
f 1982/2638/942 2023/2682/974 2034/2695/986 
f 2035/2696/987 2036/2697/968 1985/2641/945 
f 2024/2683/976 1984/2640/944 2037/2698/988 
f 2038/2699/948 1963/2700/939 2039/2701/940 
f 2040/2702/969 1938/2703/981 2041/2704/982 
f 2042/2705/989 2043/2706/931 2013/2671/967 
f 2044/2707/990 2033/2694/968 2032/2693/985 
f 2045/2708/991 2046/2709/992 2047/2710/927 
f 2048/2711/993 2049/2712/994 2045/2708/991 
f 2050/2713/995 1999/2657/956 2009/2667/965 
f 1978/2632/936 1977/2631/935 1994/2651/952 
f 2051/2714/923 2052/2715/996 2053/2716/997 
f 2018/2677/971 2054/2717/998 2055/2718/999 
f 2056/2719/1000 2057/2720/1001 2058/2721/1002 
f 2059/2722/978 2060/2723/1003 2061/2724/1004 
f 2004/2662/961 2062/2725/1005 2005/2663/962 
f 2063/2726/936 2017/2676/970 2019/2678/972 
f 2008/2666/936 2009/2667/965 1999/2657/956 
f 2017/2676/970 2047/2710/927 2054/2717/998 
f 2064/2727/1006 2052/2715/996 2065/2728/1007 
f 2060/2723/1003 2004/2662/961 2066/2729/1008 
f 2067/2730/974 1968/2622/926 2058/2721/1002 
f 1967/2621/925 1966/2620/924 1998/2656/923 
f 1967/2621/925 2039/2701/940 1963/2700/939 
f 2020/2679/973 2057/2720/1001 2027/2687/980 
f 2068/2731/1009 2027/2687/980 2069/2732/978 
f 1981/2637/941 2070/2733/1010 1972/2626/930 
f 2038/2699/948 2039/2701/940 1973/2627/931 
f 1981/2637/941 1971/2625/929 1998/2656/923 
f 2071/2734/1011 2072/2735/1012 2070/2733/1010 
f 2012/2670/940 2072/2735/1012 2013/2671/967 
f 2071/2734/1011 2010/2668/966 2064/2727/1006 
f 2065/2728/1007 2073/2736/1013 2074/2737/1014 
f 1987/2643/947 2035/2696/987 1985/2641/945 
f 2040/2702/969 2041/2704/982 2036/2697/968 
f 1986/2642/946 1985/2641/945 2069/2732/978 
f 2075/2738/982 1987/2643/947 2005/2663/962 
f 2075/2738/982 2005/2663/962 2032/2693/985 
f 2076/2739/978 2077/2740/1015 2003/2661/960 
f 2062/2725/1005 2078/2741/1005 2000/2658/957 
f 2014/2672/931 2013/2671/967 2043/2706/931 
f 2079/2742/931 1972/2626/930 2014/2672/931 
f 2080/2743/968 2035/2696/987 2031/2692/968 
f 2042/2705/989 2074/2737/1014 2073/2736/1013 
f 2073/2736/1013 2081/2744/1016 1991/2648/949 
f 2066/2729/1008 2082/2745/1017 2083/2746/1018 
f 2051/2714/923 2084/2747/1019 2085/2748/1020 
f 1988/2644/931 1980/2636/940 1989/2645/948 
f 2053/2716/997 2086/2749/1021 2084/2747/1019 
f 2087/2750/1022 2088/2751/923 1979/2634/938 
f 2075/2738/982 2032/2693/985 2031/2692/968 
f 2044/2707/990 2062/2725/1005 2000/2658/957 
f 2000/2658/957 2078/2741/1005 2001/2659/958 
f 2089/2752/1023 2090/2753/968 2002/2660/959 
f 2091/2754/1024 2059/2722/978 2024/2683/976 
f 2015/2673/968 2028/2689/982 2016/2674/969 
f 2024/2683/976 2059/2722/978 2061/2724/1004 
f 1983/2639/943 2029/2690/983 2037/2698/988 
f 2092/2755/931 1992/2649/950 1988/2644/931 
f 1980/2636/940 1988/2644/931 1992/2649/950 
f 1944/2635/939 1989/2645/948 1980/2636/940 
f 2093/2756/1025 2085/2748/1020 1979/2634/938 
f 2094/2757/968 2089/2752/1023 2015/2673/968 
f 2089/2752/1023 2094/2757/968 2090/2753/968 
f 1959/2688/981 2016/2674/969 2028/2689/982 
f 2095/2758/1026 2091/2754/1024 2029/2690/983 
f 1973/2627/931 1956/2759/931 2038/2699/948 
f 1971/2625/929 2039/2701/940 1967/2621/925 
f 1973/2627/931 2039/2701/940 1971/2625/929 
f 2036/2697/968 1939/2760/968 2040/2702/969 
f 1938/2703/981 2068/2731/1009 2041/2704/982 
f 2036/2697/968 2041/2704/982 1985/2641/945 
f 2083/2746/1018 2082/2745/1017 2096/2761/1027 
f 2060/2723/1003 2059/2722/978 2078/2741/1005 
f 2097/2762/1028 2083/2746/1018 2096/2761/1027 
f 2046/2709/992 2098/2763/1029 2047/2710/927 
f 2093/2756/1025 1979/2634/938 1980/2636/940 
f 2095/2758/1026 2029/2690/983 2028/2689/982 
f 2088/2751/923 2087/2750/1022 1940/2633/937 
f 2088/2751/923 1944/2635/939 1979/2634/938 
f 1962/2764/937 1966/2620/924 1965/2619/923 
f 1983/2639/943 2099/2765/978 2029/2690/983 
f 2099/2765/978 1959/2688/981 2029/2690/983 
f 1971/2625/929 1967/2621/925 1998/2656/923 
f 1967/2621/925 1963/2700/939 1965/2619/923 
f 2006/2664/963 1966/2620/924 1962/2764/937 
f 1966/2620/924 2006/2664/963 1999/2657/956 
f 2007/2665/964 2100/2766/936 1964/2767/1030 
f 2100/2766/936 2007/2665/964 2006/2664/963 
f 2006/2664/963 2008/2666/936 1999/2657/956 
f 2008/2666/936 1974/2628/932 1976/2630/934 
f 2010/2668/966 2009/2667/965 2048/2711/993 
f 2011/2669/923 1981/2637/941 2050/2713/995 
f 1964/2767/1030 1996/2653/927 2101/2768/1031 
f 1974/2628/932 2008/2666/936 2007/2665/964 
f 2025/2684/977 2102/2769/1032 2023/2682/974 
f 1997/2655/955 2101/2768/1031 1996/2653/927 
f 2103/2770/927 1974/2628/932 2101/2768/1031 
f 2101/2768/1031 1974/2628/932 2007/2665/964 
f 1975/2629/933 1974/2628/932 2103/2770/927 
f 1975/2629/933 2103/2770/927 2046/2709/992 
f 1975/2629/933 2048/2711/993 1976/2630/934 
f 2104/2771/1033 2103/2770/927 2102/2769/1032 
f 2098/2763/1029 2105/2772/1027 2083/2746/1018 
f 2006/2664/963 1962/2764/937 2100/2766/936 
f 2048/2711/993 2063/2726/936 2010/2668/966 
f 2010/2668/966 2063/2726/936 2064/2727/1006 
f 2017/2676/970 2045/2708/991 2047/2710/927 
f 2064/2727/1006 2063/2726/936 2019/2678/972 
f 2052/2715/996 2064/2727/1006 2019/2678/972 
f 2071/2734/1011 2064/2727/1006 2074/2737/1014 
f 2045/2708/991 2063/2726/936 2048/2711/993 
f 2054/2717/998 2018/2677/971 2017/2676/970 
f 2106/2773/1034 1969/2623/927 1995/2652/953 
f 2053/2716/997 2107/2774/1035 2106/2773/1034 
f 2047/2710/927 2097/2762/1028 2054/2717/998 
f 2054/2717/998 2097/2762/1028 1970/2624/928 
f 2018/2677/971 2106/2773/1034 2107/2774/1035 
f 2065/2728/1007 2052/2715/996 2051/2714/923 
f 2052/2715/996 2019/2678/972 2107/2774/1035 
f 2086/2749/1021 2108/2775/936 1977/2631/935 
f 2097/2762/1028 2047/2710/927 2098/2763/1029 
f 1970/2624/928 2097/2762/1028 2096/2761/1027 
f 1968/2622/926 1970/2624/928 2096/2761/1027 
f 2055/2718/999 1970/2624/928 1969/2623/927 
f 2082/2745/1017 2003/2661/960 2077/2740/1015 
f 1968/2622/926 2067/2730/974 2030/2691/984 
f 2096/2761/1027 2058/2721/1002 1968/2622/926 
f 2076/2739/978 1986/2642/946 2056/2719/1000 
f 2067/2730/974 2022/2681/975 2030/2691/984 
f 2109/2776/927 1993/2650/951 2110/2777/1036 
f 2030/2691/984 2022/2681/975 2110/2777/1036 
f 1978/2632/936 1994/2651/952 1941/2778/1030 
f 2020/2679/973 2022/2681/975 2067/2730/974 
f 2109/2776/927 2110/2777/1036 1942/2779/954 
f 2057/2720/1001 2020/2679/973 2067/2730/974 
f 2021/2680/974 1942/2779/954 2022/2681/975 
f 2063/2726/936 2045/2708/991 2017/2676/970 
f 2048/2711/993 1975/2629/933 2049/2712/994 
f 2058/2721/1002 2057/2720/1001 2067/2730/974 
f 2027/2687/980 2057/2720/1001 2069/2732/978 
f 2068/2731/1009 1938/2703/981 2026/2685/978 
f 2020/2679/973 2027/2687/980 1937/2686/979 
f 1985/2641/945 2041/2704/982 2068/2731/1009 
f 1985/2641/945 2068/2731/1009 2069/2732/978 
f 2027/2687/980 2068/2731/1009 2026/2685/978 
f 2020/2679/973 1937/2686/979 2021/2680/974 
f 2072/2735/1012 2071/2734/1011 2074/2737/1014 
f 2011/2669/923 2010/2668/966 2071/2734/1011 
f 2013/2671/967 2072/2735/1012 2074/2737/1014 
f 2070/2733/1010 2072/2735/1012 2012/2670/940 
f 2101/2768/1031 2007/2665/964 1964/2767/1030 
f 2103/2770/927 2101/2768/1031 1997/2655/955 
f 2081/2744/1016 2065/2728/1007 2051/2714/923 
f 2064/2727/1006 2065/2728/1007 2074/2737/1014 
f 1993/2650/951 2109/2776/927 1941/2778/1030 
f 2081/2744/1016 2051/2714/923 2085/2748/1020 
f 2073/2736/1013 2065/2728/1007 2081/2744/1016 
f 2085/2748/1020 1991/2648/949 2081/2744/1016 
f 1992/2649/950 1991/2648/949 2093/2756/1025 
f 1980/2636/940 1992/2649/950 2093/2756/1025 
f 2042/2705/989 1990/2647/931 2043/2706/931 
f 1990/2647/931 2073/2736/1013 1991/2648/949 
f 1992/2649/950 2092/2755/931 1990/2647/931 
f 2060/2723/1003 2066/2729/1008 2061/2724/1004 
f 2025/2684/977 2061/2724/1004 2105/2772/1027 
f 2023/2682/974 1984/2640/944 2024/2683/976 
f 2104/2771/1033 2105/2772/1027 2046/2709/992 
f 2102/2769/1032 1997/2655/955 2034/2695/986 
f 2104/2771/1033 2102/2769/1032 2025/2684/977 
f 2103/2770/927 1997/2655/955 2102/2769/1032 
f 2105/2772/1027 2104/2771/1033 2025/2684/977 
f 2046/2709/992 2103/2770/927 2104/2771/1033 
f 2024/2683/976 2061/2724/1004 2025/2684/977 
f 2091/2754/1024 2024/2683/976 2037/2698/988 
f 2034/2695/986 1961/2654/954 2111/2780/974 
f 1983/2639/943 2037/2698/988 1984/2640/944 
f 2034/2695/986 1997/2655/955 1961/2654/954 
f 1982/2638/942 1960/2781/979 1983/2639/943 
f 2034/2695/986 2023/2682/974 2102/2769/1032 
f 2023/2682/974 1982/2638/942 1984/2640/944 
f 2099/2765/978 1983/2639/943 1960/2781/979 
f 2034/2695/986 2111/2780/974 1982/2638/942 
f 1960/2781/979 1982/2638/942 2111/2780/974 
f 2029/2690/983 2091/2754/1024 2037/2698/988 
f 2001/2659/958 2091/2754/1024 2095/2758/1026 
f 2108/2775/936 1994/2651/952 1977/2631/935 
f 1940/2633/937 2087/2750/1022 1977/2631/935 
f 2086/2749/1021 1977/2631/935 2087/2750/1022 
f 1995/2652/953 1994/2651/952 2108/2775/936 
f 1993/2650/951 1941/2778/1030 1994/2651/952 
f 2106/2773/1034 1995/2652/953 2108/2775/936 
f 1969/2623/927 1993/2650/951 1995/2652/953 
f 2053/2716/997 2106/2773/1034 2108/2775/936 
f 2106/2773/1034 2018/2677/971 2055/2718/999 
f 2052/2715/996 2107/2774/1035 2053/2716/997 
f 2019/2678/972 2018/2677/971 2107/2774/1035 
f 2084/2747/1019 2086/2749/1021 2087/2750/1022 
f 2053/2716/997 2108/2775/936 2086/2749/1021 
f 2085/2748/1020 2084/2747/1019 2087/2750/1022 
f 2053/2716/997 2084/2747/1019 2051/2714/923 
f 1979/2634/938 2085/2748/1020 2087/2750/1022 
f 2093/2756/1025 1991/2648/949 2085/2748/1020 
f 2050/2713/995 1981/2637/941 1998/2656/923 
f 1981/2637/941 2011/2669/923 2070/2733/1010 
f 1999/2657/956 2050/2713/995 1998/2656/923 
f 2011/2669/923 2050/2713/995 2009/2667/965 
f 2014/2672/931 1972/2626/930 2012/2670/940 
f 1973/2627/931 1972/2626/930 2079/2742/931 
f 2056/2719/1000 1986/2642/946 2069/2732/978 
f 1987/2643/947 1986/2642/946 2076/2739/978 
f 2031/2692/968 2035/2696/987 2075/2738/982 
f 2036/2697/968 2035/2696/987 2080/2743/968 
f 2003/2661/960 2005/2663/962 2076/2739/978 
f 2032/2693/985 2005/2663/962 2062/2725/1005 
f 2077/2740/1015 2076/2739/978 2058/2721/1002 
f 2003/2661/960 2082/2745/1017 2004/2662/961 
f 2058/2721/1002 2096/2761/1027 2077/2740/1015 
f 2096/2761/1027 2082/2745/1017 2077/2740/1015 
f 2066/2729/1008 2004/2662/961 2082/2745/1017 
f 2060/2723/1003 2062/2725/1005 2004/2662/961 
f 2074/2737/1014 2042/2705/989 2013/2671/967 
f 1990/2647/931 2042/2705/989 2073/2736/1013 
f 2062/2725/1005 2044/2707/990 2032/2693/985 
f 2002/2660/959 2090/2753/968 2000/2658/957 
f 2060/2723/1003 2078/2741/1005 2062/2725/1005 
f 2001/2659/958 2078/2741/1005 2059/2722/978 
f 2091/2754/1024 2001/2659/958 2059/2722/978 
f 2002/2660/959 2001/2659/958 2095/2758/1026 
f 2089/2752/1023 2002/2660/959 2095/2758/1026 
f 2044/2707/990 2000/2658/957 2090/2753/968 
f 2095/2758/1026 2028/2689/982 2089/2752/1023 
f 2044/2707/990 2090/2753/968 2033/2694/968 
f 2015/2673/968 2089/2752/1023 2028/2689/982 
f 2048/2711/993 2009/2667/965 1976/2630/934 
f 2008/2666/936 1976/2630/934 2009/2667/965 
f 2105/2772/1027 2098/2763/1029 2046/2709/992 
f 2097/2762/1028 2098/2763/1029 2083/2746/1018 
f 1970/2624/928 2055/2718/999 2054/2717/998 
f 2106/2773/1034 2055/2718/999 1969/2623/927 
f 1975/2629/933 2046/2709/992 2049/2712/994 
f 2046/2709/992 2045/2708/991 2049/2712/994 
f 2070/2733/1010 2012/2670/940 1972/2626/930 
f 2071/2734/1011 2070/2733/1010 2011/2669/923 
f 2110/2777/1036 2022/2681/975 1942/2779/954 
f 1993/2650/951 2030/2691/984 2110/2777/1036 
f 2083/2746/1018 2105/2772/1027 2066/2729/1008 
f 2061/2724/1004 2066/2729/1008 2105/2772/1027 
f 2057/2720/1001 2056/2719/1000 2069/2732/978 
f 2076/2739/978 2056/2719/1000 2058/2721/1002 
f 2005/2663/962 1987/2643/947 2076/2739/978 
f 2035/2696/987 1987/2643/947 2075/2738/982 
f 2112/2782/1037 2113/2783/1038 2114/2784/1039 
f 2115/2785/1040 2116/2786/1041 2117/2787/1042 
f 2118/2788/1043 2119/2789/1044 2120/2790/968 
f 2121/2791/1045 2122/2792/1046 2123/2793/1047 
f 2124/2794/1048 2125/2795/1049 1945/2796/1050 
f 2126/2797/1051 1950/2798/1052 2127/2799/1053 
f 2128/2800/1039 2112/2782/1037 2129/2801/1054 
f 2130/2802/1055 2131/2803/1056 2121/2791/1045 
f 2119/2789/1044 2118/2788/1043 2132/2804/1057 
f 2133/2805/968 2134/2806/1058 2135/2807/1059 
f 2136/2808/968 2127/2799/1053 2137/2809/1060 
f 2138/2810/1061 2139/2811/1062 2140/2812/1063 
f 2141/2813/1064 1951/2814/1065 2142/2815/1066 
f 2143/2816/1067 2144/2817/1064 2145/2818/1068 
f 2146/2819/1069 2147/2820/1070 2148/2821/1071 
f 2149/2822/1072 2121/2791/1045 2131/2803/1056 
f 2150/2823/1073 2151/2824/1074 2152/2825/1049 
f 2153/2826/1053 2154/2827/1075 2155/2828/968 
f 2156/2829/1076 2157/2830/1077 2158/2831/1078 
f 2159/2832/931 2160/2833/1079 1956/2834/931 
f 2161/2835/1080 2162/2836/1081 2163/2837/1082 
f 2164/2838/1083 2165/2839/1045 2166/2840/1084 
f 2167/2841/1085 2144/2817/1064 2143/2816/1067 
f 2168/2842/1086 1949/2843/1087 2169/2844/1088 
f 2170/2845/1089 2171/2846/1090 1957/2847/1091 
f 2172/2848/1092 2173/2849/931 2161/2835/1080 
f 2174/2850/1093 2175/2851/1094 2176/2852/1039 
f 2138/2810/1061 2144/2817/1064 2167/2841/1085 
f 2177/2853/1095 2178/2854/1096 2179/2855/1097 
f 2180/2856/931 2181/2857/1098 2182/2858/931 
f 2122/2792/1046 2183/2859/1099 2184/2860/1100 
f 2185/2861/1060 1958/2862/1052 2186/2863/1053 
f 2187/2864/1079 1948/2865/1091 2188/2866/1089 
f 2189/2867/1101 2190/2868/968 2154/2827/1075 
f 2191/2869/1102 2182/2858/931 2181/2857/1098 
f 2192/2870/1103 2193/2871/1104 2194/2872/1064 
f 2195/2873/1105 2196/2874/1106 2192/2870/1103 
f 2197/2875/1107 2129/2801/1054 2174/2850/1093 
f 2125/2795/1049 2124/2794/1048 2139/2811/1062 
f 2198/2876/1039 2199/2877/1108 2200/2878/1109 
f 2116/2786/1041 2201/2879/1110 2202/2880/1111 
f 2203/2881/1112 2204/2882/1113 2205/2883/1114 
f 2206/2884/1086 2207/2885/1115 2208/2886/1116 
f 2157/2830/1077 2209/2887/1117 2158/2831/1078 
f 2210/2888/1049 2115/2785/1040 2117/2787/1042 
f 2152/2825/1049 2174/2850/1093 2129/2801/1054 
f 2115/2785/1040 2194/2872/1064 2201/2879/1110 
f 2211/2889/1118 2199/2877/1108 2212/2890/1119 
f 2207/2885/1115 2157/2830/1077 2213/2891/1120 
f 2214/2892/1045 2143/2816/1067 2205/2883/1114 
f 2113/2783/1038 2112/2782/1037 2128/2800/1039 
f 2113/2783/1038 2186/2863/1053 1958/2862/1052 
f 2164/2838/1083 2204/2882/1113 2169/2844/1088 
f 2215/2893/1121 2169/2844/1088 2216/2894/1086 
f 2132/2804/1057 2217/2895/1122 2119/2789/1044 
f 2185/2861/1060 2186/2863/1053 2120/2790/968 
f 2132/2804/1057 2118/2788/1043 2128/2800/1039 
f 2218/2896/1123 2219/2897/1124 2217/2895/1122 
f 2153/2826/1053 2219/2897/1124 2154/2827/1075 
f 2218/2896/1123 2175/2851/1094 2211/2889/1118 
f 2212/2890/1119 2220/2898/1125 2221/2899/1126 
f 2163/2837/1082 2172/2848/1092 2161/2835/1080 
f 2187/2864/1079 2188/2866/1089 2173/2849/931 
f 2162/2836/1081 2161/2835/1080 2216/2894/1086 
f 2222/2900/1089 2163/2837/1082 2158/2831/1078 
f 2222/2900/1089 2158/2831/1078 2181/2857/1098 
f 2223/2901/1086 2224/2902/1127 2156/2829/1076 
f 2209/2887/1117 2225/2903/1117 2146/2819/1069 
f 2155/2828/968 2154/2827/1075 2190/2868/968 
f 2226/2904/968 2119/2789/1044 2155/2828/968 
f 2227/2905/931 2172/2848/1092 2180/2856/931 
f 2189/2867/1101 2221/2899/1126 2220/2898/1125 
f 2220/2898/1125 2228/2906/1128 2134/2806/1058 
f 2213/2891/1120 2229/2907/1129 2230/2908/1130 
f 2198/2876/1039 2231/2909/1131 2232/2910/1132 
f 2137/2809/1060 2127/2799/1053 1950/2798/1052 
f 2200/2878/1109 2233/2911/1133 2231/2909/1131 
f 2234/2912/1134 2235/2913/1039 2126/2797/1051 
f 2222/2900/1089 2181/2857/1098 2180/2856/931 
f 2191/2869/1102 2209/2887/1117 2146/2819/1069 
f 2146/2819/1069 2225/2903/1117 2147/2820/1070 
f 2236/2914/1135 2237/2915/931 2148/2821/1071 
f 2238/2916/1136 2206/2884/1086 2122/2792/1046 
f 2159/2832/931 2170/2845/1089 2160/2833/1079 
f 2122/2792/1046 2206/2884/1086 2208/2886/1116 
f 2239/2917/1137 2171/2846/1090 2184/2860/1100 
f 2240/2918/968 2135/2807/1059 2136/2808/968 
f 2127/2799/1053 2136/2808/968 2135/2807/1059 
f 2137/2809/1060 1939/2760/968 2136/2808/968 
f 2241/2919/1138 2232/2910/1132 2126/2797/1051 
f 2242/2920/931 2236/2914/1135 2159/2832/931 
f 2236/2914/1135 2242/2920/931 2237/2915/931 
f 1957/2847/1091 2160/2833/1079 2170/2845/1089 
f 2243/2921/1139 2238/2916/1136 2171/2846/1090 
f 2120/2790/968 1954/2675/968 2185/2861/1060 
f 2118/2788/1043 2186/2863/1053 2113/2783/1038 
f 2120/2790/968 2186/2863/1053 2118/2788/1043 
f 2173/2849/931 1943/2922/931 2187/2864/1079 
f 2215/2893/1121 2188/2866/1089 1948/2865/1091 
f 2173/2849/931 2188/2866/1089 2161/2835/1080 
f 2230/2908/1130 2229/2907/1129 2244/2923/1140 
f 2207/2885/1115 2206/2884/1086 2225/2903/1117 
f 2245/2924/1141 2230/2908/1130 2244/2923/1140 
f 2193/2871/1104 2246/2925/1142 2194/2872/1064 
f 2241/2919/1138 2126/2797/1051 2127/2799/1053 
f 2243/2921/1139 2171/2846/1090 2170/2845/1089 
f 2235/2913/1039 2234/2912/1134 1945/2796/1050 
f 2235/2913/1039 1950/2798/1052 2126/2797/1051 
f 1953/2926/1050 2112/2782/1037 2114/2784/1039 
f 2239/2917/1137 2247/2927/1086 2171/2846/1090 
f 2247/2927/1086 1957/2847/1091 2171/2846/1090 
f 2118/2788/1043 2113/2783/1038 2128/2800/1039 
f 2113/2783/1038 1958/2862/1052 2114/2784/1039 
f 2150/2823/1073 2112/2782/1037 1953/2926/1050 
f 2112/2782/1037 2150/2823/1073 2129/2801/1054 
f 2151/2824/1074 2248/2928/1049 1952/2929/1143 
f 2248/2928/1049 2151/2824/1074 2150/2823/1073 
f 2150/2823/1073 2152/2825/1049 2129/2801/1054 
f 2152/2825/1049 2177/2853/1095 2179/2855/1097 
f 2175/2851/1094 2174/2850/1093 2195/2873/1105 
f 2176/2852/1039 2132/2804/1057 2197/2875/1107 
f 1952/2929/1143 2141/2813/1064 2249/2930/1144 
f 2177/2853/1095 2152/2825/1049 2151/2824/1074 
f 2123/2793/1047 2130/2802/1055 2121/2791/1045 
f 2142/2815/1066 2249/2930/1144 2141/2813/1064 
f 2250/2931/1064 2177/2853/1095 2249/2930/1144 
f 2249/2930/1144 2177/2853/1095 2151/2824/1074 
f 2178/2854/1096 2177/2853/1095 2250/2931/1064 
f 2178/2854/1096 2250/2931/1064 2193/2871/1104 
f 2178/2854/1096 2195/2873/1105 2179/2855/1097 
f 2251/2932/1145 2250/2931/1064 2130/2802/1055 
f 2246/2925/1142 2252/2933/1140 2230/2908/1130 
f 2150/2823/1073 1953/2926/1050 2248/2928/1049 
f 2195/2873/1105 2210/2888/1049 2175/2851/1094 
f 2175/2851/1094 2210/2888/1049 2211/2889/1118 
f 2115/2785/1040 2192/2870/1103 2194/2872/1064 
f 2211/2889/1118 2210/2888/1049 2117/2787/1042 
f 2199/2877/1108 2211/2889/1118 2117/2787/1042 
f 2218/2896/1123 2211/2889/1118 2221/2899/1126 
f 2192/2870/1103 2210/2888/1049 2195/2873/1105 
f 2201/2879/1110 2116/2786/1041 2115/2785/1040 
f 2253/2934/1146 2144/2817/1064 2140/2812/1063 
f 2200/2878/1109 2254/2935/1147 2253/2934/1146 
f 2194/2872/1064 2245/2924/1141 2201/2879/1110 
f 2201/2879/1110 2245/2924/1141 2145/2818/1068 
f 2116/2786/1041 2253/2934/1146 2254/2935/1147 
f 2212/2890/1119 2199/2877/1108 2198/2876/1039 
f 2199/2877/1108 2117/2787/1042 2254/2935/1147 
f 2233/2911/1133 2255/2936/1049 2124/2794/1048 
f 2245/2924/1141 2194/2872/1064 2246/2925/1142 
f 2145/2818/1068 2245/2924/1141 2244/2923/1140 
f 2143/2816/1067 2145/2818/1068 2244/2923/1140 
f 2202/2880/1111 2145/2818/1068 2144/2817/1064 
f 2229/2907/1129 2156/2829/1076 2224/2902/1127 
f 2143/2816/1067 2214/2892/1045 2167/2841/1085 
f 2244/2923/1140 2205/2883/1114 2143/2816/1067 
f 2223/2901/1086 2162/2836/1081 2203/2881/1112 
f 2214/2892/1045 2166/2840/1084 2167/2841/1085 
f 2256/2937/1064 2138/2810/1061 2257/2938/1148 
f 2167/2841/1085 2166/2840/1084 2257/2938/1148 
f 2125/2795/1049 2139/2811/1062 1947/2939/1143 
f 2164/2838/1083 2166/2840/1084 2214/2892/1045 
f 2256/2937/1064 2257/2938/1148 1946/2940/1065 
f 2204/2882/1113 2164/2838/1083 2214/2892/1045 
f 2165/2839/1045 1946/2940/1065 2166/2840/1084 
f 2210/2888/1049 2192/2870/1103 2115/2785/1040 
f 2195/2873/1105 2178/2854/1096 2196/2874/1106 
f 2205/2883/1114 2204/2882/1113 2214/2892/1045 
f 2169/2844/1088 2204/2882/1113 2216/2894/1086 
f 2215/2893/1121 1948/2865/1091 2168/2842/1086 
f 2164/2838/1083 2169/2844/1088 1949/2843/1087 
f 2161/2835/1080 2188/2866/1089 2215/2893/1121 
f 2169/2844/1088 2215/2893/1121 2168/2842/1086 
f 2215/2893/1121 2216/2894/1086 2161/2835/1080 
f 2164/2838/1083 1949/2843/1087 2165/2839/1045 
f 2219/2897/1124 2218/2896/1123 2221/2899/1126 
f 2176/2852/1039 2175/2851/1094 2218/2896/1123 
f 2154/2827/1075 2219/2897/1124 2221/2899/1126 
f 2217/2895/1122 2219/2897/1124 2153/2826/1053 
f 2249/2930/1144 2151/2824/1074 1952/2929/1143 
f 2250/2931/1064 2249/2930/1144 2142/2815/1066 
f 2228/2906/1128 2212/2890/1119 2198/2876/1039 
f 2211/2889/1118 2212/2890/1119 2221/2899/1126 
f 2138/2810/1061 2256/2937/1064 1947/2939/1143 
f 2228/2906/1128 2198/2876/1039 2232/2910/1132 
f 2220/2898/1125 2212/2890/1119 2228/2906/1128 
f 2232/2910/1132 2134/2806/1058 2228/2906/1128 
f 2135/2807/1059 2134/2806/1058 2241/2919/1138 
f 2127/2799/1053 2135/2807/1059 2241/2919/1138 
f 2189/2867/1101 2133/2805/968 2190/2868/968 
f 2133/2805/968 2220/2898/1125 2134/2806/1058 
f 2135/2807/1059 2240/2918/968 2133/2805/968 
f 2207/2885/1115 2213/2891/1120 2208/2886/1116 
f 2123/2793/1047 2208/2886/1116 2252/2933/1140 
f 2121/2791/1045 2183/2859/1099 2122/2792/1046 
f 2251/2932/1145 2252/2933/1140 2193/2871/1104 
f 2130/2802/1055 2142/2815/1066 2131/2803/1056 
f 2251/2932/1145 2130/2802/1055 2123/2793/1047 
f 2250/2931/1064 2142/2815/1066 2130/2802/1055 
f 2252/2933/1140 2251/2932/1145 2123/2793/1047 
f 2193/2871/1104 2250/2931/1064 2251/2932/1145 
f 2122/2792/1046 2208/2886/1116 2123/2793/1047 
f 2238/2916/1136 2122/2792/1046 2184/2860/1100 
f 2183/2859/1099 2149/2822/1072 2239/2917/1137 
f 2239/2917/1137 2184/2860/1100 2183/2859/1099 
f 2258/2941/1045 2131/2803/1056 1951/2814/1065 
f 2149/2822/1072 1955/2942/1087 2239/2917/1137 
f 2142/2815/1066 1951/2814/1065 2131/2803/1056 
f 2121/2791/1045 2149/2822/1072 2183/2859/1099 
f 2247/2927/1086 2239/2917/1137 1955/2942/1087 
f 2131/2803/1056 2258/2941/1045 2149/2822/1072 
f 1955/2942/1087 2149/2822/1072 2258/2941/1045 
f 2171/2846/1090 2238/2916/1136 2184/2860/1100 
f 2147/2820/1070 2238/2916/1136 2243/2921/1139 
f 2255/2936/1049 2139/2811/1062 2124/2794/1048 
f 1945/2796/1050 2234/2912/1134 2124/2794/1048 
f 2233/2911/1133 2124/2794/1048 2234/2912/1134 
f 2140/2812/1063 2139/2811/1062 2255/2936/1049 
f 2138/2810/1061 1947/2939/1143 2139/2811/1062 
f 2253/2934/1146 2140/2812/1063 2255/2936/1049 
f 2144/2817/1064 2138/2810/1061 2140/2812/1063 
f 2200/2878/1109 2253/2934/1146 2255/2936/1049 
f 2253/2934/1146 2116/2786/1041 2202/2880/1111 
f 2199/2877/1108 2254/2935/1147 2200/2878/1109 
f 2117/2787/1042 2116/2786/1041 2254/2935/1147 
f 2231/2909/1131 2233/2911/1133 2234/2912/1134 
f 2200/2878/1109 2255/2936/1049 2233/2911/1133 
f 2232/2910/1132 2231/2909/1131 2234/2912/1134 
f 2200/2878/1109 2231/2909/1131 2198/2876/1039 
f 2126/2797/1051 2232/2910/1132 2234/2912/1134 
f 2241/2919/1138 2134/2806/1058 2232/2910/1132 
f 2197/2875/1107 2132/2804/1057 2128/2800/1039 
f 2132/2804/1057 2176/2852/1039 2217/2895/1122 
f 2129/2801/1054 2197/2875/1107 2128/2800/1039 
f 2176/2852/1039 2197/2875/1107 2174/2850/1093 
f 2155/2828/968 2119/2789/1044 2153/2826/1053 
f 2120/2790/968 2119/2789/1044 2226/2904/968 
f 2203/2881/1112 2162/2836/1081 2216/2894/1086 
f 2163/2837/1082 2162/2836/1081 2223/2901/1086 
f 2180/2856/931 2172/2848/1092 2222/2900/1089 
f 2173/2849/931 2172/2848/1092 2227/2905/931 
f 2156/2829/1076 2158/2831/1078 2223/2901/1086 
f 2181/2857/1098 2158/2831/1078 2209/2887/1117 
f 2224/2902/1127 2223/2901/1086 2205/2883/1114 
f 2156/2829/1076 2229/2907/1129 2157/2830/1077 
f 2205/2883/1114 2244/2923/1140 2224/2902/1127 
f 2244/2923/1140 2229/2907/1129 2224/2902/1127 
f 2213/2891/1120 2157/2830/1077 2229/2907/1129 
f 2207/2885/1115 2209/2887/1117 2157/2830/1077 
f 2221/2899/1126 2189/2867/1101 2154/2827/1075 
f 2133/2805/968 2189/2867/1101 2220/2898/1125 
f 2209/2887/1117 2191/2869/1102 2181/2857/1098 
f 2148/2821/1071 2237/2915/931 2146/2819/1069 
f 2207/2885/1115 2225/2903/1117 2209/2887/1117 
f 2147/2820/1070 2225/2903/1117 2206/2884/1086 
f 2238/2916/1136 2147/2820/1070 2206/2884/1086 
f 2148/2821/1071 2147/2820/1070 2243/2921/1139 
f 2236/2914/1135 2148/2821/1071 2243/2921/1139 
f 2191/2869/1102 2146/2819/1069 2237/2915/931 
f 2243/2921/1139 2170/2845/1089 2236/2914/1135 
f 2191/2869/1102 2237/2915/931 2182/2858/931 
f 2159/2832/931 2236/2914/1135 2170/2845/1089 
f 2195/2873/1105 2174/2850/1093 2179/2855/1097 
f 2152/2825/1049 2179/2855/1097 2174/2850/1093 
f 2252/2933/1140 2246/2925/1142 2193/2871/1104 
f 2245/2924/1141 2246/2925/1142 2230/2908/1130 
f 2145/2818/1068 2202/2880/1111 2201/2879/1110 
f 2253/2934/1146 2202/2880/1111 2144/2817/1064 
f 2178/2854/1096 2193/2871/1104 2196/2874/1106 
f 2193/2871/1104 2192/2870/1103 2196/2874/1106 
f 2217/2895/1122 2153/2826/1053 2119/2789/1044 
f 2218/2896/1123 2217/2895/1122 2176/2852/1039 
f 2257/2938/1148 2166/2840/1084 1946/2940/1065 
f 2138/2810/1061 2167/2841/1085 2257/2938/1148 
f 2230/2908/1130 2252/2933/1140 2213/2891/1120 
f 2208/2886/1116 2213/2891/1120 2252/2933/1140 
f 2204/2882/1113 2203/2881/1112 2216/2894/1086 
f 2223/2901/1086 2203/2881/1112 2205/2883/1114 
f 2158/2831/1078 2163/2837/1082 2223/2901/1086 
f 2172/2848/1092 2163/2837/1082 2222/2900/1089 
# 584 faces

#
# object _Extrusion__1781_
#

v  15.8380 77.8134 39.2155
v  15.8380 78.6972 38.5107
v  15.8380 79.7992 38.2592
v  15.8380 77.8134 42.3828
v  15.8380 77.3229 41.3644
v  15.8380 77.3229 40.2340
v  15.8380 79.7992 43.3392
v  15.8380 78.6972 43.0876
v  15.8380 81.7851 39.2155
v  15.8380 82.2756 41.3644
v  15.8380 82.2756 40.2340
v  15.8380 80.9013 43.0876
v  15.8380 81.7851 42.3828
v  15.8380 80.9013 38.5107
v  -109.8920 82.2756 41.3644
v  -109.8920 82.2756 40.2340
v  -109.8920 81.7851 39.2155
v  -109.8920 79.7992 38.2592
v  -109.8920 81.7851 42.3828
v  -109.8920 79.7992 43.3392
v  -109.8920 80.9013 43.0876
v  -109.8920 80.9013 38.5107
v  -109.8920 78.6972 38.5107
v  -109.8920 77.8134 39.2155
v  -109.8920 77.3229 40.2340
v  -109.8920 77.8134 42.3828
v  -109.8920 78.6972 43.0876
v  -109.8920 77.3229 41.3644
v  -109.8920 78.2553 42.7352
v  -99.9628 78.0032 42.5952
v  -99.0942 78.5101 42.9877
v  -17.7806 77.4029 39.9572
v  -14.5209 77.2592 40.7992
v  -26.1318 77.2852 40.4371
v  -83.4956 78.9834 43.2046
v  -74.2738 79.2650 43.2824
v  -92.2944 79.7992 43.3392
v  -86.5282 77.3124 41.3163
v  -73.6623 77.3214 41.3578
v  -73.0459 77.4754 41.8246
v  4.9135 77.6486 42.1505
v  15.8380 77.5681 41.8736
v  4.9980 78.5081 42.9865
v  3.4924 79.0259 43.2186
v  -78.5298 78.4541 42.9538
v  -99.8652 77.6148 39.5031
v  -100.3031 77.9149 39.0959
v  -91.2839 77.7723 39.2684
v  -10.5585 78.9834 38.3938
v  -15.5243 78.4541 38.6446
v  -24.8430 78.6203 38.5493
v  2.0031 79.7992 43.3392
v  15.8380 79.3819 43.2439
v  -25.6666 79.7992 43.3392
v  -19.9651 78.9446 43.1911
v  -13.9215 79.3219 43.2939
v  1.5136 77.2653 40.9744
v  4.4992 77.3894 41.6019
v  -5.6756 77.3282 41.3871
v  -109.8920 77.3229 40.7992
v  -94.7126 77.2752 40.5148
v  -90.0335 78.2156 42.7850
v  -89.9430 77.8156 42.3857
v  -64.5939 79.0146 38.3834
v  -71.9638 78.6590 38.5295
v  -74.6355 79.1109 38.3542
v  -37.4640 78.1236 38.8903
v  -47.3336 78.1024 38.9091
v  -36.9488 78.5512 38.5869
v  -99.3779 77.6287 42.1183
v  -98.1200 77.3771 41.5639
v  -88.0430 77.5108 41.9012
v  -73.9454 77.7158 42.2521
v  -58.9350 77.7771 42.3363
v  -67.0260 78.2156 42.7850
v  -64.5315 79.0251 43.2184
v  -48.3003 79.1654 43.2588
v  -57.0991 79.7992 43.3392
v  -96.0571 79.7992 38.2592
v  -109.8920 79.3819 38.3544
v  -42.4789 77.3335 41.4091
v  -25.6668 77.3339 41.4106
v  -37.1993 77.5455 41.9707
v  5.3020 77.6297 39.4783
v  15.8380 77.5681 39.7248
v  4.1381 77.3791 40.0281
v  -88.0430 77.5108 39.6971
v  -81.5284 77.9136 39.0975
v  -75.8101 77.4517 39.8292
v  15.8380 78.2553 38.8631
v  5.7014 77.9909 39.0155
v  -97.5465 79.0259 38.3798
v  -99.0520 78.5081 38.6118
v  -7.0542 77.3107 40.2904
v  -36.9549 79.7992 38.2592
v  -45.7538 79.1654 38.3396
v  -54.5525 79.7992 38.2592
v  -98.9675 77.4018 39.9603
v  -19.7803 79.2650 38.3160
v  -1.7596 79.7992 38.2592
v  -92.2751 78.1298 38.8849
v  -109.8920 79.3819 43.2439
v  -97.6652 79.0259 43.2186
v  15.8380 79.3819 38.3544
v  3.6111 79.0259 38.3798
v  -38.1567 79.2925 43.2881
v  -39.5015 79.7992 43.3392
v  -55.8974 79.2925 38.3102
v  -54.7570 77.3055 41.2820
v  -63.2801 77.2598 40.7467
v  -47.0270 77.2592 40.7992
v  -63.2801 77.4306 41.7164
v  -64.2976 77.3031 41.2693
v  -79.9851 78.0204 42.6123
v  -21.5888 78.2156 42.7850
v  -31.7096 77.8909 42.4754
v  -17.8330 77.7334 42.2770
v  -34.0536 77.2620 40.9169
v  -24.0970 77.2628 40.9339
v  -13.4301 78.0641 38.9442
v  -4.4069 77.8118 39.2175
v  -18.2165 77.7673 39.2751
v  -72.4653 78.2156 38.8133
v  -58.0959 77.9578 39.0497
v  -70.7837 77.7241 39.3344
v  -49.7467 78.4794 38.6290
v  -50.5118 77.5104 41.9006
v  -45.2994 77.8503 42.4281
v  -33.1451 78.3173 42.8620
v  -52.8307 77.6482 39.4484
v  -6.0110 77.5108 39.6971
v  5.9087 78.4479 38.6485
v  -4.0205 78.2156 38.8133
v  -65.1518 78.5970 43.0367
v  -53.9118 78.1625 42.7415
v  -55.7172 78.6502 43.0644
v  -29.4602 79.0146 43.2150
v  -44.3074 78.4794 42.9693
v  -29.5226 79.0251 38.3800
v  -27.0280 78.2156 38.8133
v  -30.4822 77.7852 39.2514
v  -62.0519 78.4790 38.6292
v  -74.6967 79.7992 43.3392
v  -19.3573 79.7992 38.2592
v  -25.5719 78.5949 43.0355
v  -42.7386 77.8085 39.2216
v  -47.0270 77.4287 39.8870
v  -12.1227 78.0330 42.6246
v  -9.2330 78.4224 42.9336
v  -4.6590 77.7836 42.3448
v  -1.7789 78.1298 42.7135
v  15.8380 78.2553 42.7352
v  -83.0621 79.3320 38.3025
v  -68.3874 79.7992 38.2592
v  -82.7193 78.2894 38.7566
v  -11.8318 79.7992 43.3392
v  -10.4552 78.8797 43.1669
v  -82.2223 79.7992 38.2592
v  -83.5989 78.8797 38.4315
v  -30.7740 77.4306 39.8820
v  -38.5957 77.3001 40.3451
v  -54.5630 77.3020 40.3353
v  -109.8920 78.2553 38.8631
v  -109.8920 77.5681 41.8736
v  -95.9912 77.2714 41.0480
v  -84.3229 77.3252 40.2242
v  -79.5331 77.2592 40.7992
v  -73.4111 77.3006 40.3424
v  -63.2801 77.4306 39.8820
v  -15.5474 77.4009 41.6356
v  -24.6522 77.5171 41.9142
v  -6.0110 77.5108 41.9012
v  15.8380 77.3229 40.7992
v  1.9447 77.2781 40.4901
v  -109.8920 77.5681 39.7248
v  -99.9628 81.5953 39.0031
v  -99.0942 81.0884 38.6106
v  -109.8920 81.3432 38.8631
v  -42.4789 82.2649 40.1893
v  -25.6668 82.2645 40.1878
v  -37.1993 82.0529 39.6277
v  -83.4956 80.6151 38.3938
v  -74.2738 80.3334 38.3160
v  -92.2944 79.7992 38.2592
v  -88.0430 82.0877 41.9012
v  -81.5284 81.6849 42.5009
v  -75.8101 82.1467 41.7692
v  4.9135 81.9499 39.4478
v  15.8380 82.0303 39.7248
v  4.9980 81.0904 38.6118
v  3.4924 80.5726 38.3798
v  -90.0335 81.3829 38.8133
v  -89.9430 81.7828 39.2127
v  -84.3229 82.2733 41.3742
v  -98.9675 82.1967 41.6381
v  -78.5298 81.1444 38.6446
v  -25.6666 79.7992 38.2592
v  -19.9651 80.6539 38.4073
v  -13.9215 80.2766 38.3044
v  2.0031 79.7992 38.2592
v  15.8380 80.2165 38.3544
v  1.5136 82.3332 40.6239
v  4.4992 82.2091 39.9964
v  -5.6756 82.2703 40.2112
v  -109.8920 82.2756 40.7992
v  -94.7126 82.3233 41.0836
v  -17.7806 82.1956 41.6412
v  -14.5209 82.3392 40.7992
v  -26.1318 82.3133 41.1613
v  -64.5939 80.5838 43.2150
v  -71.9638 80.9395 43.0689
v  -74.6355 80.4876 43.2441
v  -99.8652 81.9837 42.0953
v  -99.3779 81.9698 39.4800
v  -98.1200 82.2214 40.0345
v  -88.0430 82.0877 39.6971
v  -64.5315 80.5733 38.3800
v  -48.3003 80.4331 38.3396
v  -57.0991 79.7992 38.2592
v  -37.4640 81.4749 42.7081
v  -47.3336 81.4961 42.6892
v  -36.9488 81.0473 43.0114
v  -96.0571 79.7992 43.3392
v  -109.8920 80.2165 43.2439
v  -10.5585 80.6151 43.2046
v  -15.5243 81.1444 42.9538
v  -24.8430 80.9781 43.0490
v  5.3020 81.9688 42.1201
v  15.8380 82.0303 41.8736
v  4.1381 82.2194 41.5703
v  -7.0542 82.2878 41.3080
v  15.8380 81.3432 42.7352
v  5.7014 81.6075 42.5829
v  -97.5465 80.5726 43.2186
v  -99.0520 81.0904 42.9865
v  -19.7803 80.3334 43.2824
v  -1.7596 79.7992 43.3392
v  -73.9454 81.8827 39.3463
v  -58.9350 81.8213 39.2621
v  -67.0260 81.3829 38.8133
v  -86.5282 82.2860 40.2821
v  -73.6623 82.2770 40.2406
v  -73.0459 82.1231 39.7738
v  -36.9549 79.7992 43.3392
v  -45.7538 80.4331 43.2588
v  -54.5526 79.7992 43.3392
v  -91.2839 81.8262 42.3299
v  -92.2751 81.4687 42.7135
v  -109.8920 80.2165 38.3544
v  -97.6652 80.5726 38.3798
v  15.8380 80.2165 43.2439
v  3.6111 80.5726 43.2186
v  -38.1567 80.3060 38.3102
v  -39.5015 79.7992 38.2592
v  -55.8974 80.3060 43.2881
v  -54.7570 82.2929 40.3164
v  -63.2801 82.3387 40.8517
v  -47.0270 82.3392 40.7992
v  -63.2801 82.1678 39.8820
v  -64.2976 82.2953 40.3290
v  -79.9851 81.5781 38.9861
v  -21.5888 81.3829 38.8133
v  -31.7096 81.7076 39.1230
v  -17.8330 81.8650 39.3213
v  -34.0536 82.3365 40.6814
v  -24.0970 82.3357 40.6644
v  -13.4301 81.5344 42.6541
v  -4.4069 81.7867 42.3808
v  -18.2165 81.8312 42.3233
v  -72.4653 81.3829 42.7850
v  -58.0959 81.6407 42.5486
v  -70.7837 81.8744 42.2639
v  -49.7467 81.1191 42.9693
v  -50.5118 82.0880 39.6978
v  -45.2994 81.7481 39.1703
v  -33.1451 81.2812 38.7363
v  -52.8307 81.9503 42.1500
v  -6.0110 82.0877 41.9012
v  5.9087 81.1506 42.9499
v  -4.0205 81.3829 42.7850
v  -65.1518 81.0015 38.5617
v  -53.9118 81.4360 38.8569
v  -55.7172 80.9482 38.5339
v  -29.4602 80.5838 38.3834
v  -44.3074 81.1191 38.6290
v  -29.5226 80.5733 43.2184
v  -27.0280 81.3829 42.7850
v  -30.4822 81.8132 42.3469
v  -62.0519 81.1194 42.9691
v  -74.6968 79.7992 38.2592
v  -19.3573 79.7992 43.3392
v  -25.5719 81.0036 38.5629
v  -42.7386 81.7899 42.3768
v  -47.0270 82.1698 41.7114
v  -12.1227 81.5655 38.9738
v  -9.2330 81.1761 38.6647
v  -4.6590 81.8148 39.2536
v  -1.7789 81.4687 38.8849
v  15.8380 81.3432 38.8631
v  -83.0621 80.2665 43.2958
v  -68.3874 79.7992 43.3392
v  -82.7193 81.3090 42.8418
v  -100.3031 81.6835 42.5024
v  -11.8318 79.7992 38.2592
v  -10.4552 80.7187 38.4315
v  -82.2223 79.7992 43.3392
v  -83.5989 80.7187 43.1669
v  -30.7740 82.1678 41.7164
v  -38.5957 82.2983 41.2532
v  -54.5630 82.2965 41.2631
v  -109.8920 81.3432 42.7352
v  -109.8920 82.0303 39.7248
v  -95.9912 82.3270 40.5504
v  -79.5331 82.3392 40.7992
v  -73.4111 82.2978 41.2560
v  -63.2801 82.1678 41.7164
v  -15.5474 82.1976 39.9628
v  -24.6522 82.0814 39.6841
v  -6.0110 82.0877 39.6971
v  15.8380 82.2756 40.7992
v  1.9447 82.3204 41.1082
v  -109.8920 82.0303 41.8736
# 322 vertices

vn 1.0000 0.0000 -0.0000
vn -1.0000 0.0000 -0.0000
vn 0.0000 -0.6235 0.7818
vn 0.0000 -0.7071 0.7071
vn 0.0000 -0.5075 0.8616
vn 0.0000 -0.9435 -0.3315
vn 0.0000 -1.0000 -0.0000
vn 0.0000 -0.9898 -0.1426
vn 0.0000 -0.3212 0.9470
vn 0.0000 -0.2103 0.9776
vn 0.0000 0.0000 1.0000
vn 0.0000 -0.9791 0.2036
vn 0.0000 -0.9755 0.2199
vn 0.0000 -0.9149 0.4037
vn 0.0000 -0.8467 0.5320
vn 0.0000 -0.9010 0.4339
vn 0.0000 -0.7818 0.6235
vn 0.0000 -0.5083 0.8612
vn 0.0000 -0.4339 0.9010
vn 0.0000 -0.3048 0.9524
vn 0.0000 -0.5296 0.8483
vn 0.0000 -0.8600 -0.5103
vn 0.0000 -0.7418 -0.6706
vn 0.0000 -0.7980 -0.6027
vn 0.0000 -0.3212 -0.9470
vn 0.0000 -0.5296 -0.8483
vn 0.0000 -0.4641 -0.8858
vn 0.0000 -0.1691 0.9856
vn 0.0000 -0.3365 0.9417
vn 0.0000 -0.1879 0.9822
vn 0.0000 -0.9976 0.0690
vn 0.0000 -0.9487 0.3160
vn 0.0000 -0.9728 0.2315
vn 0.0000 -0.9749 -0.2225
vn 0.0000 -0.9937 -0.1120
vn 0.0000 -0.7809 0.6246
vn 0.0000 -0.3089 -0.9511
vn 0.0000 -0.4489 -0.8936
vn 0.0000 -0.2710 -0.9626
vn 0.0000 -0.6597 -0.7515
vn 0.0000 -0.6680 -0.7441
vn 0.0000 -0.4914 -0.8710
vn 0.0000 -0.8546 0.5194
vn 0.0000 -0.9536 0.3011
vn 0.0000 -0.8203 0.5720
vn 0.0000 -0.7961 0.6052
vn 0.0000 -0.2496 0.9684
vn 0.0000 -0.0000 -1.0000
vn 0.0000 -0.1691 -0.9856
vn 0.0000 -0.9707 0.2401
vn 0.0000 -0.9706 0.2407
vn 0.0000 -0.8873 0.4612
vn 0.0000 -0.8541 -0.5200
vn 0.0000 -0.9010 -0.4339
vn 0.0000 -0.9528 -0.3036
vn 0.0000 -0.7424 -0.6700
vn 0.0000 -0.9242 -0.3819
vn 0.0000 -0.6235 -0.7818
vn 0.0000 -0.7818 -0.6235
vn 0.0000 -0.7119 -0.7023
vn 0.0000 -0.4339 -0.9010
vn 0.0000 -0.3048 -0.9524
vn 0.0000 -0.5083 -0.8612
vn 0.0000 -0.9797 -0.2003
vn 0.0000 -0.2496 -0.9684
vn 0.0000 -0.9439 -0.3303
vn 0.0000 -0.2103 -0.9776
vn 0.0000 -0.6573 -0.7537
vn 0.0000 -0.1995 0.9799
vn 0.0000 -0.1995 -0.9799
vn 0.0000 -0.9818 0.1901
vn 0.0000 -0.9998 -0.0207
vn 0.0000 -0.9325 0.3611
vn 0.0000 -0.9827 0.1851
vn 0.0000 -0.7003 0.7138
vn 0.0000 -0.7513 0.6599
vn 0.0000 -0.8133 0.5818
vn 0.0000 -0.9989 0.0464
vn 0.0000 -0.9986 0.0531
vn 0.0000 -0.6831 -0.7303
vn 0.0000 -0.7825 -0.6227
vn 0.0000 -0.8000 -0.6000
vn 0.0000 -0.7250 -0.6888
vn 0.0000 -0.8170 -0.5767
vn 0.0000 -0.5196 -0.8544
vn 0.0000 -0.7673 0.6413
vn 0.0000 -0.5835 0.8121
vn 0.0000 -0.8469 -0.5318
vn 0.0000 -0.5320 -0.8467
vn 0.0000 -0.4733 0.8809
vn 0.0000 -0.6444 0.7647
vn 0.0000 -0.4524 0.8918
vn 0.0000 -0.3089 0.9511
vn 0.0000 -0.5196 0.8544
vn 0.0000 -0.7929 -0.6093
vn 0.0000 -0.4742 0.8804
vn 0.0000 -0.7837 -0.6211
vn 0.0000 -0.9333 -0.3591
vn 0.0000 -0.6954 0.7187
vn 0.0000 -0.5421 0.8403
vn 0.0000 -0.7935 0.6085
vn 0.0000 -0.6573 0.7537
vn 0.0000 -0.1839 -0.9829
vn 0.0000 -0.5944 -0.8042
vn 0.0000 -0.3620 0.9322
vn 0.0000 -0.3620 -0.9322
vn 0.0000 -0.9325 -0.3611
vn 0.0000 -0.9839 -0.1788
vn 0.0000 -0.9832 -0.1826
vn 0.0000 -0.9749 0.2225
vn 0.0000 -0.9952 0.0979
vn 0.0000 -0.9740 -0.2264
vn 0.0000 -0.9837 -0.1798
vn 0.0000 -0.9442 0.3293
vn 0.0000 -0.8985 0.4390
vn 0.0000 -0.9926 -0.1217
vn 0.0000 0.7071 -0.7071
vn 0.0000 0.5075 -0.8616
vn 0.0000 0.6235 -0.7818
vn 0.0000 0.9707 -0.2401
vn 0.0000 0.9706 -0.2407
vn 0.0000 0.8873 -0.4612
vn 0.0000 0.3212 -0.9470
vn 0.0000 0.2103 -0.9776
vn 0.0000 0.9010 0.4339
vn 0.0000 0.7424 0.6700
vn 0.0000 0.9242 0.3819
vn 0.0000 0.8467 -0.5320
vn 0.0000 0.9010 -0.4339
vn 0.0000 0.7818 -0.6235
vn 0.0000 0.5083 -0.8612
vn 0.0000 0.4339 -0.9010
vn 0.0000 0.3048 -0.9524
vn 0.0000 0.7809 -0.6246
vn 0.0000 0.9740 0.2264
vn 0.0000 0.9439 0.3303
vn 0.0000 0.5296 -0.8483
vn 0.0000 0.3365 -0.9417
vn 0.0000 0.1879 -0.9822
vn 0.0000 0.1691 -0.9856
vn 0.0000 0.9976 -0.0690
vn 0.0000 0.9487 -0.3160
vn 0.0000 0.9728 -0.2315
vn 0.0000 1.0000 0.0000
vn 0.0000 0.9749 0.2225
vn 0.0000 0.9937 0.1120
vn 0.0000 0.9435 0.3315
vn 0.0000 0.9898 0.1426
vn 0.0000 0.3089 0.9511
vn 0.0000 0.4489 0.8936
vn 0.0000 0.2710 0.9626
vn 0.0000 0.8600 0.5103
vn 0.0000 0.8546 -0.5194
vn 0.0000 0.9536 -0.3011
vn 0.0000 0.2496 -0.9684
vn 0.0000 0.6597 0.7515
vn 0.0000 0.6680 0.7441
vn 0.0000 0.4914 0.8710
vn 0.0000 0.1691 0.9856
vn 0.0000 0.3212 0.9470
vn 0.0000 0.5296 0.8483
vn 0.0000 0.4641 0.8858
vn 0.0000 0.8541 0.5200
vn 0.0000 0.9528 0.3036
vn 0.0000 0.9797 0.2003
vn 0.0000 0.6235 0.7818
vn 0.0000 0.7818 0.6235
vn 0.0000 0.7119 0.7023
vn 0.0000 0.3048 0.9524
vn 0.0000 0.5083 0.8612
vn 0.0000 0.4339 0.9010
vn 0.0000 0.2103 0.9776
vn 0.0000 0.8203 -0.5720
vn 0.0000 0.7961 -0.6052
vn 0.0000 0.9791 -0.2036
vn 0.0000 0.9755 -0.2199
vn 0.0000 0.9149 -0.4037
vn 0.0000 0.2496 0.9684
vn 0.0000 0.7980 0.6027
vn 0.0000 0.6573 0.7537
vn 0.0000 0.1995 -0.9799
vn 0.0000 0.1995 0.9799
vn 0.0000 0.9818 -0.1901
vn 0.0000 0.9998 0.0207
vn 0.0000 0.9325 -0.3611
vn 0.0000 0.9827 -0.1851
vn 0.0000 0.7003 -0.7138
vn 0.0000 0.7513 -0.6599
vn 0.0000 0.8133 -0.5818
vn 0.0000 0.9989 -0.0464
vn 0.0000 0.9986 -0.0531
vn 0.0000 0.6831 0.7303
vn 0.0000 0.7825 0.6227
vn 0.0000 0.8000 0.6000
vn 0.0000 0.7250 0.6888
vn 0.0000 0.8170 0.5767
vn 0.0000 0.5196 0.8544
vn 0.0000 0.7673 -0.6413
vn 0.0000 0.5835 -0.8121
vn 0.0000 0.8469 0.5318
vn 0.0000 0.5320 0.8467
vn 0.0000 0.4733 -0.8809
vn 0.0000 0.6444 -0.7647
vn 0.0000 0.4524 -0.8918
vn 0.0000 0.3089 -0.9511
vn 0.0000 0.5196 -0.8544
vn 0.0000 0.7929 0.6093
vn 0.0000 0.4742 -0.8804
vn 0.0000 0.7837 0.6211
vn 0.0000 0.9333 0.3591
vn 0.0000 0.6954 -0.7187
vn 0.0000 0.5421 -0.8403
vn 0.0000 0.7935 -0.6085
vn 0.0000 0.6573 -0.7537
vn 0.0000 0.1839 0.9829
vn 0.0000 0.5944 0.8042
vn 0.0000 0.7418 0.6706
vn 0.0000 0.3620 -0.9322
vn 0.0000 0.3620 0.9322
vn 0.0000 0.9325 0.3611
vn 0.0000 0.9839 0.1788
vn 0.0000 0.9832 0.1826
vn 0.0000 0.9749 -0.2225
vn 0.0000 0.9952 -0.0979
vn 0.0000 0.9837 0.1798
vn 0.0000 0.9442 -0.3293
vn 0.0000 0.8985 -0.4390
vn 0.0000 0.9926 0.1217
# 228 vertex normals

vt 0.1740 -0.0597 0.0000
vt 0.1972 -0.0307 0.0000
vt 0.2054 0.0054 0.0000
vt 0.0701 -0.0597 0.0000
vt 0.1035 -0.0758 0.0000
vt 0.1406 -0.0758 0.0000
vt 0.0387 0.0054 0.0000
vt 0.0470 -0.0307 0.0000
vt 0.1740 0.0706 0.0000
vt 0.1035 0.0867 0.0000
vt 0.1406 0.0867 0.0000
vt 0.0470 0.0416 0.0000
vt 0.0701 0.0706 0.0000
vt 0.1972 0.0416 0.0000
vt -0.1035 0.0867 0.0000
vt -0.1406 0.0867 0.0000
vt -0.1740 0.0706 0.0000
vt -0.2054 0.0054 0.0000
vt -0.0701 0.0706 0.0000
vt -0.0387 0.0054 0.0000
vt -0.0470 0.0416 0.0000
vt -0.1972 0.0416 0.0000
vt -0.1972 -0.0307 0.0000
vt -0.1740 -0.0597 0.0000
vt -0.1406 -0.0758 0.0000
vt -0.0701 -0.0597 0.0000
vt -0.0470 -0.0307 0.0000
vt -0.1035 -0.0758 0.0000
vt -1.1667 -0.2055 0.0000
vt -1.4924 -0.1961 0.0000
vt -1.5209 -0.2172 0.0000
vt -4.1887 -0.1025 0.0000
vt -4.2956 -0.1307 0.0000
vt -3.9147 -0.1187 0.0000
vt -2.0327 -0.2343 0.0000
vt -2.3352 -0.2439 0.0000
vt -1.7440 -0.2616 0.0000
vt -1.9332 -0.1477 0.0000
vt -2.3553 -0.1491 0.0000
vt -2.3755 -0.1653 0.0000
vt -4.9333 -0.1774 0.0000
vt -5.2917 -0.1681 0.0000
vt -5.2917 -0.1868 0.0000
vt -4.9360 -0.2171 0.0000
vt -5.2917 -0.2242 0.0000
vt -4.8866 -0.2358 0.0000
vt -2.1956 -0.2151 0.0000
vt -1.4956 -0.0860 0.0000
vt -1.4813 -0.0694 0.0000
vt -1.7772 -0.0768 0.0000
vt -4.4256 -0.0270 0.0000
vt -4.2627 -0.0463 0.0000
vt -3.9570 -0.0400 0.0000
vt -4.8378 -0.2616 0.0000
vt -5.2917 -0.2474 0.0000
vt -5.2917 -0.2616 0.0000
vt -3.9300 -0.2616 0.0000
vt -4.1170 -0.2330 0.0000
vt -4.3153 -0.2458 0.0000
vt -4.8217 -0.1364 0.0000
vt -4.9197 -0.1575 0.0000
vt -4.5858 -0.1501 0.0000
vt -1.1667 -0.1307 0.0000
vt -1.1667 -0.1120 0.0000
vt -1.6647 -0.1213 0.0000
vt -1.8182 -0.2055 0.0000
vt -1.8212 -0.1869 0.0000
vt -2.6528 -0.0259 0.0000
vt -2.4110 -0.0386 0.0000
vt -2.3234 -0.0226 0.0000
vt -3.5429 -0.0598 0.0000
vt -3.2191 -0.0607 0.0000
vt -3.5598 -0.0426 0.0000
vt -1.5116 -0.1762 0.0000
vt -1.5529 -0.1561 0.0000
vt -1.8835 -0.1681 0.0000
vt -2.3460 -0.1814 0.0000
vt -2.8385 -0.1848 0.0000
vt -2.5730 -0.2055 0.0000
vt -2.6549 -0.2358 0.0000
vt -3.1874 -0.2405 0.0000
vt -2.8987 -0.2616 0.0000
vt -1.6206 0.0002 0.0000
vt -1.1667 -0.0139 0.0000
vt -1.1667 0.0002 0.0000
vt -3.3784 -0.1509 0.0000
vt -3.9300 -0.1509 0.0000
vt -3.5516 -0.1706 0.0000
vt -4.9460 -0.0851 0.0000
vt -5.2917 -0.0933 0.0000
vt -4.9078 -0.1050 0.0000
vt -1.8835 -0.0933 0.0000
vt -2.0972 -0.0695 0.0000
vt -2.2848 -0.0980 0.0000
vt -5.2917 -0.0559 0.0000
vt -5.2917 -0.0746 0.0000
vt -4.9591 -0.0658 0.0000
vt -1.1667 -0.0372 0.0000
vt -1.5717 -0.0255 0.0000
vt -1.5223 -0.0442 0.0000
vt -4.5406 -0.1139 0.0000
vt -3.5596 0.0002 0.0000
vt -3.2709 -0.0208 0.0000
vt -2.9823 0.0002 0.0000
vt -1.5251 -0.1026 0.0000
vt -4.1231 -0.0174 0.0000
vt -4.7143 0.0002 0.0000
vt -1.7446 -0.0595 0.0000
vt -1.1667 -0.2474 0.0000
vt -1.1667 -0.2242 0.0000
vt -1.5678 -0.2358 0.0000
vt -5.2917 -0.0139 0.0000
vt -5.2917 -0.0372 0.0000
vt -4.8905 -0.0255 0.0000
vt -3.5202 -0.2448 0.0000
vt -3.4761 -0.2616 0.0000
vt -2.9381 -0.0165 0.0000
vt -2.9756 -0.1466 0.0000
vt -2.6959 -0.1289 0.0000
vt -3.2292 -0.1307 0.0000
vt -2.6959 -0.1614 0.0000
vt -2.6625 -0.1462 0.0000
vt -2.1479 -0.1969 0.0000
vt -4.0638 -0.2055 0.0000
vt -3.7317 -0.1907 0.0000
vt -4.1870 -0.1824 0.0000
vt -3.6548 -0.1345 0.0000
vt -3.9815 -0.1351 0.0000
vt -4.3314 -0.0624 0.0000
vt -4.6275 -0.0746 0.0000
vt -4.1744 -0.0770 0.0000
vt -2.3946 -0.0559 0.0000
vt -2.8660 -0.0673 0.0000
vt -2.4497 -0.0794 0.0000
vt -3.1399 -0.0453 0.0000
vt -3.1148 -0.1680 0.0000
vt -3.2858 -0.1887 0.0000
vt -3.6846 -0.2096 0.0000
vt -3.0388 -0.0839 0.0000
vt -4.5748 -0.0933 0.0000
vt -4.9659 -0.0465 0.0000
vt -4.6401 -0.0559 0.0000
vt -2.6345 -0.2205 0.0000
vt -3.0033 -0.2032 0.0000
vt -2.9441 -0.2224 0.0000
vt -3.8055 -0.2354 0.0000
vt -3.3184 -0.2160 0.0000
vt -3.8035 -0.0256 0.0000
vt -3.8853 -0.0559 0.0000
vt -3.7720 -0.0761 0.0000
vt -2.7362 -0.0453 0.0000
vt -2.3214 -0.2616 0.0000
vt -4.1370 0.0002 0.0000
vt -3.9331 -0.2204 0.0000
vt -3.3699 -0.0748 0.0000
vt -3.2292 -0.1000 0.0000
vt -4.3743 -0.1975 0.0000
vt -4.4691 -0.2138 0.0000
vt -4.6192 -0.1852 0.0000
vt -4.7137 -0.2018 0.0000
vt -5.2917 -0.2055 0.0000
vt -2.0469 -0.0152 0.0000
vt -2.5284 0.0002 0.0000
vt -2.0582 -0.0528 0.0000
vt -4.3839 -0.2616 0.0000
vt -4.4290 -0.2307 0.0000
vt -2.0745 0.0002 0.0000
vt -2.0293 -0.0306 0.0000
vt -1.1667 -0.2616 0.0000
vt -5.2917 0.0002 0.0000
vt -3.7624 -0.0999 0.0000
vt -3.5058 -0.1157 0.0000
vt -2.9819 -0.1154 0.0000
vt -1.1667 -0.1868 0.0000
vt -1.1667 -0.0559 0.0000
vt -1.1667 -0.1681 0.0000
vt -1.1667 -0.1494 0.0000
vt -1.6227 -0.1388 0.0000
vt -2.0056 -0.1116 0.0000
vt -2.1627 -0.1307 0.0000
vt -2.3635 -0.1156 0.0000
vt -2.6959 -0.0999 0.0000
vt -4.2620 -0.1586 0.0000
vt -3.9632 -0.1685 0.0000
vt -4.5748 -0.1681 0.0000
vt -5.2917 -0.1307 0.0000
vt -4.8358 -0.1205 0.0000
vt -5.2917 -0.1494 0.0000
vt -5.2917 -0.1120 0.0000
vt -1.1667 -0.0933 0.0000
vt -1.1667 -0.0746 0.0000
vt -1.4924 0.0657 0.0000
vt -1.5209 0.0446 0.0000
vt -1.1667 0.0563 0.0000
vt -3.3784 0.1109 0.0000
vt -3.9300 0.1109 0.0000
vt -3.5516 0.0912 0.0000
vt -2.0327 0.0275 0.0000
vt -2.3352 0.0179 0.0000
vt -1.7440 0.0002 0.0000
vt -1.8835 0.1685 0.0000
vt -2.0972 0.1923 0.0000
vt -2.2848 0.1638 0.0000
vt -4.9333 0.0844 0.0000
vt -5.2917 0.0937 0.0000
vt -5.2917 0.0750 0.0000
vt -4.9360 0.0447 0.0000
vt -5.2917 0.0376 0.0000
vt -4.8866 0.0260 0.0000
vt -1.8182 0.0563 0.0000
vt -1.8212 0.0749 0.0000
vt -2.0056 0.1502 0.0000
vt -1.5251 0.1592 0.0000
vt -2.1956 0.0467 0.0000
vt -3.9300 0.0002 0.0000
vt -4.1170 0.0288 0.0000
vt -4.3153 0.0160 0.0000
vt -4.8378 0.0002 0.0000
vt -5.2917 0.0144 0.0000
vt -4.8217 0.1254 0.0000
vt -4.9197 0.1043 0.0000
vt -4.5858 0.1117 0.0000
vt -1.1667 0.1311 0.0000
vt -1.1667 0.1498 0.0000
vt -1.6647 0.1405 0.0000
vt -4.1887 0.1593 0.0000
vt -4.2956 0.1311 0.0000
vt -3.9147 0.1431 0.0000
vt -2.6528 0.2359 0.0000
vt -2.4110 0.2232 0.0000
vt -2.3234 0.2392 0.0000
vt -1.4956 0.1758 0.0000
vt -1.5116 0.0856 0.0000
vt -1.5529 0.1057 0.0000
vt -1.8835 0.0937 0.0000
vt -2.6549 0.0260 0.0000
vt -3.1874 0.0213 0.0000
vt -2.8987 0.0002 0.0000
vt -3.5429 0.2020 0.0000
vt -3.2191 0.2011 0.0000
vt -3.5598 0.2192 0.0000
vt -1.6206 0.2620 0.0000
vt -1.1667 0.2479 0.0000
vt -1.1667 0.2620 0.0000
vt -4.4256 0.2348 0.0000
vt -4.2627 0.2155 0.0000
vt -3.9570 0.2218 0.0000
vt -4.9460 0.1767 0.0000
vt -5.2917 0.1685 0.0000
vt -4.9078 0.1568 0.0000
vt -4.5406 0.1479 0.0000
vt -5.2917 0.2059 0.0000
vt -5.2917 0.1872 0.0000
vt -4.9591 0.1960 0.0000
vt -1.5717 0.2363 0.0000
vt -1.5223 0.2176 0.0000
vt -1.1667 0.2246 0.0000
vt -4.1231 0.2444 0.0000
vt -4.7143 0.2620 0.0000
vt -2.3460 0.0804 0.0000
vt -2.8385 0.0770 0.0000
vt -2.5730 0.0563 0.0000
vt -1.9332 0.1141 0.0000
vt -2.3553 0.1127 0.0000
vt -2.3755 0.0965 0.0000
vt -3.5596 0.2620 0.0000
vt -3.2709 0.2410 0.0000
vt -2.9823 0.2620 0.0000
vt -1.7772 0.1850 0.0000
vt -1.7446 0.2023 0.0000
vt -1.1667 0.0144 0.0000
vt -1.1667 0.0376 0.0000
vt -1.5678 0.0260 0.0000
vt -5.2917 0.2479 0.0000
vt -5.2917 0.2246 0.0000
vt -4.8905 0.2363 0.0000
vt -3.5202 0.0170 0.0000
vt -3.4761 0.0002 0.0000
vt -2.9381 0.2453 0.0000
vt -2.9756 0.1152 0.0000
vt -2.6959 0.1329 0.0000
vt -3.2292 0.1311 0.0000
vt -2.6959 0.1004 0.0000
vt -2.6625 0.1156 0.0000
vt -2.1479 0.0649 0.0000
vt -4.0638 0.0563 0.0000
vt -3.7317 0.0711 0.0000
vt -4.1870 0.0794 0.0000
vt -3.6548 0.1273 0.0000
vt -3.9815 0.1267 0.0000
vt -4.3314 0.1994 0.0000
vt -4.6275 0.1872 0.0000
vt -4.1744 0.1848 0.0000
vt -2.3946 0.2059 0.0000
vt -2.8660 0.1945 0.0000
vt -2.4497 0.1824 0.0000
vt -3.1399 0.2165 0.0000
vt -3.1148 0.0938 0.0000
vt -3.2858 0.0731 0.0000
vt -3.6846 0.0522 0.0000
vt -3.0388 0.1779 0.0000
vt -4.5748 0.1685 0.0000
vt -4.9659 0.2153 0.0000
vt -4.6401 0.2059 0.0000
vt -2.6345 0.0413 0.0000
vt -3.0033 0.0586 0.0000
vt -2.9441 0.0394 0.0000
vt -3.8055 0.0264 0.0000
vt -3.3184 0.0458 0.0000
vt -3.8035 0.2362 0.0000
vt -3.8853 0.2059 0.0000
vt -3.7720 0.1857 0.0000
vt -2.7362 0.2165 0.0000
vt -2.3214 0.0002 0.0000
vt -4.1370 0.2620 0.0000
vt -3.9331 0.0414 0.0000
vt -3.3699 0.1870 0.0000
vt -3.2292 0.1618 0.0000
vt -4.3743 0.0643 0.0000
vt -4.4691 0.0480 0.0000
vt -4.6192 0.0766 0.0000
vt -4.7137 0.0600 0.0000
vt -5.2917 0.0563 0.0000
vt -2.0469 0.2466 0.0000
vt -2.5284 0.2620 0.0000
vt -2.0582 0.2090 0.0000
vt -1.4813 0.1924 0.0000
vt -4.3839 0.0002 0.0000
vt -4.4290 0.0311 0.0000
vt -2.0745 0.2620 0.0000
vt -2.0293 0.2312 0.0000
vt -5.2917 0.2620 0.0000
vt -3.7624 0.1619 0.0000
vt -3.5058 0.1461 0.0000
vt -2.9819 0.1464 0.0000
vt -1.1667 0.0750 0.0000
vt -1.1667 0.2059 0.0000
vt -1.1667 0.0937 0.0000
vt -1.1667 0.1124 0.0000
vt -1.6227 0.1230 0.0000
vt -2.1627 0.1311 0.0000
vt -2.3635 0.1462 0.0000
vt -2.6959 0.1619 0.0000
vt -4.2620 0.1032 0.0000
vt -3.9632 0.0933 0.0000
vt -4.5748 0.0937 0.0000
vt -5.2917 0.1311 0.0000
vt -4.8358 0.1413 0.0000
vt -5.2917 0.1124 0.0000
vt -5.2917 0.1498 0.0000
vt -1.1667 0.1685 0.0000
vt -1.1667 0.1872 0.0000
# 352 texture coords

g _Extrusion__1781_
usemtl aluminum
s off
f 2259/2943/1149 2260/2944/1149 2261/2945/1149 
f 2259/2943/1149 2261/2945/1149 2262/2946/1149 
f 2263/2947/1149 2264/2948/1149 2262/2946/1149 
f 2262/2946/1149 2264/2948/1149 2259/2943/1149 
f 2262/2946/1149 2265/2949/1149 2266/2950/1149 
f 2262/2946/1149 2261/2945/1149 2265/2949/1149 
f 2261/2945/1149 2267/2951/1149 2268/2952/1149 
f 2268/2952/1149 2267/2951/1149 2269/2953/1149 
f 2270/2954/1149 2265/2949/1149 2271/2955/1149 
f 2268/2952/1149 2271/2955/1149 2265/2949/1149 
f 2261/2945/1149 2268/2952/1149 2265/2949/1149 
f 2261/2945/1149 2272/2956/1149 2267/2951/1149 
f 2273/2957/1150 2274/2958/1150 2275/2959/1150 
f 2276/2960/1150 2273/2957/1150 2275/2959/1150 
f 2277/2961/1150 2273/2957/1150 2278/2962/1150 
f 2278/2962/1150 2279/2963/1150 2277/2961/1150 
f 2278/2962/1150 2273/2957/1150 2276/2960/1150 
f 2276/2960/1150 2275/2959/1150 2280/2964/1150 
f 2276/2960/1150 2281/2965/1150 2282/2966/1150 
f 2276/2960/1150 2282/2966/1150 2283/2967/1150 
f 2278/2962/1150 2284/2968/1150 2285/2969/1150 
f 2283/2967/1150 2286/2970/1150 2284/2968/1150 
f 2276/2960/1150 2283/2967/1150 2284/2968/1150 
f 2284/2968/1150 2278/2962/1150 2276/2960/1150 
f 2287/2971/1151 2288/2972/1152 2289/2973/1153 
f 2290/2974/1154 2291/2975/1155 2292/2976/1156 
f 2293/2977/1157 2294/2978/1158 2295/2979/1159 
f 2296/2980/1160 2297/2981/1161 2298/2982/1162 
f 2299/2983/1163 2300/2984/1164 2262/2985/1165 
f 2301/2986/1166 2266/2987/1167 2302/2988/1168 
f 2294/2978/1158 2293/2977/1157 2303/2989/1169 
f 2304/2990/1170 2305/2991/1171 2306/2992/1172 
f 2307/2993/1173 2308/2994/1174 2309/2995/1175 
f 2310/2996/1159 2311/2997/1176 2265/2998/1159 
f 2312/2999/1159 2313/3000/1177 2314/3001/1178 
f 2315/3002/1179 2316/3003/1180 2317/3004/1181 
f 2318/3005/1155 2283/3006/1182 2319/3007/1183 
f 2320/3008/1151 2288/2972/1152 2321/3009/1184 
f 2322/3010/1185 2323/3011/1186 2324/3012/1187 
f 2325/3013/1188 2326/3014/1189 2327/3015/1190 
f 2328/3016/1191 2329/3017/1192 2330/3018/1164 
f 2331/3019/1193 2332/3020/1194 2333/3021/1151 
f 2334/3022/1168 2335/3023/1195 2336/3024/1159 
f 2337/3025/1196 2338/3026/1197 2276/3027/1196 
f 2339/3028/1198 2340/3029/1199 2341/3030/1200 
f 2342/3031/1201 2343/3032/1202 2344/3033/1203 
f 2345/3034/1202 2346/3035/1204 2347/3036/1205 
f 2348/3037/1206 2259/3038/1207 2349/3039/1208 
f 2281/3040/1209 2350/3041/1210 2351/3042/1211 
f 2352/3043/1212 2291/2975/1155 2290/2974/1154 
f 2353/3044/1196 2354/3045/1213 2355/3046/1196 
f 2315/3002/1179 2291/2975/1155 2352/3043/1212 
f 2304/2990/1170 2345/3034/1202 2356/3047/1214 
f 2357/3048/1215 2358/3049/1196 2307/2993/1173 
f 2346/3035/1204 2306/2992/1172 2359/3050/1216 
f 2360/3051/1176 2285/3052/1167 2361/3053/1168 
f 2362/3054/1197 2260/3055/1209 2363/3056/1210 
f 2364/3057/1217 2365/3058/1159 2335/3023/1195 
f 2366/3059/1218 2355/3046/1196 2354/3045/1213 
f 2367/3060/1219 2368/3061/1220 2369/3062/1155 
f 2370/3063/1221 2371/3064/1222 2367/3060/1219 
f 2372/3065/1223 2321/3009/1184 2331/3019/1193 
f 2300/2984/1164 2299/2983/1163 2316/3003/1180 
f 2373/3066/1151 2374/3067/1224 2375/3068/1225 
f 2340/3029/1199 2376/3069/1226 2377/3070/1227 
f 2378/3071/1228 2379/3072/1229 2380/3073/1230 
f 2381/3074/1206 2382/3075/1231 2383/3076/1232 
f 2326/3014/1189 2384/3077/1233 2327/3015/1190 
f 2385/3078/1164 2339/3028/1198 2341/3030/1200 
f 2330/3018/1164 2331/3019/1193 2321/3009/1184 
f 2339/3028/1198 2369/3062/1155 2376/3069/1226 
f 2386/3079/1234 2374/3067/1224 2387/3080/1235 
f 2382/3075/1231 2326/3014/1189 2388/3081/1236 
f 2389/3082/1202 2290/2974/1154 2380/3073/1230 
f 2289/2973/1153 2288/2972/1152 2320/3008/1151 
f 2289/2973/1153 2361/3053/1168 2285/3052/1167 
f 2342/3031/1201 2379/3072/1229 2349/3039/1208 
f 2390/3083/1237 2349/3039/1208 2391/3084/1206 
f 2303/2989/1169 2392/3085/1238 2294/2978/1158 
f 2360/3051/1176 2361/3053/1168 2295/2979/1159 
f 2303/2989/1169 2293/2977/1157 2320/3008/1151 
f 2393/3086/1239 2394/3087/1240 2392/3085/1238 
f 2334/3022/1168 2394/3087/1240 2335/3023/1195 
f 2393/3086/1239 2332/3020/1194 2386/3079/1234 
f 2387/3080/1235 2395/3088/1241 2396/3089/1242 
f 2309/2995/1175 2357/3048/1215 2307/2993/1173 
f 2362/3054/1197 2363/3056/1210 2358/3049/1196 
f 2308/2994/1174 2307/2993/1173 2391/3084/1206 
f 2397/3090/1210 2309/2995/1175 2327/3015/1190 
f 2397/3090/1210 2327/3015/1190 2354/3045/1213 
f 2398/3091/1206 2399/3092/1243 2325/3013/1188 
f 2384/3077/1233 2400/3093/1233 2322/3010/1185 
f 2336/3024/1159 2335/3023/1195 2365/3058/1159 
f 2401/3094/1159 2294/2978/1158 2336/3024/1159 
f 2402/3095/1196 2357/3048/1215 2353/3044/1196 
f 2364/3057/1217 2396/3089/1242 2395/3088/1241 
f 2395/3088/1241 2403/3096/1244 2313/3000/1177 
f 2388/3081/1236 2404/3097/1245 2405/3098/1246 
f 2373/3066/1151 2406/3099/1247 2407/3100/1248 
f 2310/2996/1159 2302/2988/1168 2311/2997/1176 
f 2375/3068/1225 2408/3101/1249 2406/3099/1247 
f 2409/3102/1250 2410/3103/1151 2301/2986/1166 
f 2397/3090/1210 2354/3045/1213 2353/3044/1196 
f 2366/3059/1218 2384/3077/1233 2322/3010/1185 
f 2322/3010/1185 2400/3093/1233 2323/3011/1186 
f 2411/3104/1251 2412/3105/1196 2324/3012/1187 
f 2413/3106/1252 2381/3074/1206 2346/3035/1204 
f 2337/3025/1196 2350/3041/1210 2338/3026/1197 
f 2346/3035/1204 2381/3074/1206 2383/3076/1232 
f 2305/2991/1171 2351/3042/1211 2359/3050/1216 
f 2414/3107/1159 2314/3001/1178 2310/2996/1159 
f 2302/2988/1168 2310/2996/1159 2314/3001/1178 
f 2266/2987/1167 2311/2997/1176 2302/2988/1168 
f 2415/3108/1253 2407/3100/1248 2301/2986/1166 
f 2416/3109/1196 2411/3104/1251 2337/3025/1196 
f 2411/3104/1251 2416/3109/1196 2412/3105/1196 
f 2281/3040/1209 2338/3026/1197 2350/3041/1210 
f 2417/3110/1254 2413/3106/1252 2351/3042/1211 
f 2295/2979/1159 2278/3111/1159 2360/3051/1176 
f 2293/2977/1157 2361/3053/1168 2289/2973/1153 
f 2295/2979/1159 2361/3053/1168 2293/2977/1157 
f 2358/3049/1196 2261/3112/1196 2362/3054/1197 
f 2260/3055/1209 2390/3083/1237 2363/3056/1210 
f 2358/3049/1196 2363/3056/1210 2307/2993/1173 
f 2405/3098/1246 2404/3097/1245 2418/3113/1255 
f 2382/3075/1231 2381/3074/1206 2400/3093/1233 
f 2419/3114/1256 2405/3098/1246 2418/3113/1255 
f 2368/3061/1220 2420/3115/1257 2369/3062/1155 
f 2415/3108/1253 2301/2986/1166 2302/2988/1168 
f 2417/3110/1254 2351/3042/1211 2350/3041/1210 
f 2410/3103/1151 2409/3102/1250 2262/2985/1165 
f 2410/3103/1151 2266/2987/1167 2301/2986/1166 
f 2284/3116/1165 2288/2972/1152 2287/2971/1151 
f 2305/2991/1171 2421/3117/1206 2351/3042/1211 
f 2421/3117/1206 2281/3040/1209 2351/3042/1211 
f 2293/2977/1157 2289/2973/1153 2320/3008/1151 
f 2289/2973/1153 2285/3052/1167 2287/2971/1151 
f 2328/3016/1191 2288/2972/1152 2284/3116/1165 
f 2288/2972/1152 2328/3016/1191 2321/3009/1184 
f 2329/3017/1192 2422/3118/1164 2286/3119/1258 
f 2422/3118/1164 2329/3017/1192 2328/3016/1191 
f 2328/3016/1191 2330/3018/1164 2321/3009/1184 
f 2330/3018/1164 2296/2980/1160 2298/2982/1162 
f 2332/3020/1194 2331/3019/1193 2370/3063/1221 
f 2333/3021/1151 2303/2989/1169 2372/3065/1223 
f 2286/3119/1258 2318/3005/1155 2423/3120/1259 
f 2296/2980/1160 2330/3018/1164 2329/3017/1192 
f 2347/3036/1205 2424/3121/1260 2345/3034/1202 
f 2319/3007/1183 2423/3120/1259 2318/3005/1155 
f 2425/3122/1155 2296/2980/1160 2423/3120/1259 
f 2423/3120/1259 2296/2980/1160 2329/3017/1192 
f 2297/2981/1161 2296/2980/1160 2425/3122/1155 
f 2297/2981/1161 2425/3122/1155 2368/3061/1220 
f 2297/2981/1161 2370/3063/1221 2298/2982/1162 
f 2426/3123/1261 2425/3122/1155 2424/3121/1260 
f 2420/3115/1257 2427/3124/1255 2405/3098/1246 
f 2328/3016/1191 2284/3116/1165 2422/3118/1164 
f 2370/3063/1221 2385/3078/1164 2332/3020/1194 
f 2332/3020/1194 2385/3078/1164 2386/3079/1234 
f 2339/3028/1198 2367/3060/1219 2369/3062/1155 
f 2386/3079/1234 2385/3078/1164 2341/3030/1200 
f 2374/3067/1224 2386/3079/1234 2341/3030/1200 
f 2393/3086/1239 2386/3079/1234 2396/3089/1242 
f 2367/3060/1219 2385/3078/1164 2370/3063/1221 
f 2376/3069/1226 2340/3029/1199 2339/3028/1198 
f 2428/3125/1262 2291/2975/1155 2317/3004/1181 
f 2375/3068/1225 2429/3126/1263 2428/3125/1262 
f 2369/3062/1155 2419/3114/1256 2376/3069/1226 
f 2376/3069/1226 2419/3114/1256 2292/2976/1156 
f 2340/3029/1199 2428/3125/1262 2429/3126/1263 
f 2387/3080/1235 2374/3067/1224 2373/3066/1151 
f 2374/3067/1224 2341/3030/1200 2429/3126/1263 
f 2408/3101/1249 2430/3127/1164 2299/2983/1163 
f 2419/3114/1256 2369/3062/1155 2420/3115/1257 
f 2292/2976/1156 2419/3114/1256 2418/3113/1255 
f 2290/2974/1154 2292/2976/1156 2418/3113/1255 
f 2377/3070/1227 2292/2976/1156 2291/2975/1155 
f 2404/3097/1245 2325/3013/1188 2399/3092/1243 
f 2290/2974/1154 2389/3082/1202 2352/3043/1212 
f 2418/3113/1255 2380/3073/1230 2290/2974/1154 
f 2398/3091/1206 2308/2994/1174 2378/3071/1228 
f 2389/3082/1202 2344/3033/1203 2352/3043/1212 
f 2431/3128/1155 2315/3002/1179 2432/3129/1264 
f 2352/3043/1212 2344/3033/1203 2432/3129/1264 
f 2300/2984/1164 2316/3003/1180 2263/3130/1258 
f 2342/3031/1201 2344/3033/1203 2389/3082/1202 
f 2431/3128/1155 2432/3129/1264 2264/3131/1182 
f 2379/3072/1229 2342/3031/1201 2389/3082/1202 
f 2343/3032/1202 2264/3131/1182 2344/3033/1203 
f 2385/3078/1164 2367/3060/1219 2339/3028/1198 
f 2370/3063/1221 2297/2981/1161 2371/3064/1222 
f 2380/3073/1230 2379/3072/1229 2389/3082/1202 
f 2349/3039/1208 2379/3072/1229 2391/3084/1206 
f 2390/3083/1237 2260/3055/1209 2348/3037/1206 
f 2342/3031/1201 2349/3039/1208 2259/3038/1207 
f 2307/2993/1173 2363/3056/1210 2390/3083/1237 
f 2307/2993/1173 2390/3083/1237 2391/3084/1206 
f 2349/3039/1208 2390/3083/1237 2348/3037/1206 
f 2342/3031/1201 2259/3038/1207 2343/3032/1202 
f 2394/3087/1240 2393/3086/1239 2396/3089/1242 
f 2333/3021/1151 2332/3020/1194 2393/3086/1239 
f 2335/3023/1195 2394/3087/1240 2396/3089/1242 
f 2392/3085/1238 2394/3087/1240 2334/3022/1168 
f 2423/3120/1259 2329/3017/1192 2286/3119/1258 
f 2425/3122/1155 2423/3120/1259 2319/3007/1183 
f 2403/3096/1244 2387/3080/1235 2373/3066/1151 
f 2386/3079/1234 2387/3080/1235 2396/3089/1242 
f 2315/3002/1179 2431/3128/1155 2263/3130/1258 
f 2403/3096/1244 2373/3066/1151 2407/3100/1248 
f 2395/3088/1241 2387/3080/1235 2403/3096/1244 
f 2407/3100/1248 2313/3000/1177 2403/3096/1244 
f 2314/3001/1178 2313/3000/1177 2415/3108/1253 
f 2302/2988/1168 2314/3001/1178 2415/3108/1253 
f 2364/3057/1217 2312/2999/1159 2365/3058/1159 
f 2312/2999/1159 2395/3088/1241 2313/3000/1177 
f 2314/3001/1178 2414/3107/1159 2312/2999/1159 
f 2382/3075/1231 2388/3081/1236 2383/3076/1232 
f 2347/3036/1205 2383/3076/1232 2427/3124/1255 
f 2345/3034/1202 2306/2992/1172 2346/3035/1204 
f 2426/3123/1261 2427/3124/1255 2368/3061/1220 
f 2424/3121/1260 2319/3007/1183 2356/3047/1214 
f 2426/3123/1261 2424/3121/1260 2347/3036/1205 
f 2425/3122/1155 2319/3007/1183 2424/3121/1260 
f 2427/3124/1255 2426/3123/1261 2347/3036/1205 
f 2368/3061/1220 2425/3122/1155 2426/3123/1261 
f 2346/3035/1204 2383/3076/1232 2347/3036/1205 
f 2413/3106/1252 2346/3035/1204 2359/3050/1216 
f 2356/3047/1214 2283/3006/1182 2433/3132/1202 
f 2305/2991/1171 2359/3050/1216 2306/2992/1172 
f 2356/3047/1214 2319/3007/1183 2283/3006/1182 
f 2304/2990/1170 2282/3133/1207 2305/2991/1171 
f 2356/3047/1214 2345/3034/1202 2424/3121/1260 
f 2345/3034/1202 2304/2990/1170 2306/2992/1172 
f 2421/3117/1206 2305/2991/1171 2282/3133/1207 
f 2356/3047/1214 2433/3132/1202 2304/2990/1170 
f 2282/3133/1207 2304/2990/1170 2433/3132/1202 
f 2351/3042/1211 2413/3106/1252 2359/3050/1216 
f 2323/3011/1186 2413/3106/1252 2417/3110/1254 
f 2430/3127/1164 2316/3003/1180 2299/2983/1163 
f 2262/2985/1165 2409/3102/1250 2299/2983/1163 
f 2408/3101/1249 2299/2983/1163 2409/3102/1250 
f 2317/3004/1181 2316/3003/1180 2430/3127/1164 
f 2315/3002/1179 2263/3130/1258 2316/3003/1180 
f 2428/3125/1262 2317/3004/1181 2430/3127/1164 
f 2291/2975/1155 2315/3002/1179 2317/3004/1181 
f 2375/3068/1225 2428/3125/1262 2430/3127/1164 
f 2428/3125/1262 2340/3029/1199 2377/3070/1227 
f 2374/3067/1224 2429/3126/1263 2375/3068/1225 
f 2341/3030/1200 2340/3029/1199 2429/3126/1263 
f 2406/3099/1247 2408/3101/1249 2409/3102/1250 
f 2375/3068/1225 2430/3127/1164 2408/3101/1249 
f 2407/3100/1248 2406/3099/1247 2409/3102/1250 
f 2375/3068/1225 2406/3099/1247 2373/3066/1151 
f 2301/2986/1166 2407/3100/1248 2409/3102/1250 
f 2415/3108/1253 2313/3000/1177 2407/3100/1248 
f 2372/3065/1223 2303/2989/1169 2320/3008/1151 
f 2303/2989/1169 2333/3021/1151 2392/3085/1238 
f 2321/3009/1184 2372/3065/1223 2320/3008/1151 
f 2333/3021/1151 2372/3065/1223 2331/3019/1193 
f 2336/3024/1159 2294/2978/1158 2334/3022/1168 
f 2295/2979/1159 2294/2978/1158 2401/3094/1159 
f 2378/3071/1228 2308/2994/1174 2391/3084/1206 
f 2309/2995/1175 2308/2994/1174 2398/3091/1206 
f 2353/3044/1196 2357/3048/1215 2397/3090/1210 
f 2358/3049/1196 2357/3048/1215 2402/3095/1196 
f 2325/3013/1188 2327/3015/1190 2398/3091/1206 
f 2354/3045/1213 2327/3015/1190 2384/3077/1233 
f 2399/3092/1243 2398/3091/1206 2380/3073/1230 
f 2325/3013/1188 2404/3097/1245 2326/3014/1189 
f 2380/3073/1230 2418/3113/1255 2399/3092/1243 
f 2418/3113/1255 2404/3097/1245 2399/3092/1243 
f 2388/3081/1236 2326/3014/1189 2404/3097/1245 
f 2382/3075/1231 2384/3077/1233 2326/3014/1189 
f 2396/3089/1242 2364/3057/1217 2335/3023/1195 
f 2312/2999/1159 2364/3057/1217 2395/3088/1241 
f 2384/3077/1233 2366/3059/1218 2354/3045/1213 
f 2324/3012/1187 2412/3105/1196 2322/3010/1185 
f 2382/3075/1231 2400/3093/1233 2384/3077/1233 
f 2323/3011/1186 2400/3093/1233 2381/3074/1206 
f 2413/3106/1252 2323/3011/1186 2381/3074/1206 
f 2324/3012/1187 2323/3011/1186 2417/3110/1254 
f 2411/3104/1251 2324/3012/1187 2417/3110/1254 
f 2366/3059/1218 2322/3010/1185 2412/3105/1196 
f 2417/3110/1254 2350/3041/1210 2411/3104/1251 
f 2366/3059/1218 2412/3105/1196 2355/3046/1196 
f 2337/3025/1196 2411/3104/1251 2350/3041/1210 
f 2370/3063/1221 2331/3019/1193 2298/2982/1162 
f 2330/3018/1164 2298/2982/1162 2331/3019/1193 
f 2427/3124/1255 2420/3115/1257 2368/3061/1220 
f 2419/3114/1256 2420/3115/1257 2405/3098/1246 
f 2292/2976/1156 2377/3070/1227 2376/3069/1226 
f 2428/3125/1262 2377/3070/1227 2291/2975/1155 
f 2297/2981/1161 2368/3061/1220 2371/3064/1222 
f 2368/3061/1220 2367/3060/1219 2371/3064/1222 
f 2392/3085/1238 2334/3022/1168 2294/2978/1158 
f 2393/3086/1239 2392/3085/1238 2333/3021/1151 
f 2432/3129/1264 2344/3033/1203 2264/3131/1182 
f 2315/3002/1179 2352/3043/1212 2432/3129/1264 
f 2405/3098/1246 2427/3124/1255 2388/3081/1236 
f 2383/3076/1232 2388/3081/1236 2427/3124/1255 
f 2379/3072/1229 2378/3071/1228 2391/3084/1206 
f 2398/3091/1206 2378/3071/1228 2380/3073/1230 
f 2327/3015/1190 2309/2995/1175 2398/3091/1206 
f 2357/3048/1215 2309/2995/1175 2397/3090/1210 
f 2434/3134/1265 2435/3135/1266 2436/3136/1267 
f 2437/3137/1268 2438/3138/1269 2439/3139/1270 
f 2440/3140/1271 2441/3141/1272 2442/3142/1196 
f 2443/3143/1273 2444/3144/1274 2445/3145/1275 
f 2446/3146/1276 2447/3147/1277 2267/3148/1278 
f 2448/3149/1279 2272/3150/1280 2449/3151/1281 
f 2450/3152/1267 2434/3134/1265 2451/3153/1282 
f 2452/3154/1283 2453/3155/1284 2443/3143/1273 
f 2441/3141/1272 2440/3140/1271 2454/3156/1285 
f 2455/3157/1196 2456/3158/1286 2457/3159/1287 
f 2458/3160/1196 2449/3151/1281 2459/3161/1288 
f 2460/3162/1289 2461/3163/1290 2462/3164/1291 
f 2463/3165/1292 2273/3166/1293 2464/3167/1294 
f 2465/3168/1295 2466/3169/1292 2467/3170/1296 
f 2468/3171/1297 2469/3172/1298 2470/3173/1299 
f 2471/3174/1300 2443/3143/1273 2453/3155/1284 
f 2472/3175/1301 2473/3176/1302 2474/3177/1277 
f 2475/3178/1281 2476/3179/1303 2477/3180/1196 
f 2478/3181/1304 2479/3182/1305 2480/3183/1306 
f 2481/3184/1159 2482/3185/1307 2278/3186/1159 
f 2483/3187/1308 2484/3188/1309 2485/3189/1310 
f 2486/3190/1311 2487/3191/1273 2488/3192/1312 
f 2489/3193/1313 2466/3169/1292 2465/3168/1295 
f 2490/3194/1314 2271/3195/1315 2491/3196/1316 
f 2492/3197/1317 2493/3198/1318 2279/3199/1319 
f 2494/3200/1320 2495/3201/1159 2483/3187/1308 
f 2496/3202/1321 2497/3203/1322 2498/3204/1267 
f 2460/3162/1289 2466/3169/1292 2489/3193/1313 
f 2499/3205/1323 2500/3206/1324 2501/3207/1325 
f 2502/3208/1159 2503/3209/1326 2504/3210/1159 
f 2444/3144/1274 2505/3211/1327 2506/3212/1328 
f 2507/3213/1288 2280/3214/1280 2508/3215/1281 
f 2509/3216/1307 2270/3217/1319 2510/3218/1317 
f 2511/3219/1329 2512/3220/1196 2476/3179/1303 
f 2513/3221/1330 2504/3210/1159 2503/3209/1326 
f 2514/3222/1331 2515/3223/1332 2516/3224/1292 
f 2517/3225/1333 2518/3226/1334 2514/3222/1331 
f 2519/3227/1335 2451/3153/1282 2496/3202/1321 
f 2447/3147/1277 2446/3146/1276 2461/3163/1290 
f 2520/3228/1267 2521/3229/1336 2522/3230/1337 
f 2438/3138/1269 2523/3231/1338 2524/3232/1339 
f 2525/3233/1340 2526/3234/1341 2527/3235/1342 
f 2528/3236/1314 2529/3237/1343 2530/3238/1344 
f 2479/3182/1305 2531/3239/1345 2480/3183/1306 
f 2532/3240/1277 2437/3137/1268 2439/3139/1270 
f 2474/3177/1277 2496/3202/1321 2451/3153/1282 
f 2437/3137/1268 2516/3224/1292 2523/3231/1338 
f 2533/3241/1346 2521/3229/1336 2534/3242/1347 
f 2529/3237/1343 2479/3182/1305 2535/3243/1348 
f 2536/3244/1273 2465/3168/1295 2527/3235/1342 
f 2435/3135/1266 2434/3134/1265 2450/3152/1267 
f 2435/3135/1266 2508/3215/1281 2280/3214/1280 
f 2486/3190/1311 2526/3234/1341 2491/3196/1316 
f 2537/3245/1349 2491/3196/1316 2538/3246/1314 
f 2454/3156/1285 2539/3247/1350 2441/3141/1272 
f 2507/3213/1288 2508/3215/1281 2442/3142/1196 
f 2454/3156/1285 2440/3140/1271 2450/3152/1267 
f 2540/3248/1351 2541/3249/1352 2539/3247/1350 
f 2475/3178/1281 2541/3249/1352 2476/3179/1303 
f 2540/3248/1351 2497/3203/1322 2533/3241/1346 
f 2534/3242/1347 2542/3250/1353 2543/3251/1354 
f 2485/3189/1310 2494/3200/1320 2483/3187/1308 
f 2509/3216/1307 2510/3218/1317 2495/3201/1159 
f 2484/3188/1309 2483/3187/1308 2538/3246/1314 
f 2544/3252/1317 2485/3189/1310 2480/3183/1306 
f 2544/3252/1317 2480/3183/1306 2503/3209/1326 
f 2545/3253/1314 2546/3254/1355 2478/3181/1304 
f 2531/3239/1345 2547/3255/1345 2468/3171/1297 
f 2477/3180/1196 2476/3179/1303 2512/3220/1196 
f 2548/3256/1196 2441/3141/1272 2477/3180/1196 
f 2549/3257/1159 2494/3200/1320 2502/3208/1159 
f 2511/3219/1329 2543/3251/1354 2542/3250/1353 
f 2542/3250/1353 2550/3258/1356 2456/3158/1286 
f 2535/3243/1348 2551/3259/1357 2552/3260/1358 
f 2520/3228/1267 2553/3261/1359 2554/3262/1360 
f 2459/3161/1288 2449/3151/1281 2272/3150/1280 
f 2522/3230/1337 2555/3263/1361 2553/3261/1359 
f 2556/3264/1362 2557/3265/1267 2448/3149/1279 
f 2544/3252/1317 2503/3209/1326 2502/3208/1159 
f 2513/3221/1330 2531/3239/1345 2468/3171/1297 
f 2468/3171/1297 2547/3255/1345 2469/3172/1298 
f 2558/3266/1363 2559/3267/1159 2470/3173/1299 
f 2560/3268/1364 2528/3236/1314 2444/3144/1274 
f 2481/3184/1159 2492/3197/1317 2482/3185/1307 
f 2444/3144/1274 2528/3236/1314 2530/3238/1344 
f 2561/3269/1365 2493/3198/1318 2506/3212/1328 
f 2562/3270/1196 2457/3159/1287 2458/3160/1196 
f 2449/3151/1281 2458/3160/1196 2457/3159/1287 
f 2459/3161/1288 2261/3112/1196 2458/3160/1196 
f 2563/3271/1366 2554/3262/1360 2448/3149/1279 
f 2564/3272/1159 2558/3266/1363 2481/3184/1159 
f 2558/3266/1363 2564/3272/1159 2559/3267/1159 
f 2279/3199/1319 2482/3185/1307 2492/3197/1317 
f 2565/3273/1367 2560/3268/1364 2493/3198/1318 
f 2442/3142/1196 2276/3027/1196 2507/3213/1288 
f 2440/3140/1271 2508/3215/1281 2435/3135/1266 
f 2442/3142/1196 2508/3215/1281 2440/3140/1271 
f 2495/3201/1159 2265/3274/1159 2509/3216/1307 
f 2537/3245/1349 2510/3218/1317 2270/3217/1319 
f 2495/3201/1159 2510/3218/1317 2483/3187/1308 
f 2552/3260/1358 2551/3259/1357 2566/3275/1368 
f 2529/3237/1343 2528/3236/1314 2547/3255/1345 
f 2567/3276/1369 2552/3260/1358 2566/3275/1368 
f 2515/3223/1332 2568/3277/1370 2516/3224/1292 
f 2563/3271/1366 2448/3149/1279 2449/3151/1281 
f 2565/3273/1367 2493/3198/1318 2492/3197/1317 
f 2557/3265/1267 2556/3264/1362 2267/3148/1278 
f 2557/3265/1267 2272/3150/1280 2448/3149/1279 
f 2275/3278/1278 2434/3134/1265 2436/3136/1267 
f 2561/3269/1365 2569/3279/1314 2493/3198/1318 
f 2569/3279/1314 2279/3199/1319 2493/3198/1318 
f 2440/3140/1271 2435/3135/1266 2450/3152/1267 
f 2435/3135/1266 2280/3214/1280 2436/3136/1267 
f 2472/3175/1301 2434/3134/1265 2275/3278/1278 
f 2434/3134/1265 2472/3175/1301 2451/3153/1282 
f 2473/3176/1302 2570/3280/1277 2274/3281/1371 
f 2570/3280/1277 2473/3176/1302 2472/3175/1301 
f 2472/3175/1301 2474/3177/1277 2451/3153/1282 
f 2474/3177/1277 2499/3205/1323 2501/3207/1325 
f 2497/3203/1322 2496/3202/1321 2517/3225/1333 
f 2498/3204/1267 2454/3156/1285 2519/3227/1335 
f 2274/3281/1371 2463/3165/1292 2571/3282/1372 
f 2499/3205/1323 2474/3177/1277 2473/3176/1302 
f 2445/3145/1275 2452/3154/1283 2443/3143/1273 
f 2464/3167/1294 2571/3282/1372 2463/3165/1292 
f 2572/3283/1292 2499/3205/1323 2571/3282/1372 
f 2571/3282/1372 2499/3205/1323 2473/3176/1302 
f 2500/3206/1324 2499/3205/1323 2572/3283/1292 
f 2500/3206/1324 2572/3283/1292 2515/3223/1332 
f 2500/3206/1324 2517/3225/1333 2501/3207/1325 
f 2573/3284/1373 2572/3283/1292 2452/3154/1283 
f 2568/3277/1370 2574/3285/1368 2552/3260/1358 
f 2472/3175/1301 2275/3278/1278 2570/3280/1277 
f 2517/3225/1333 2532/3240/1277 2497/3203/1322 
f 2497/3203/1322 2532/3240/1277 2533/3241/1346 
f 2437/3137/1268 2514/3222/1331 2516/3224/1292 
f 2533/3241/1346 2532/3240/1277 2439/3139/1270 
f 2521/3229/1336 2533/3241/1346 2439/3139/1270 
f 2540/3248/1351 2533/3241/1346 2543/3251/1354 
f 2514/3222/1331 2532/3240/1277 2517/3225/1333 
f 2523/3231/1338 2438/3138/1269 2437/3137/1268 
f 2575/3286/1374 2466/3169/1292 2462/3164/1291 
f 2522/3230/1337 2576/3287/1375 2575/3286/1374 
f 2516/3224/1292 2567/3276/1369 2523/3231/1338 
f 2523/3231/1338 2567/3276/1369 2467/3170/1296 
f 2438/3138/1269 2575/3286/1374 2576/3287/1375 
f 2534/3242/1347 2521/3229/1336 2520/3228/1267 
f 2521/3229/1336 2439/3139/1270 2576/3287/1375 
f 2555/3263/1361 2577/3288/1277 2446/3146/1276 
f 2567/3276/1369 2516/3224/1292 2568/3277/1370 
f 2467/3170/1296 2567/3276/1369 2566/3275/1368 
f 2465/3168/1295 2467/3170/1296 2566/3275/1368 
f 2524/3232/1339 2467/3170/1296 2466/3169/1292 
f 2551/3259/1357 2478/3181/1304 2546/3254/1355 
f 2465/3168/1295 2536/3244/1273 2489/3193/1313 
f 2566/3275/1368 2527/3235/1342 2465/3168/1295 
f 2545/3253/1314 2484/3188/1309 2525/3233/1340 
f 2536/3244/1273 2488/3192/1312 2489/3193/1313 
f 2578/3289/1292 2460/3162/1289 2579/3290/1376 
f 2489/3193/1313 2488/3192/1312 2579/3290/1376 
f 2447/3147/1277 2461/3163/1290 2269/3291/1371 
f 2486/3190/1311 2488/3192/1312 2536/3244/1273 
f 2578/3289/1292 2579/3290/1376 2268/3292/1293 
f 2526/3234/1341 2486/3190/1311 2536/3244/1273 
f 2487/3191/1273 2268/3292/1293 2488/3192/1312 
f 2532/3240/1277 2514/3222/1331 2437/3137/1268 
f 2517/3225/1333 2500/3206/1324 2518/3226/1334 
f 2527/3235/1342 2526/3234/1341 2536/3244/1273 
f 2491/3196/1316 2526/3234/1341 2538/3246/1314 
f 2537/3245/1349 2270/3217/1319 2490/3194/1314 
f 2486/3190/1311 2491/3196/1316 2271/3195/1315 
f 2483/3187/1308 2510/3218/1317 2537/3245/1349 
f 2491/3196/1316 2537/3245/1349 2490/3194/1314 
f 2537/3245/1349 2538/3246/1314 2483/3187/1308 
f 2486/3190/1311 2271/3195/1315 2487/3191/1273 
f 2541/3249/1352 2540/3248/1351 2543/3251/1354 
f 2498/3204/1267 2497/3203/1322 2540/3248/1351 
f 2476/3179/1303 2541/3249/1352 2543/3251/1354 
f 2539/3247/1350 2541/3249/1352 2475/3178/1281 
f 2571/3282/1372 2473/3176/1302 2274/3281/1371 
f 2572/3283/1292 2571/3282/1372 2464/3167/1294 
f 2550/3258/1356 2534/3242/1347 2520/3228/1267 
f 2533/3241/1346 2534/3242/1347 2543/3251/1354 
f 2460/3162/1289 2578/3289/1292 2269/3291/1371 
f 2550/3258/1356 2520/3228/1267 2554/3262/1360 
f 2542/3250/1353 2534/3242/1347 2550/3258/1356 
f 2554/3262/1360 2456/3158/1286 2550/3258/1356 
f 2457/3159/1287 2456/3158/1286 2563/3271/1366 
f 2449/3151/1281 2457/3159/1287 2563/3271/1366 
f 2511/3219/1329 2455/3157/1196 2512/3220/1196 
f 2455/3157/1196 2542/3250/1353 2456/3158/1286 
f 2457/3159/1287 2562/3270/1196 2455/3157/1196 
f 2529/3237/1343 2535/3243/1348 2530/3238/1344 
f 2445/3145/1275 2530/3238/1344 2574/3285/1368 
f 2443/3143/1273 2505/3211/1327 2444/3144/1274 
f 2573/3284/1373 2574/3285/1368 2515/3223/1332 
f 2452/3154/1283 2464/3167/1294 2453/3155/1284 
f 2573/3284/1373 2452/3154/1283 2445/3145/1275 
f 2572/3283/1292 2464/3167/1294 2452/3154/1283 
f 2574/3285/1368 2573/3284/1373 2445/3145/1275 
f 2515/3223/1332 2572/3283/1292 2573/3284/1373 
f 2444/3144/1274 2530/3238/1344 2445/3145/1275 
f 2560/3268/1364 2444/3144/1274 2506/3212/1328 
f 2505/3211/1327 2471/3174/1300 2561/3269/1365 
f 2561/3269/1365 2506/3212/1328 2505/3211/1327 
f 2580/3293/1273 2453/3155/1284 2273/3166/1293 
f 2471/3174/1300 2277/3294/1315 2561/3269/1365 
f 2464/3167/1294 2273/3166/1293 2453/3155/1284 
f 2443/3143/1273 2471/3174/1300 2505/3211/1327 
f 2569/3279/1314 2561/3269/1365 2277/3294/1315 
f 2453/3155/1284 2580/3293/1273 2471/3174/1300 
f 2277/3294/1315 2471/3174/1300 2580/3293/1273 
f 2493/3198/1318 2560/3268/1364 2506/3212/1328 
f 2469/3172/1298 2560/3268/1364 2565/3273/1367 
f 2577/3288/1277 2461/3163/1290 2446/3146/1276 
f 2267/3148/1278 2556/3264/1362 2446/3146/1276 
f 2555/3263/1361 2446/3146/1276 2556/3264/1362 
f 2462/3164/1291 2461/3163/1290 2577/3288/1277 
f 2460/3162/1289 2269/3291/1371 2461/3163/1290 
f 2575/3286/1374 2462/3164/1291 2577/3288/1277 
f 2466/3169/1292 2460/3162/1289 2462/3164/1291 
f 2522/3230/1337 2575/3286/1374 2577/3288/1277 
f 2575/3286/1374 2438/3138/1269 2524/3232/1339 
f 2521/3229/1336 2576/3287/1375 2522/3230/1337 
f 2439/3139/1270 2438/3138/1269 2576/3287/1375 
f 2553/3261/1359 2555/3263/1361 2556/3264/1362 
f 2522/3230/1337 2577/3288/1277 2555/3263/1361 
f 2554/3262/1360 2553/3261/1359 2556/3264/1362 
f 2522/3230/1337 2553/3261/1359 2520/3228/1267 
f 2448/3149/1279 2554/3262/1360 2556/3264/1362 
f 2563/3271/1366 2456/3158/1286 2554/3262/1360 
f 2519/3227/1335 2454/3156/1285 2450/3152/1267 
f 2454/3156/1285 2498/3204/1267 2539/3247/1350 
f 2451/3153/1282 2519/3227/1335 2450/3152/1267 
f 2498/3204/1267 2519/3227/1335 2496/3202/1321 
f 2477/3180/1196 2441/3141/1272 2475/3178/1281 
f 2442/3142/1196 2441/3141/1272 2548/3256/1196 
f 2525/3233/1340 2484/3188/1309 2538/3246/1314 
f 2485/3189/1310 2484/3188/1309 2545/3253/1314 
f 2502/3208/1159 2494/3200/1320 2544/3252/1317 
f 2495/3201/1159 2494/3200/1320 2549/3257/1159 
f 2478/3181/1304 2480/3183/1306 2545/3253/1314 
f 2503/3209/1326 2480/3183/1306 2531/3239/1345 
f 2546/3254/1355 2545/3253/1314 2527/3235/1342 
f 2478/3181/1304 2551/3259/1357 2479/3182/1305 
f 2527/3235/1342 2566/3275/1368 2546/3254/1355 
f 2566/3275/1368 2551/3259/1357 2546/3254/1355 
f 2535/3243/1348 2479/3182/1305 2551/3259/1357 
f 2529/3237/1343 2531/3239/1345 2479/3182/1305 
f 2543/3251/1354 2511/3219/1329 2476/3179/1303 
f 2455/3157/1196 2511/3219/1329 2542/3250/1353 
f 2531/3239/1345 2513/3221/1330 2503/3209/1326 
f 2470/3173/1299 2559/3267/1159 2468/3171/1297 
f 2529/3237/1343 2547/3255/1345 2531/3239/1345 
f 2469/3172/1298 2547/3255/1345 2528/3236/1314 
f 2560/3268/1364 2469/3172/1298 2528/3236/1314 
f 2470/3173/1299 2469/3172/1298 2565/3273/1367 
f 2558/3266/1363 2470/3173/1299 2565/3273/1367 
f 2513/3221/1330 2468/3171/1297 2559/3267/1159 
f 2565/3273/1367 2492/3197/1317 2558/3266/1363 
f 2513/3221/1330 2559/3267/1159 2504/3210/1159 
f 2481/3184/1159 2558/3266/1363 2492/3197/1317 
f 2517/3225/1333 2496/3202/1321 2501/3207/1325 
f 2474/3177/1277 2501/3207/1325 2496/3202/1321 
f 2574/3285/1368 2568/3277/1370 2515/3223/1332 
f 2567/3276/1369 2568/3277/1370 2552/3260/1358 
f 2467/3170/1296 2524/3232/1339 2523/3231/1338 
f 2575/3286/1374 2524/3232/1339 2466/3169/1292 
f 2500/3206/1324 2515/3223/1332 2518/3226/1334 
f 2515/3223/1332 2514/3222/1331 2518/3226/1334 
f 2539/3247/1350 2475/3178/1281 2441/3141/1272 
f 2540/3248/1351 2539/3247/1350 2498/3204/1267 
f 2579/3290/1376 2488/3192/1312 2268/3292/1293 
f 2460/3162/1289 2489/3193/1313 2579/3290/1376 
f 2552/3260/1358 2574/3285/1368 2535/3243/1348 
f 2530/3238/1344 2535/3243/1348 2574/3285/1368 
f 2526/3234/1341 2525/3233/1340 2538/3246/1314 
f 2545/3253/1314 2525/3233/1340 2527/3235/1342 
f 2480/3183/1306 2485/3189/1310 2545/3253/1314 
f 2494/3200/1320 2485/3189/1310 2544/3252/1317 
# 584 faces

#
# object _Revolve__1785_
#

v  6.6649 45.3620 34.0645
v  6.6649 43.7922 38.8959
v  2.7404 44.3834 39.0880
v  -0.8000 47.6688 34.8141
v  -0.8000 46.0990 39.6454
v  -3.6096 48.7711 40.5137
v  2.7404 45.9532 34.2566
v  -5.4135 52.1382 41.6077
v  -3.6096 50.3409 35.6823
v  -5.4135 53.7080 36.7763
v  -6.0351 55.8707 42.8204
v  -6.0351 57.4405 37.9891
v  -5.4135 59.6031 44.0332
v  -3.6096 62.9702 45.1272
v  -5.4135 61.1729 39.2018
v  2.7404 68.9277 41.7215
v  -0.8000 65.6423 45.9954
v  2.7404 67.3579 46.5529
v  -0.8000 67.2121 41.1641
v  6.6649 67.9491 46.7449
v  6.6649 69.5189 41.9136
v  -3.6096 64.5400 40.2958
v  10.5894 67.3579 46.5529
v  14.1297 67.2121 41.1641
v  14.1297 65.6423 45.9954
v  16.9394 62.9702 45.1272
v  10.5894 68.9277 41.7215
v  18.7433 59.6031 44.0332
v  16.9394 64.5400 40.2958
v  18.7433 61.1729 39.2018
v  19.3649 55.8707 42.8204
v  19.3649 57.4405 37.9891
v  18.7433 53.7080 36.7763
v  18.7433 52.1382 41.6077
v  16.9394 48.7711 40.5137
v  10.5894 44.3834 39.0880
v  14.1297 47.6688 34.8141
v  14.1297 46.0990 39.6454
v  16.9394 50.3409 35.6823
v  10.5894 45.9532 34.2566
v  6.6649 68.3110 41.5211
v  3.1328 67.7790 41.3483
v  -0.0535 66.2349 40.8466
v  -2.5822 63.8300 40.0652
v  -4.2057 60.7997 39.0805
v  -4.7651 57.4405 37.9891
v  -0.0535 48.6460 35.1316
v  3.1328 47.1019 34.6299
v  6.6649 46.5699 34.4570
v  -4.2057 54.0813 36.8976
v  -2.5822 51.0509 35.9130
v  15.9119 63.8300 40.0652
v  13.3833 66.2349 40.8466
v  17.5354 60.7997 39.0805
v  18.0949 57.4405 37.9891
v  10.1969 67.7790 41.3483
v  17.5354 54.0813 36.8976
v  15.9119 51.0509 35.9130
v  13.3833 48.6460 35.1316
v  10.1969 47.1019 34.6299
v  6.6649 48.1397 29.6256
v  -0.0535 50.2158 30.3002
v  3.1328 48.6717 29.7985
v  -2.5822 52.6207 31.0816
v  -4.2057 55.6511 32.0662
v  -4.7651 59.0103 33.1577
v  -2.5822 65.3998 35.2338
v  3.1328 69.3488 36.5169
v  -0.0535 67.8047 36.0152
v  6.6649 69.8808 36.6898
v  -4.2057 62.3695 34.2492
v  13.3833 67.8047 36.0152
v  10.1969 69.3488 36.5169
v  15.9119 65.3998 35.2338
v  17.5354 62.3695 34.2492
v  18.0949 59.0103 33.1577
v  17.5354 55.6511 32.0662
v  15.9119 52.6207 31.0816
v  13.3833 50.2158 30.3002
v  10.1969 48.6717 29.7985
v  6.6649 68.6730 36.2973
v  3.1899 68.0903 36.1080
v  0.1341 66.4123 35.5628
v  -2.1339 63.8416 34.7275
v  -3.3408 60.6882 33.7029
v  0.1341 51.6082 30.7526
v  3.1899 49.9303 30.2074
v  6.6649 49.3475 30.0181
v  -3.3408 57.3324 32.6125
v  -2.1339 54.1789 31.5879
v  13.1956 66.4123 35.5628
v  15.4637 63.8416 34.7275
v  16.6705 60.6882 33.7029
v  10.1398 68.0903 36.1080
v  16.6705 57.3324 32.6125
v  15.4637 54.1789 31.5879
v  13.1956 51.6082 30.7526
v  10.1398 49.9303 30.2074
v  6.6649 50.9173 25.1867
v  0.1341 53.1780 25.9212
v  3.1899 51.5001 25.3761
v  -2.1339 55.7487 26.7565
v  -3.3408 58.9022 27.7811
v  -3.3408 62.2580 28.8715
v  3.1899 69.6601 31.2766
v  0.1341 67.9822 30.7314
v  6.6649 70.2428 31.4659
v  -2.1339 65.4114 29.8961
v  13.1956 67.9822 30.7314
v  10.1398 69.6601 31.2766
v  15.4637 65.4114 29.8961
v  16.6705 62.2580 28.8715
v  16.6705 58.9022 27.7811
v  13.1956 53.1780 25.9212
v  15.4637 55.7487 26.7565
v  10.1398 51.5001 25.3761
v  6.6649 60.5801 28.3263
v  6.6649 55.8707 42.8204
# 118 vertices

vn 0.0000 -0.9511 -0.3090
vn -0.3090 -0.9045 -0.2939
vn -0.5878 -0.7694 -0.2500
vn -0.8090 -0.5590 -0.1816
vn -0.9511 -0.2939 -0.0955
vn -1.0000 -0.0000 0.0000
vn -0.9511 0.2939 0.0955
vn -0.8090 0.5590 0.1816
vn -0.3090 0.9045 0.2939
vn -0.5878 0.7694 0.2500
vn -0.0000 0.9511 0.3090
vn 0.3090 0.9045 0.2939
vn 0.5878 0.7694 0.2500
vn 0.8090 0.5590 0.1816
vn 0.9511 0.2939 0.0955
vn 1.0000 0.0000 0.0000
vn 0.9511 -0.2939 -0.0955
vn 0.8090 -0.5590 -0.1816
vn 0.3090 -0.9045 -0.2939
vn 0.5878 -0.7694 -0.2500
vn -0.0000 0.3090 -0.9511
vn -0.3420 -0.8937 -0.2904
vn -0.6428 -0.7286 -0.2367
vn -0.8660 -0.4755 -0.1545
vn -0.9848 -0.1651 -0.0537
vn -0.9848 0.1651 0.0537
vn -0.8660 0.4755 0.1545
vn -0.3420 0.8937 0.2904
vn -0.6428 0.7286 0.2367
vn 0.3420 0.8937 0.2904
vn 0.6428 0.7286 0.2367
vn 0.8660 0.4755 0.1545
vn 0.9848 0.1651 0.0537
vn 0.9848 -0.1651 -0.0537
vn 0.8660 -0.4755 -0.1545
vn 0.3420 -0.8937 -0.2904
vn 0.6428 -0.7286 -0.2367
vn 0.0000 -0.3090 0.9511
# 38 vertex normals

vt 0.0000 0.6667 0.0000
vt 0.0000 0.5000 0.0000
vt 0.1309 0.5000 0.0000
vt 0.2618 0.6667 0.0000
vt 0.2618 0.5000 0.0000
vt 0.3927 0.5000 0.0000
vt 0.1309 0.6667 0.0000
vt 0.5236 0.5000 0.0000
vt 0.3927 0.6667 0.0000
vt 0.5236 0.6667 0.0000
vt 0.6545 0.5000 0.0000
vt 0.6545 0.6667 0.0000
vt 0.7854 0.5000 0.0000
vt 0.9163 0.5000 0.0000
vt 0.7854 0.6667 0.0000
vt 1.1781 0.6667 0.0000
vt 1.0472 0.5000 0.0000
vt 1.1781 0.5000 0.0000
vt 1.0472 0.6667 0.0000
vt 1.3090 0.5000 0.0000
vt 1.3090 0.6667 0.0000
vt 0.9163 0.6667 0.0000
vt -1.3090 0.6667 0.0000
vt -1.3090 0.5000 0.0000
vt -1.1781 0.5000 0.0000
vt -1.0472 0.6667 0.0000
vt -1.0472 0.5000 0.0000
vt -0.9163 0.5000 0.0000
vt -1.1781 0.6667 0.0000
vt -0.7854 0.5000 0.0000
vt -0.9163 0.6667 0.0000
vt -0.7854 0.6667 0.0000
vt -0.6545 0.5000 0.0000
vt -0.6545 0.6667 0.0000
vt -0.5236 0.6667 0.0000
vt -0.5236 0.5000 0.0000
vt -0.3927 0.5000 0.0000
vt -0.1309 0.5000 0.0000
vt -0.2618 0.6667 0.0000
vt -0.2618 0.5000 0.0000
vt -0.3927 0.6667 0.0000
vt -0.1309 0.6667 0.0000
vt 0.1288 5.8892 0.0000
vt 0.0000 5.9096 0.0000
vt 0.0000 5.8679 0.0000
vt 0.1159 5.8495 0.0000
vt 0.2449 5.8300 0.0000
vt 0.2204 5.7963 0.0000
vt 0.3371 5.7378 0.0000
vt 0.3034 5.7133 0.0000
vt 0.3963 5.6217 0.0000
vt 0.4167 5.4929 0.0000
vt 0.3566 5.6088 0.0000
vt 0.3750 5.4929 0.0000
vt 0.2449 5.1558 0.0000
vt 0.2204 5.1895 0.0000
vt 0.1159 5.1363 0.0000
vt 0.0000 5.1179 0.0000
vt 0.0000 5.0762 0.0000
vt 0.1288 5.0966 0.0000
vt 0.3566 5.3770 0.0000
vt 0.3963 5.3641 0.0000
vt 0.3034 5.2725 0.0000
vt 0.3371 5.2480 0.0000
vt -0.3371 5.7378 0.0000
vt -0.3034 5.7133 0.0000
vt -0.2204 5.7963 0.0000
vt -0.3963 5.6217 0.0000
vt -0.3566 5.6088 0.0000
vt -0.4167 5.4929 0.0000
vt -0.3750 5.4929 0.0000
vt -0.1288 5.8892 0.0000
vt -0.1159 5.8495 0.0000
vt -0.2449 5.8300 0.0000
vt -0.3566 5.3770 0.0000
vt -0.3963 5.3641 0.0000
vt -0.3371 5.2480 0.0000
vt -0.3034 5.2725 0.0000
vt -0.2204 5.1895 0.0000
vt -0.2449 5.1558 0.0000
vt -0.1159 5.1363 0.0000
vt -0.1288 5.0966 0.0000
vt -0.0000 5.1179 0.0000
vt -0.0000 5.0762 0.0000
vt 0.0000 0.8333 0.0000
vt 0.1178 0.6667 0.0000
vt 0.2356 0.8333 0.0000
vt 0.2356 0.6667 0.0000
vt 0.3534 0.6667 0.0000
vt 0.1178 0.8333 0.0000
vt 0.4712 0.6667 0.0000
vt 0.3534 0.8333 0.0000
vt 0.4712 0.8333 0.0000
vt 0.5890 0.6667 0.0000
vt 0.5890 0.8333 0.0000
vt 0.7069 0.6667 0.0000
vt 0.8247 0.6667 0.0000
vt 0.8247 0.8333 0.0000
vt 1.0603 0.8333 0.0000
vt 0.9425 0.6667 0.0000
vt 1.0603 0.6667 0.0000
vt 0.9425 0.8333 0.0000
vt 1.1781 0.8333 0.0000
vt 0.7069 0.8333 0.0000
vt -1.1781 0.8333 0.0000
vt -1.0603 0.6667 0.0000
vt -0.9425 0.8333 0.0000
vt -0.9425 0.6667 0.0000
vt -0.8247 0.6667 0.0000
vt -1.0603 0.8333 0.0000
vt -0.7069 0.6667 0.0000
vt -0.8247 0.8333 0.0000
vt -0.7069 0.8333 0.0000
vt -0.5890 0.6667 0.0000
vt -0.5890 0.8333 0.0000
vt -0.4712 0.8333 0.0000
vt -0.4712 0.6667 0.0000
vt -0.3534 0.6667 0.0000
vt -0.1178 0.6667 0.0000
vt -0.3534 0.8333 0.0000
vt -0.2356 0.6667 0.0000
vt -0.2356 0.8333 0.0000
vt -0.1178 0.8333 0.0000
vt 0.0000 5.8262 0.0000
vt 0.1140 5.8061 0.0000
vt 0.2143 5.7482 0.0000
vt 0.2887 5.6596 0.0000
vt 0.3283 5.5508 0.0000
vt 0.2143 5.2375 0.0000
vt 0.1140 5.1797 0.0000
vt 0.0000 5.1596 0.0000
vt 0.3283 5.4350 0.0000
vt 0.2887 5.3262 0.0000
vt -0.2143 5.7482 0.0000
vt -0.2887 5.6596 0.0000
vt -0.3283 5.5508 0.0000
vt -0.1140 5.8061 0.0000
vt -0.3283 5.4350 0.0000
vt -0.2887 5.3262 0.0000
vt -0.2143 5.2375 0.0000
vt -0.1140 5.1797 0.0000
vt -0.0000 5.1596 0.0000
vt 0.0000 1.0000 0.0000
vt 0.1164 0.8333 0.0000
vt 0.2327 1.0000 0.0000
vt 0.2327 0.8333 0.0000
vt 0.3491 0.8333 0.0000
vt 0.1164 1.0000 0.0000
vt 0.4654 0.8333 0.0000
vt 0.3491 1.0000 0.0000
vt 0.4654 1.0000 0.0000
vt 0.5818 0.8333 0.0000
vt 0.6981 0.8333 0.0000
vt 0.5818 1.0000 0.0000
vt 0.9308 1.0000 0.0000
vt 0.8145 0.8333 0.0000
vt 0.9308 0.8333 0.0000
vt 0.8145 1.0000 0.0000
vt 1.0472 1.0000 0.0000
vt 1.0472 0.8333 0.0000
vt 0.6981 1.0000 0.0000
vt -1.0472 1.0000 0.0000
vt -1.0472 0.8333 0.0000
vt -0.9308 0.8333 0.0000
vt -0.8145 1.0000 0.0000
vt -0.8145 0.8333 0.0000
vt -0.6981 0.8333 0.0000
vt -0.9308 1.0000 0.0000
vt -0.5818 0.8333 0.0000
vt -0.6981 1.0000 0.0000
vt -0.5818 1.0000 0.0000
vt -0.4654 0.8333 0.0000
vt -0.4654 1.0000 0.0000
vt -0.3491 0.8333 0.0000
vt -0.1164 0.8333 0.0000
vt -0.2327 0.8333 0.0000
vt -0.2327 1.0000 0.0000
vt -0.3491 1.0000 0.0000
vt -0.1164 1.0000 0.0000
vt 0.0000 5.4929 0.0000
vt -0.0000 5.4929 0.0000
vt -0.0000 5.9096 0.0000
# 182 texture coords

g _Revolve__1785_
usemtl plastic
s off
f 2581/3295/1377 2582/3296/1377 2583/3297/1378 
f 2584/3298/1379 2585/3299/1379 2586/3300/1380 
f 2583/3297/1378 2585/3299/1379 2587/3301/1378 
f 2586/3300/1380 2588/3302/1381 2589/3303/1380 
f 2581/3295/1377 2583/3297/1378 2587/3301/1378 
f 2587/3301/1378 2585/3299/1379 2584/3298/1379 
f 2588/3302/1381 2590/3304/1381 2589/3303/1380 
f 2589/3303/1380 2584/3298/1379 2586/3300/1380 
f 2590/3304/1381 2591/3305/1382 2592/3306/1382 
f 2588/3302/1381 2591/3305/1382 2590/3304/1381 
f 2593/3307/1383 2594/3308/1384 2595/3309/1383 
f 2596/3310/1385 2597/3311/1386 2598/3312/1385 
f 2594/3308/1384 2597/3311/1386 2599/3313/1386 
f 2600/3314/1387 2601/3315/1387 2598/3312/1385 
f 2592/3306/1382 2593/3307/1383 2595/3309/1383 
f 2595/3309/1383 2594/3308/1384 2602/3316/1384 
f 2594/3308/1384 2599/3313/1386 2602/3316/1384 
f 2599/3313/1386 2597/3311/1386 2596/3310/1385 
f 2598/3312/1385 2601/3315/1387 2596/3310/1385 
f 2593/3307/1383 2592/3306/1382 2591/3305/1382 
f 2601/3317/1387 2600/3318/1387 2603/3319/1388 
f 2604/3320/1389 2605/3321/1389 2606/3322/1390 
f 2603/3319/1388 2605/3321/1389 2607/3323/1388 
f 2606/3322/1390 2608/3324/1391 2609/3325/1390 
f 2601/3317/1387 2603/3319/1388 2607/3323/1388 
f 2607/3323/1388 2605/3321/1389 2604/3320/1389 
f 2608/3324/1391 2610/3326/1391 2609/3325/1390 
f 2609/3325/1390 2604/3320/1389 2606/3322/1390 
f 2610/3326/1391 2611/3327/1392 2612/3328/1392 
f 2608/3324/1391 2611/3327/1392 2610/3326/1391 
f 2613/3329/1393 2614/3330/1393 2615/3331/1394 
f 2616/3332/1395 2617/3333/1396 2618/3334/1396 
f 2618/3334/1396 2619/3335/1394 2615/3331/1394 
f 2620/3336/1395 2616/3332/1395 2582/3296/1377 
f 2613/3329/1393 2612/3328/1392 2614/3330/1393 
f 2619/3335/1394 2613/3329/1393 2615/3331/1394 
f 2620/3336/1395 2617/3333/1396 2616/3332/1395 
f 2581/3295/1377 2620/3336/1395 2582/3296/1377 
f 2619/3335/1394 2618/3334/1396 2617/3333/1396 
f 2614/3330/1393 2612/3328/1392 2611/3327/1392 
f 2596/3337/1397 2601/3338/1397 2621/3339/1397 
f 2596/3337/1397 2622/3340/1397 2599/3341/1397 
f 2621/3339/1397 2622/3340/1397 2596/3337/1397 
f 2599/3341/1397 2622/3340/1397 2623/3342/1397 
f 2623/3342/1397 2602/3343/1397 2599/3341/1397 
f 2623/3342/1397 2624/3344/1397 2602/3343/1397 
f 2602/3343/1397 2624/3344/1397 2595/3345/1397 
f 2592/3346/1397 2595/3345/1397 2625/3347/1397 
f 2625/3347/1397 2595/3345/1397 2624/3344/1397 
f 2592/3346/1397 2625/3347/1397 2626/3348/1397 
f 2584/3349/1397 2627/3350/1397 2628/3351/1397 
f 2629/3352/1397 2581/3353/1397 2587/3354/1397 
f 2629/3352/1397 2587/3354/1397 2628/3351/1397 
f 2584/3349/1397 2628/3351/1397 2587/3354/1397 
f 2592/3346/1397 2630/3355/1397 2590/3356/1397 
f 2592/3346/1397 2626/3348/1397 2630/3355/1397 
f 2590/3356/1397 2630/3355/1397 2631/3357/1397 
f 2627/3350/1397 2589/3358/1397 2631/3357/1397 
f 2589/3358/1397 2627/3350/1397 2584/3349/1397 
f 2631/3357/1397 2589/3358/1397 2590/3356/1397 
f 2609/3359/1397 2632/3360/1397 2633/3361/1397 
f 2632/3360/1397 2609/3359/1397 2610/3362/1397 
f 2634/3363/1397 2612/3364/1397 2635/3365/1397 
f 2612/3364/1397 2634/3363/1397 2610/3362/1397 
f 2610/3362/1397 2634/3363/1397 2632/3360/1397 
f 2601/3338/1397 2607/3366/1397 2621/3339/1397 
f 2621/3339/1397 2607/3366/1397 2636/3367/1397 
f 2636/3367/1397 2604/3368/1397 2633/3361/1397 
f 2604/3368/1397 2636/3367/1397 2607/3366/1397 
f 2633/3361/1397 2604/3368/1397 2609/3359/1397 
f 2637/3369/1397 2612/3364/1397 2613/3370/1397 
f 2613/3370/1397 2619/3371/1397 2638/3372/1397 
f 2638/3372/1397 2619/3371/1397 2639/3373/1397 
f 2613/3370/1397 2638/3372/1397 2637/3369/1397 
f 2639/3373/1397 2617/3374/1397 2640/3375/1397 
f 2617/3374/1397 2639/3373/1397 2619/3371/1397 
f 2640/3375/1397 2617/3374/1397 2620/3376/1397 
f 2629/3377/1397 2620/3376/1397 2581/3378/1397 
f 2620/3376/1397 2629/3377/1397 2640/3375/1397 
f 2637/3369/1397 2635/3365/1397 2612/3364/1397 
f 2641/3379/1377 2629/3295/1377 2628/3380/1378 
f 2642/3381/1379 2627/3382/1379 2631/3383/1380 
f 2628/3380/1378 2627/3382/1379 2643/3384/1378 
f 2631/3383/1380 2630/3385/1381 2644/3386/1380 
f 2641/3379/1377 2628/3380/1378 2643/3384/1378 
f 2643/3384/1378 2627/3382/1379 2642/3381/1379 
f 2630/3385/1381 2645/3387/1381 2644/3386/1380 
f 2644/3386/1380 2642/3381/1379 2631/3383/1380 
f 2645/3387/1381 2626/3388/1382 2646/3389/1382 
f 2630/3385/1381 2626/3388/1382 2645/3387/1381 
f 2625/3390/1383 2624/3391/1384 2647/3392/1384 
f 2648/3393/1385 2623/3394/1386 2622/3395/1385 
f 2623/3394/1386 2649/3396/1386 2624/3391/1384 
f 2650/3397/1387 2622/3395/1385 2621/3310/1387 
f 2625/3390/1383 2651/3398/1383 2646/3389/1382 
f 2625/3390/1383 2647/3392/1384 2651/3398/1383 
f 2647/3392/1384 2624/3391/1384 2649/3396/1386 
f 2649/3396/1386 2623/3394/1386 2648/3393/1385 
f 2622/3395/1385 2650/3397/1387 2648/3393/1385 
f 2625/3390/1383 2646/3389/1382 2626/3388/1382 
f 2650/3399/1387 2621/3323/1387 2636/3400/1388 
f 2652/3401/1389 2633/3402/1389 2632/3403/1390 
f 2636/3400/1388 2633/3402/1389 2653/3404/1388 
f 2632/3403/1390 2634/3405/1391 2654/3406/1390 
f 2650/3399/1387 2636/3400/1388 2653/3404/1388 
f 2653/3404/1388 2633/3402/1389 2652/3401/1389 
f 2634/3405/1391 2655/3407/1391 2654/3406/1390 
f 2654/3406/1390 2652/3401/1389 2632/3403/1390 
f 2655/3407/1391 2635/3408/1392 2656/3409/1392 
f 2634/3405/1391 2635/3408/1392 2655/3407/1391 
f 2657/3410/1393 2637/3411/1393 2638/3412/1394 
f 2640/3413/1395 2629/3295/1377 2641/3379/1377 
f 2658/3414/1394 2638/3412/1394 2639/3415/1396 
f 2659/3416/1396 2639/3415/1396 2640/3413/1395 
f 2657/3410/1393 2656/3409/1392 2637/3411/1393 
f 2658/3414/1394 2657/3410/1393 2638/3412/1394 
f 2640/3413/1395 2660/3417/1395 2659/3416/1396 
f 2659/3416/1396 2658/3414/1394 2639/3415/1396 
f 2641/3379/1377 2660/3417/1395 2640/3413/1395 
f 2637/3411/1393 2656/3409/1392 2635/3408/1392 
f 2648/3340/1397 2650/3339/1397 2661/3418/1397 
f 2648/3340/1397 2662/3419/1397 2649/3342/1397 
f 2661/3418/1397 2662/3419/1397 2648/3340/1397 
f 2649/3342/1397 2662/3419/1397 2663/3420/1397 
f 2649/3342/1397 2663/3420/1397 2647/3344/1397 
f 2664/3421/1397 2665/3422/1397 2651/3347/1397 
f 2647/3344/1397 2663/3420/1397 2664/3421/1397 
f 2651/3347/1397 2665/3422/1397 2646/3348/1397 
f 2664/3421/1397 2651/3347/1397 2647/3344/1397 
f 2642/3350/1397 2666/3423/1397 2667/3424/1397 
f 2668/3425/1397 2641/3352/1397 2643/3351/1397 
f 2668/3425/1397 2643/3351/1397 2667/3424/1397 
f 2642/3350/1397 2667/3424/1397 2643/3351/1397 
f 2646/3348/1397 2669/3426/1397 2645/3355/1397 
f 2646/3348/1397 2665/3422/1397 2669/3426/1397 
f 2645/3355/1397 2669/3426/1397 2670/3427/1397 
f 2666/3423/1397 2644/3357/1397 2670/3427/1397 
f 2670/3427/1397 2644/3357/1397 2645/3355/1397 
f 2642/3350/1397 2644/3357/1397 2666/3423/1397 
f 2671/3428/1397 2652/3361/1397 2654/3360/1397 
f 2672/3429/1397 2655/3363/1397 2673/3430/1397 
f 2655/3363/1397 2672/3429/1397 2654/3360/1397 
f 2673/3430/1397 2655/3363/1397 2656/3365/1397 
f 2671/3428/1397 2654/3360/1397 2672/3429/1397 
f 2650/3339/1397 2653/3367/1397 2661/3418/1397 
f 2674/3431/1397 2661/3418/1397 2653/3367/1397 
f 2674/3431/1397 2653/3367/1397 2652/3361/1397 
f 2652/3361/1397 2671/3428/1397 2674/3431/1397 
f 2675/3432/1397 2656/3365/1397 2657/3369/1397 
f 2657/3369/1397 2658/3372/1397 2676/3433/1397 
f 2676/3433/1397 2658/3372/1397 2677/3434/1397 
f 2657/3369/1397 2676/3433/1397 2675/3432/1397 
f 2677/3434/1397 2659/3373/1397 2678/3435/1397 
f 2659/3373/1397 2677/3434/1397 2658/3372/1397 
f 2678/3435/1397 2659/3373/1397 2660/3375/1397 
f 2668/3436/1397 2660/3375/1397 2641/3377/1397 
f 2660/3375/1397 2668/3436/1397 2678/3435/1397 
f 2675/3432/1397 2673/3430/1397 2656/3365/1397 
f 2679/3437/1377 2668/3379/1377 2667/3438/1398 
f 2680/3439/1399 2666/3440/1399 2670/3441/1400 
f 2667/3438/1398 2666/3440/1399 2681/3442/1398 
f 2670/3441/1400 2669/3443/1401 2682/3444/1400 
f 2679/3437/1377 2667/3438/1398 2681/3442/1398 
f 2670/3441/1400 2682/3444/1400 2680/3439/1399 
f 2680/3439/1399 2681/3442/1398 2666/3440/1399 
f 2682/3444/1400 2669/3443/1401 2683/3445/1401 
f 2669/3443/1401 2665/3446/1402 2683/3445/1401 
f 2665/3446/1402 2664/3447/1403 2684/3448/1402 
f 2685/3449/1404 2663/3450/1405 2662/3451/1404 
f 2663/3450/1405 2686/3452/1405 2664/3447/1403 
f 2687/3453/1387 2662/3451/1404 2661/3454/1387 
f 2688/3455/1403 2684/3448/1402 2664/3447/1403 
f 2664/3447/1403 2686/3452/1405 2688/3455/1403 
f 2663/3450/1405 2685/3449/1404 2686/3452/1405 
f 2662/3451/1404 2687/3453/1387 2685/3449/1404 
f 2665/3446/1402 2684/3448/1402 2683/3445/1401 
f 2687/3456/1387 2661/3457/1387 2674/3458/1406 
f 2689/3459/1407 2671/3460/1407 2672/3461/1408 
f 2674/3458/1406 2671/3460/1407 2690/3462/1406 
f 2672/3461/1408 2673/3463/1409 2691/3464/1408 
f 2687/3456/1387 2674/3458/1406 2690/3462/1406 
f 2672/3461/1408 2691/3464/1408 2689/3459/1407 
f 2689/3459/1407 2690/3462/1406 2671/3460/1407 
f 2691/3464/1408 2673/3463/1409 2692/3465/1409 
f 2673/3463/1409 2675/3466/1410 2692/3465/1409 
f 2693/3467/1410 2675/3466/1410 2676/3468/1411 
f 2678/3469/1412 2668/3379/1377 2679/3437/1377 
f 2677/3470/1413 2678/3469/1412 2694/3471/1413 
f 2695/3472/1411 2676/3468/1411 2677/3470/1413 
f 2693/3467/1410 2676/3468/1411 2695/3472/1411 
f 2678/3469/1412 2696/3473/1412 2694/3471/1413 
f 2696/3473/1412 2678/3469/1412 2679/3437/1377 
f 2677/3470/1413 2694/3471/1413 2695/3472/1411 
f 2675/3466/1410 2693/3467/1410 2692/3465/1409 
f 2685/3419/1397 2697/3474/1397 2686/3420/1397 
f 2686/3420/1397 2697/3474/1397 2688/3421/1397 
f 2684/3422/1397 2688/3421/1397 2697/3474/1397 
f 2685/3419/1397 2687/3418/1397 2697/3474/1397 
f 2697/3474/1397 2679/3425/1397 2681/3424/1397 
f 2697/3474/1397 2681/3424/1397 2680/3423/1397 
f 2697/3474/1397 2682/3427/1397 2683/3426/1397 
f 2682/3427/1397 2697/3474/1397 2680/3423/1397 
f 2697/3474/1397 2683/3426/1397 2684/3422/1397 
f 2697/3474/1397 2689/3428/1397 2691/3429/1397 
f 2697/3474/1397 2690/3431/1397 2689/3428/1397 
f 2687/3418/1397 2690/3431/1397 2697/3474/1397 
f 2697/3474/1397 2691/3429/1397 2692/3430/1397 
f 2697/3474/1397 2693/3432/1397 2695/3433/1397 
f 2697/3474/1397 2695/3433/1397 2694/3434/1397 
f 2697/3474/1397 2696/3435/1397 2679/3436/1397 
f 2696/3435/1397 2697/3474/1397 2694/3434/1397 
f 2693/3432/1397 2697/3474/1397 2692/3430/1397 
f 2598/3366/1414 2698/3475/1414 2600/3476/1414 
f 2597/3368/1414 2698/3475/1414 2598/3366/1414 
f 2597/3368/1414 2594/3359/1414 2698/3475/1414 
f 2593/3362/1414 2698/3475/1414 2594/3359/1414 
f 2593/3362/1414 2591/3364/1414 2698/3475/1414 
f 2585/3374/1414 2583/3376/1414 2698/3475/1414 
f 2698/3475/1414 2586/3371/1414 2585/3374/1414 
f 2698/3475/1414 2591/3364/1414 2588/3370/1414 
f 2588/3370/1414 2586/3371/1414 2698/3475/1414 
f 2583/3376/1414 2582/3378/1414 2698/3475/1414 
f 2606/3343/1414 2605/3341/1414 2698/3475/1414 
f 2608/3345/1414 2606/3343/1414 2698/3475/1414 
f 2605/3341/1414 2603/3337/1414 2698/3475/1414 
f 2698/3475/1414 2603/3337/1414 2600/3476/1414 
f 2698/3475/1414 2611/3346/1414 2608/3345/1414 
f 2615/3358/1414 2614/3356/1414 2698/3475/1414 
f 2618/3349/1414 2615/3358/1414 2698/3475/1414 
f 2582/3353/1414 2616/3354/1414 2698/3475/1414 
f 2618/3349/1414 2698/3475/1414 2616/3354/1414 
f 2611/3346/1414 2698/3475/1414 2614/3356/1414 
# 232 faces

#
# object _Revolve__1796_
#

v  6.6649 62.4547 63.6547
v  6.6649 50.3763 59.7302
v  2.7404 61.8636 63.4627
v  -0.8000 60.1480 62.9052
v  -3.6096 57.4758 62.0370
v  -5.4135 54.1088 60.9429
v  -6.0351 50.3763 59.7302
v  2.7404 38.8891 55.9978
v  -0.8000 40.6047 56.5552
v  -3.6096 43.2768 57.4234
v  -5.4135 46.6439 58.5175
v  6.6649 38.2979 55.8057
v  14.1297 60.1480 62.9052
v  16.9394 57.4758 62.0370
v  18.7433 54.1088 60.9429
v  10.5894 61.8636 63.4627
v  19.3649 50.3763 59.7302
v  18.7433 46.6439 58.5175
v  16.9394 43.2768 57.4234
v  14.1297 40.6047 56.5552
v  10.5894 38.8891 55.9978
v  0.1341 53.0690 76.6294
v  6.6649 45.6669 74.2243
v  3.1899 54.7469 77.1746
v  -2.1339 50.4983 75.7941
v  -3.3408 47.3448 74.7695
v  6.6649 55.3296 77.3639
v  3.1899 36.5869 71.2740
v  6.6649 36.0042 71.0847
v  0.1341 38.2648 71.8192
v  -3.3408 43.9890 73.6791
v  -2.1339 40.8355 72.6545
v  15.4637 50.4983 75.7941
v  13.1956 53.0690 76.6294
v  10.1398 54.7469 77.1746
v  16.6705 47.3448 74.7695
v  15.4637 40.8355 72.6545
v  16.6705 43.9890 73.6791
v  13.1956 38.2648 71.8192
v  10.1398 36.5869 71.2740
v  3.1899 38.1567 66.4427
v  -2.1339 42.4053 67.8231
v  0.1341 39.8346 66.9879
v  -3.3408 45.5588 68.8478
v  6.6649 37.5740 66.2533
v  -3.3408 48.9146 69.9381
v  -2.1339 52.0681 70.9628
v  0.1341 54.6388 71.7980
v  3.1899 56.3167 72.3432
v  6.6649 56.8995 72.5326
v  10.1398 56.3167 72.3432
v  15.4637 52.0681 70.9628
v  13.1956 54.6388 71.7980
v  16.6705 48.9146 69.9381
v  16.6705 45.5588 68.8478
v  15.4637 42.4053 67.8231
v  10.1398 38.1567 66.4427
v  13.1956 39.8346 66.9879
v  6.6649 58.1073 72.9250
v  3.1328 57.5752 72.7521
v  -0.0535 56.0312 72.2505
v  -2.5822 53.6263 71.4690
v  -4.2057 50.5959 70.4844
v  -4.7651 47.2367 69.3930
v  -0.0535 38.4422 66.5354
v  3.1328 36.8982 66.0338
v  6.6649 36.3661 65.8609
v  -4.2057 43.8775 68.3015
v  -2.5822 40.8472 67.3168
v  15.9119 53.6263 71.4690
v  13.3833 56.0312 72.2505
v  17.5354 50.5959 70.4844
v  18.0949 47.2367 69.3930
v  10.1969 57.5752 72.7521
v  17.5354 43.8775 68.3015
v  15.9119 40.8472 67.3168
v  13.3833 38.4422 66.5354
v  10.1969 36.8982 66.0338
v  3.1328 38.4680 61.2024
v  -4.2057 45.4473 63.4701
v  -2.5822 42.4170 62.4855
v  -0.0535 40.0120 61.7041
v  6.6649 37.9360 61.0295
v  -4.7651 48.8065 64.5616
v  -4.2057 52.1657 65.6531
v  -2.5822 55.1961 66.6377
v  -0.0535 57.6010 67.4191
v  3.1328 59.1451 67.9208
v  6.6649 59.6771 68.0937
v  10.1969 59.1451 67.9208
v  17.5354 52.1657 65.6531
v  15.9119 55.1961 66.6377
v  13.3833 57.6010 67.4191
v  18.0949 48.8065 64.5616
v  15.9119 42.4170 62.4855
v  10.1969 38.4680 61.2024
v  13.3833 40.0120 61.7041
v  17.5354 45.4473 63.4701
v  6.6649 60.8849 68.4861
v  2.7404 60.2938 68.2940
v  -0.8000 58.5782 67.7366
v  -3.6096 55.9060 66.8684
v  -5.4135 52.5390 65.7743
v  -6.0351 48.8065 64.5616
v  -0.8000 39.0349 61.3866
v  2.7404 37.3193 60.8291
v  6.6649 36.7281 60.6371
v  -5.4135 45.0741 63.3488
v  -3.6096 41.7070 62.2548
v  16.9394 55.9060 66.8684
v  18.7433 52.5390 65.7743
v  19.3649 48.8065 64.5616
v  10.5894 60.2938 68.2940
v  14.1297 58.5782 67.7366
v  18.7433 45.0741 63.3488
v  16.9394 41.7070 62.2548
v  14.1297 39.0349 61.3866
v  10.5894 37.3193 60.8291
# 118 vertices

vn 0.0000 0.3090 -0.9511
vn -0.0000 -0.3090 0.9511
vn -0.3420 -0.8937 -0.2904
vn 0.0000 -0.9511 -0.3090
vn -0.8660 -0.4755 -0.1545
vn -0.6428 -0.7286 -0.2367
vn -0.9848 -0.1651 -0.0537
vn -0.9848 0.1651 0.0537
vn -0.8660 0.4755 0.1545
vn -0.6428 0.7286 0.2367
vn -0.3420 0.8937 0.2904
vn -0.0000 0.9511 0.3090
vn 0.3420 0.8937 0.2904
vn 0.8660 0.4755 0.1545
vn 0.6428 0.7286 0.2367
vn 0.9848 0.1651 0.0537
vn 0.9848 -0.1651 -0.0537
vn 0.8660 -0.4755 -0.1545
vn 0.3420 -0.8937 -0.2904
vn 0.6428 -0.7286 -0.2367
vn -0.3090 -0.9045 -0.2939
vn -0.8090 -0.5590 -0.1816
vn -0.9511 -0.2939 -0.0955
vn -0.5878 -0.7694 -0.2500
vn -1.0000 -0.0000 -0.0000
vn -0.9511 0.2939 0.0955
vn -0.8090 0.5590 0.1816
vn -0.5878 0.7694 0.2500
vn -0.3090 0.9045 0.2939
vn 0.3090 0.9045 0.2939
vn 0.8090 0.5590 0.1816
vn 0.9511 0.2939 0.0955
vn 0.5878 0.7694 0.2500
vn 1.0000 0.0000 0.0000
vn 0.9511 -0.2939 -0.0955
vn 0.8090 -0.5590 -0.1816
vn 0.3090 -0.9045 -0.2939
vn 0.5878 -0.7694 -0.2500
# 38 vertex normals

vt -0.0000 5.9096 0.0000
vt -0.0000 5.4929 0.0000
vt 0.1288 5.8892 0.0000
vt 0.2449 5.8300 0.0000
vt 0.3371 5.7378 0.0000
vt 0.3963 5.6217 0.0000
vt 0.4167 5.4929 0.0000
vt 0.1288 5.0966 0.0000
vt 0.2449 5.1558 0.0000
vt 0.3371 5.2480 0.0000
vt 0.3963 5.3641 0.0000
vt -0.0000 5.0762 0.0000
vt -0.2449 5.8300 0.0000
vt -0.3371 5.7378 0.0000
vt -0.3963 5.6217 0.0000
vt -0.1288 5.8892 0.0000
vt -0.4167 5.4929 0.0000
vt -0.3963 5.3641 0.0000
vt -0.3371 5.2480 0.0000
vt -0.2449 5.1558 0.0000
vt -0.1288 5.0966 0.0000
vt -0.2143 5.7482 0.0000
vt 0.0000 5.4929 0.0000
vt -0.1140 5.8061 0.0000
vt -0.2887 5.6596 0.0000
vt -0.3283 5.5508 0.0000
vt 0.0000 5.8262 0.0000
vt -0.1140 5.1797 0.0000
vt 0.0000 5.1596 0.0000
vt -0.2143 5.2375 0.0000
vt -0.3283 5.4350 0.0000
vt -0.2887 5.3262 0.0000
vt 0.2887 5.6596 0.0000
vt 0.2143 5.7482 0.0000
vt 0.1140 5.8061 0.0000
vt 0.3283 5.5508 0.0000
vt 0.2887 5.3262 0.0000
vt 0.3283 5.4350 0.0000
vt 0.2143 5.2375 0.0000
vt 0.1140 5.1797 0.0000
vt 0.1164 -0.8333 0.0000
vt 0.0000 -1.0000 0.0000
vt 0.1164 -1.0000 0.0000
vt 0.3491 -0.8333 0.0000
vt 0.2327 -1.0000 0.0000
vt 0.3491 -1.0000 0.0000
vt 0.2327 -0.8333 0.0000
vt 0.4654 -1.0000 0.0000
vt 0.4654 -0.8333 0.0000
vt 0.0000 -0.8333 0.0000
vt 0.5818 -0.8333 0.0000
vt 0.5818 -1.0000 0.0000
vt 0.6981 -1.0000 0.0000
vt 0.6981 -0.8333 0.0000
vt 0.8145 -0.8333 0.0000
vt 0.8145 -1.0000 0.0000
vt 0.9308 -1.0000 0.0000
vt 0.9308 -0.8333 0.0000
vt 1.0472 -1.0000 0.0000
vt 1.0472 -0.8333 0.0000
vt -0.9308 -0.8333 0.0000
vt -1.0472 -1.0000 0.0000
vt -0.9308 -1.0000 0.0000
vt -0.6981 -0.8333 0.0000
vt -0.8145 -1.0000 0.0000
vt -0.6981 -1.0000 0.0000
vt -0.8145 -0.8333 0.0000
vt -0.5818 -1.0000 0.0000
vt -0.5818 -0.8333 0.0000
vt -1.0472 -0.8333 0.0000
vt -0.4654 -0.8333 0.0000
vt -0.3491 -0.8333 0.0000
vt -0.4654 -1.0000 0.0000
vt -0.3491 -1.0000 0.0000
vt -0.1164 -0.8333 0.0000
vt -0.2327 -1.0000 0.0000
vt -0.1164 -1.0000 0.0000
vt -0.2327 -0.8333 0.0000
vt 0.0000 5.8679 0.0000
vt -0.1159 5.8495 0.0000
vt -0.2204 5.7963 0.0000
vt -0.3034 5.7133 0.0000
vt -0.3566 5.6088 0.0000
vt -0.3750 5.4929 0.0000
vt -0.2204 5.1895 0.0000
vt -0.1159 5.1363 0.0000
vt 0.0000 5.1179 0.0000
vt -0.3566 5.3770 0.0000
vt -0.3034 5.2725 0.0000
vt 0.3034 5.7133 0.0000
vt 0.2204 5.7963 0.0000
vt 0.3566 5.6088 0.0000
vt 0.3750 5.4929 0.0000
vt 0.1159 5.8495 0.0000
vt 0.3566 5.3770 0.0000
vt 0.3034 5.2725 0.0000
vt 0.2204 5.1895 0.0000
vt 0.1159 5.1363 0.0000
vt 0.1178 -0.8333 0.0000
vt 0.1178 -0.6667 0.0000
vt 0.3534 -0.8333 0.0000
vt 0.4712 -0.8333 0.0000
vt 0.4712 -0.6667 0.0000
vt 0.2356 -0.8333 0.0000
vt 0.3534 -0.6667 0.0000
vt 0.2356 -0.6667 0.0000
vt 0.0000 -0.6667 0.0000
vt 0.5890 -0.6667 0.0000
vt 0.5890 -0.8333 0.0000
vt 0.7069 -0.6667 0.0000
vt 0.7069 -0.8333 0.0000
vt 0.8247 -0.6667 0.0000
vt 0.8247 -0.8333 0.0000
vt 0.9425 -0.8333 0.0000
vt 0.9425 -0.6667 0.0000
vt 1.0603 -0.8333 0.0000
vt 1.0603 -0.6667 0.0000
vt 1.1781 -0.8333 0.0000
vt 1.1781 -0.6667 0.0000
vt -1.1781 -0.8333 0.0000
vt -1.0603 -0.8333 0.0000
vt -1.0603 -0.6667 0.0000
vt -0.8247 -0.8333 0.0000
vt -0.7069 -0.8333 0.0000
vt -0.7069 -0.6667 0.0000
vt -0.9425 -0.8333 0.0000
vt -0.8247 -0.6667 0.0000
vt -0.9425 -0.6667 0.0000
vt -1.1781 -0.6667 0.0000
vt -0.5890 -0.6667 0.0000
vt -0.5890 -0.8333 0.0000
vt -0.4712 -0.8333 0.0000
vt -0.3534 -0.8333 0.0000
vt -0.3534 -0.6667 0.0000
vt -0.1178 -0.6667 0.0000
vt -0.2356 -0.8333 0.0000
vt -0.1178 -0.8333 0.0000
vt -0.2356 -0.6667 0.0000
vt -0.4712 -0.6667 0.0000
vt 0.0000 5.9096 0.0000
vt 0.0000 5.0762 0.0000
vt 0.1309 -0.6667 0.0000
vt 0.1309 -0.5000 0.0000
vt 0.3927 -0.6667 0.0000
vt 0.5236 -0.6667 0.0000
vt 0.5236 -0.5000 0.0000
vt 0.2618 -0.6667 0.0000
vt 0.3927 -0.5000 0.0000
vt 0.2618 -0.5000 0.0000
vt 0.0000 -0.5000 0.0000
vt 0.6545 -0.5000 0.0000
vt 0.6545 -0.6667 0.0000
vt 0.7854 -0.5000 0.0000
vt 0.7854 -0.6667 0.0000
vt 1.0472 -0.6667 0.0000
vt 0.9163 -0.5000 0.0000
vt 0.9163 -0.6667 0.0000
vt 1.0472 -0.5000 0.0000
vt 1.1781 -0.5000 0.0000
vt 1.3090 -0.6667 0.0000
vt 1.3090 -0.5000 0.0000
vt -1.3090 -0.6667 0.0000
vt -1.1781 -0.5000 0.0000
vt -0.9163 -0.6667 0.0000
vt -0.7854 -0.6667 0.0000
vt -0.7854 -0.5000 0.0000
vt -1.0472 -0.6667 0.0000
vt -0.9163 -0.5000 0.0000
vt -1.0472 -0.5000 0.0000
vt -1.3090 -0.5000 0.0000
vt -0.6545 -0.5000 0.0000
vt -0.6545 -0.6667 0.0000
vt -0.5236 -0.6667 0.0000
vt -0.3927 -0.6667 0.0000
vt -0.3927 -0.5000 0.0000
vt -0.1309 -0.6667 0.0000
vt -0.2618 -0.6667 0.0000
vt -0.1309 -0.5000 0.0000
vt -0.2618 -0.5000 0.0000
vt -0.5236 -0.5000 0.0000
# 180 texture coords

g _Revolve__1796_
usemtl plastic
s off
f 2699/3477/1415 2700/3478/1415 2701/3479/1415 
f 2701/3479/1415 2700/3478/1415 2702/3480/1415 
f 2700/3478/1415 2703/3481/1415 2702/3480/1415 
f 2703/3481/1415 2700/3478/1415 2704/3482/1415 
f 2700/3478/1415 2705/3483/1415 2704/3482/1415 
f 2700/3478/1415 2706/3484/1415 2707/3485/1415 
f 2707/3485/1415 2708/3486/1415 2700/3478/1415 
f 2709/3487/1415 2705/3483/1415 2700/3478/1415 
f 2700/3478/1415 2708/3486/1415 2709/3487/1415 
f 2700/3478/1415 2710/3488/1415 2706/3484/1415 
f 2700/3478/1415 2711/3489/1415 2712/3490/1415 
f 2700/3478/1415 2712/3490/1415 2713/3491/1415 
f 2700/3478/1415 2714/3492/1415 2711/3489/1415 
f 2699/3477/1415 2714/3492/1415 2700/3478/1415 
f 2713/3491/1415 2715/3493/1415 2700/3478/1415 
f 2700/3478/1415 2716/3494/1415 2717/3495/1415 
f 2700/3478/1415 2717/3495/1415 2718/3496/1415 
f 2700/3478/1415 2719/3497/1415 2710/3488/1415 
f 2719/3497/1415 2700/3478/1415 2718/3496/1415 
f 2716/3494/1415 2700/3478/1415 2715/3493/1415 
f 2720/3498/1416 2721/3499/1416 2722/3500/1416 
f 2723/3501/1416 2721/3499/1416 2720/3498/1416 
f 2721/3499/1416 2723/3501/1416 2724/3502/1416 
f 2721/3499/1416 2725/3503/1416 2722/3500/1416 
f 2726/3504/1416 2727/3505/1416 2721/3499/1416 
f 2728/3506/1416 2726/3504/1416 2721/3499/1416 
f 2729/3507/1416 2730/3508/1416 2721/3499/1416 
f 2728/3506/1416 2721/3499/1416 2730/3508/1416 
f 2724/3502/1416 2729/3507/1416 2721/3499/1416 
f 2731/3509/1416 2732/3510/1416 2721/3499/1416 
f 2732/3510/1416 2733/3511/1416 2721/3499/1416 
f 2721/3499/1416 2733/3511/1416 2725/3503/1416 
f 2734/3512/1416 2731/3509/1416 2721/3499/1416 
f 2735/3513/1416 2736/3514/1416 2721/3499/1416 
f 2737/3515/1416 2735/3513/1416 2721/3499/1416 
f 2727/3505/1416 2738/3516/1416 2721/3499/1416 
f 2737/3515/1416 2721/3499/1416 2738/3516/1416 
f 2734/3512/1416 2721/3499/1416 2736/3514/1416 
f 2739/3517/1417 2727/3518/1418 2726/3519/1417 
f 2740/3520/1419 2728/3521/1420 2730/3522/1419 
f 2726/3519/1417 2728/3521/1420 2741/3523/1420 
f 2730/3522/1419 2729/3524/1421 2742/3525/1421 
f 2743/3526/1418 2727/3518/1418 2739/3517/1417 
f 2728/3521/1420 2740/3520/1419 2741/3523/1420 
f 2741/3523/1420 2739/3517/1417 2726/3519/1417 
f 2740/3520/1419 2730/3522/1419 2742/3525/1421 
f 2729/3524/1421 2744/3527/1422 2742/3525/1421 
f 2724/3528/1422 2723/3529/1423 2745/3530/1423 
f 2746/3531/1424 2720/3532/1424 2722/3533/1425 
f 2720/3532/1424 2745/3530/1423 2723/3529/1423 
f 2747/3534/1425 2722/3533/1425 2725/3535/1426 
f 2745/3530/1423 2744/3527/1422 2724/3528/1422 
f 2720/3532/1424 2746/3531/1424 2745/3530/1423 
f 2722/3533/1425 2747/3534/1425 2746/3531/1424 
f 2725/3535/1426 2748/3536/1426 2747/3534/1425 
f 2724/3528/1422 2744/3527/1422 2729/3524/1421 
f 2749/3537/1427 2725/3538/1426 2733/3539/1427 
f 2750/3540/1428 2732/3541/1429 2731/3542/1428 
f 2733/3539/1427 2732/3541/1429 2751/3543/1429 
f 2731/3542/1428 2734/3544/1430 2752/3545/1430 
f 2748/3546/1426 2725/3538/1426 2749/3537/1427 
f 2732/3541/1429 2750/3540/1428 2751/3543/1429 
f 2751/3543/1429 2749/3537/1427 2733/3539/1427 
f 2750/3540/1428 2731/3542/1428 2752/3545/1430 
f 2734/3544/1430 2753/3547/1431 2752/3545/1430 
f 2754/3548/1432 2736/3549/1431 2735/3550/1432 
f 2755/3551/1433 2737/3552/1434 2738/3553/1433 
f 2755/3551/1433 2738/3553/1433 2727/3518/1418 
f 2756/3554/1434 2735/3550/1432 2737/3552/1434 
f 2753/3547/1431 2736/3549/1431 2754/3548/1432 
f 2755/3551/1433 2756/3554/1434 2737/3552/1434 
f 2743/3526/1418 2755/3551/1433 2727/3518/1418 
f 2735/3550/1432 2756/3554/1434 2754/3548/1432 
f 2736/3549/1431 2753/3547/1431 2734/3544/1430 
f 2748/3503/1416 2757/3555/1416 2758/3556/1416 
f 2759/3557/1416 2747/3500/1416 2758/3556/1416 
f 2758/3556/1416 2747/3500/1416 2748/3503/1416 
f 2746/3498/1416 2747/3500/1416 2759/3557/1416 
f 2760/3558/1416 2746/3498/1416 2759/3557/1416 
f 2761/3559/1416 2744/3502/1416 2745/3501/1416 
f 2745/3501/1416 2746/3498/1416 2760/3558/1416 
f 2762/3560/1416 2744/3502/1416 2761/3559/1416 
f 2760/3558/1416 2761/3559/1416 2745/3501/1416 
f 2739/3504/1416 2741/3506/1416 2763/3561/1416 
f 2764/3562/1416 2765/3563/1416 2743/3505/1416 
f 2739/3504/1416 2764/3562/1416 2743/3505/1416 
f 2764/3562/1416 2739/3504/1416 2763/3561/1416 
f 2766/3564/1416 2742/3507/1416 2762/3560/1416 
f 2742/3507/1416 2744/3502/1416 2762/3560/1416 
f 2740/3508/1416 2742/3507/1416 2766/3564/1416 
f 2740/3508/1416 2767/3565/1416 2741/3506/1416 
f 2766/3564/1416 2767/3565/1416 2740/3508/1416 
f 2741/3506/1416 2767/3565/1416 2763/3561/1416 
f 2768/3566/1416 2769/3567/1416 2751/3510/1416 
f 2752/3512/1416 2770/3568/1416 2750/3509/1416 
f 2768/3566/1416 2750/3509/1416 2770/3568/1416 
f 2771/3569/1416 2770/3568/1416 2752/3512/1416 
f 2750/3509/1416 2768/3566/1416 2751/3510/1416 
f 2748/3503/1416 2772/3570/1416 2757/3555/1416 
f 2772/3570/1416 2748/3503/1416 2749/3511/1416 
f 2769/3567/1416 2772/3570/1416 2749/3511/1416 
f 2749/3511/1416 2751/3510/1416 2769/3567/1416 
f 2773/3571/1416 2771/3569/1416 2753/3514/1416 
f 2754/3513/1416 2774/3572/1416 2773/3571/1416 
f 2756/3515/1416 2774/3572/1416 2754/3513/1416 
f 2753/3514/1416 2754/3513/1416 2773/3571/1416 
f 2755/3516/1416 2775/3573/1416 2756/3515/1416 
f 2774/3572/1416 2756/3515/1416 2775/3573/1416 
f 2776/3574/1416 2775/3573/1416 2755/3516/1416 
f 2765/3563/1416 2776/3574/1416 2743/3505/1416 
f 2755/3516/1416 2743/3505/1416 2776/3574/1416 
f 2771/3569/1416 2752/3512/1416 2753/3514/1416 
f 2765/3526/1418 2764/3575/1435 2777/3576/1435 
f 2767/3577/1436 2766/3578/1437 2778/3579/1437 
f 2763/3580/1438 2767/3577/1436 2779/3581/1436 
f 2764/3575/1435 2763/3580/1438 2780/3582/1438 
f 2764/3575/1435 2780/3582/1438 2777/3576/1435 
f 2777/3576/1435 2781/3583/1418 2765/3526/1418 
f 2767/3577/1436 2778/3579/1437 2779/3581/1436 
f 2779/3581/1436 2780/3582/1438 2763/3580/1438 
f 2766/3578/1437 2782/3584/1439 2778/3579/1437 
f 2766/3578/1437 2762/3585/1439 2782/3584/1439 
f 2783/3586/1440 2762/3585/1439 2761/3587/1440 
f 2784/3588/1441 2760/3589/1441 2759/3590/1442 
f 2783/3586/1440 2761/3587/1440 2760/3589/1441 
f 2785/3591/1442 2759/3590/1442 2758/3592/1443 
f 2783/3586/1440 2760/3589/1441 2784/3588/1441 
f 2784/3588/1441 2759/3590/1442 2785/3591/1442 
f 2786/3593/1443 2757/3594/1426 2787/3595/1426 
f 2786/3593/1443 2785/3591/1442 2758/3592/1443 
f 2786/3593/1443 2758/3592/1443 2757/3594/1426 
f 2762/3585/1439 2783/3586/1440 2782/3584/1439 
f 2757/3596/1426 2772/3597/1444 2788/3598/1444 
f 2768/3599/1445 2770/3600/1446 2789/3601/1446 
f 2769/3602/1447 2768/3599/1445 2790/3603/1445 
f 2772/3597/1444 2769/3602/1447 2791/3604/1447 
f 2772/3597/1444 2791/3604/1447 2788/3598/1444 
f 2788/3598/1444 2787/3605/1426 2757/3596/1426 
f 2768/3599/1445 2789/3601/1446 2790/3603/1445 
f 2790/3603/1445 2791/3604/1447 2769/3602/1447 
f 2770/3600/1446 2792/3606/1448 2789/3601/1446 
f 2770/3600/1446 2771/3607/1448 2792/3606/1448 
f 2773/3608/1449 2774/3609/1450 2793/3610/1450 
f 2794/3611/1451 2775/3612/1452 2776/3613/1451 
f 2774/3609/1450 2775/3612/1452 2795/3614/1452 
f 2765/3526/1418 2794/3611/1451 2776/3613/1451 
f 2773/3608/1449 2796/3615/1449 2771/3607/1448 
f 2773/3608/1449 2793/3610/1450 2796/3615/1449 
f 2771/3607/1448 2796/3615/1449 2792/3606/1448 
f 2793/3610/1450 2774/3609/1450 2795/3614/1452 
f 2795/3614/1452 2775/3612/1452 2794/3611/1451 
f 2765/3526/1418 2781/3583/1418 2794/3611/1451 
f 2787/3555/1416 2797/3616/1416 2798/3492/1416 
f 2799/3489/1416 2786/3556/1416 2798/3492/1416 
f 2798/3492/1416 2786/3556/1416 2787/3555/1416 
f 2785/3557/1416 2786/3556/1416 2799/3489/1416 
f 2799/3489/1416 2800/3490/1416 2785/3557/1416 
f 2800/3490/1416 2784/3558/1416 2785/3557/1416 
f 2801/3491/1416 2784/3558/1416 2800/3490/1416 
f 2783/3559/1416 2801/3491/1416 2802/3493/1416 
f 2784/3558/1416 2801/3491/1416 2783/3559/1416 
f 2782/3560/1416 2783/3559/1416 2802/3493/1416 
f 2777/3562/1416 2780/3561/1416 2803/3496/1416 
f 2804/3497/1416 2805/3617/1416 2781/3563/1416 
f 2777/3562/1416 2804/3497/1416 2781/3563/1416 
f 2804/3497/1416 2777/3562/1416 2803/3496/1416 
f 2806/3494/1416 2778/3564/1416 2802/3493/1416 
f 2778/3564/1416 2782/3560/1416 2802/3493/1416 
f 2779/3565/1416 2778/3564/1416 2806/3494/1416 
f 2779/3565/1416 2807/3495/1416 2780/3561/1416 
f 2803/3496/1416 2780/3561/1416 2807/3495/1416 
f 2806/3494/1416 2807/3495/1416 2779/3565/1416 
f 2791/3567/1416 2790/3566/1416 2808/3481/1416 
f 2809/3482/1416 2808/3481/1416 2790/3566/1416 
f 2792/3569/1416 2810/3483/1416 2789/3568/1416 
f 2809/3482/1416 2789/3568/1416 2810/3483/1416 
f 2790/3566/1416 2789/3568/1416 2809/3482/1416 
f 2787/3555/1416 2811/3479/1416 2797/3616/1416 
f 2788/3570/1416 2811/3479/1416 2787/3555/1416 
f 2791/3567/1416 2812/3480/1416 2788/3570/1416 
f 2811/3479/1416 2788/3570/1416 2812/3480/1416 
f 2808/3481/1416 2812/3480/1416 2791/3567/1416 
f 2813/3487/1416 2810/3483/1416 2796/3571/1416 
f 2793/3572/1416 2814/3486/1416 2813/3487/1416 
f 2795/3573/1416 2814/3486/1416 2793/3572/1416 
f 2796/3571/1416 2793/3572/1416 2813/3487/1416 
f 2794/3574/1416 2815/3485/1416 2795/3573/1416 
f 2814/3486/1416 2795/3573/1416 2815/3485/1416 
f 2816/3484/1416 2815/3485/1416 2794/3574/1416 
f 2805/3617/1416 2816/3484/1416 2781/3563/1416 
f 2794/3574/1416 2781/3563/1416 2816/3484/1416 
f 2810/3483/1416 2792/3569/1416 2796/3571/1416 
f 2805/3583/1418 2804/3618/1435 2706/3619/1435 
f 2807/3620/1436 2806/3621/1437 2709/3622/1437 
f 2803/3623/1438 2807/3620/1436 2708/3624/1436 
f 2804/3618/1435 2803/3623/1438 2707/3625/1438 
f 2804/3618/1435 2707/3625/1438 2706/3619/1435 
f 2706/3619/1435 2710/3626/1418 2805/3583/1418 
f 2807/3620/1436 2709/3622/1437 2708/3624/1436 
f 2708/3624/1436 2707/3625/1438 2803/3623/1438 
f 2806/3621/1437 2705/3627/1439 2709/3622/1437 
f 2806/3621/1437 2802/3628/1439 2705/3627/1439 
f 2704/3629/1440 2802/3628/1439 2801/3630/1440 
f 2799/3631/1442 2703/3632/1441 2800/3633/1441 
f 2801/3630/1440 2800/3633/1441 2703/3632/1441 
f 2702/3634/1442 2799/3631/1442 2798/3595/1443 
f 2704/3629/1440 2801/3630/1440 2703/3632/1441 
f 2703/3632/1441 2799/3631/1442 2702/3634/1442 
f 2701/3635/1443 2797/3636/1426 2699/3637/1426 
f 2701/3635/1443 2702/3634/1442 2798/3595/1443 
f 2701/3635/1443 2798/3595/1443 2797/3636/1426 
f 2802/3628/1439 2704/3629/1440 2705/3627/1439 
f 2797/3638/1426 2811/3605/1444 2714/3639/1444 
f 2808/3640/1445 2809/3641/1446 2713/3642/1446 
f 2812/3643/1447 2808/3640/1445 2712/3644/1445 
f 2811/3605/1444 2812/3643/1447 2711/3645/1447 
f 2811/3605/1444 2711/3645/1447 2714/3639/1444 
f 2714/3639/1444 2699/3646/1426 2797/3638/1426 
f 2808/3640/1445 2713/3642/1446 2712/3644/1445 
f 2712/3644/1445 2711/3645/1447 2812/3643/1447 
f 2809/3641/1446 2715/3647/1448 2713/3642/1446 
f 2809/3641/1446 2810/3648/1448 2715/3647/1448 
f 2813/3649/1449 2814/3650/1450 2717/3651/1450 
f 2816/3652/1451 2805/3583/1418 2710/3626/1418 
f 2815/3653/1452 2816/3652/1451 2719/3654/1451 
f 2814/3650/1450 2815/3653/1452 2718/3655/1452 
f 2813/3649/1449 2716/3656/1449 2810/3648/1448 
f 2813/3649/1449 2717/3651/1450 2716/3656/1449 
f 2810/3648/1448 2716/3656/1449 2715/3647/1448 
f 2718/3655/1452 2717/3651/1450 2814/3650/1450 
f 2815/3653/1452 2719/3654/1451 2718/3655/1452 
f 2816/3652/1451 2710/3626/1418 2719/3654/1451 
# 232 faces

#
# object _Extrusion__1808_
#

v  6.4660 48.8968 59.2495
v  7.0311 48.8968 59.2495
v  7.5404 49.1300 59.3253
v  5.9567 51.0187 59.9389
v  5.6043 49.5503 59.4618
v  5.9567 49.1300 59.3253
v  5.4786 50.0744 59.6321
v  7.8928 50.5984 59.8024
v  7.8928 49.5503 59.4618
v  7.5404 51.0187 59.9389
v  5.6043 50.5984 59.8024
v  7.0311 51.2519 60.0147
v  6.4660 51.2519 60.0147
v  8.0185 50.0744 59.6321
v  5.9567 56.5130 43.0291
v  7.0311 56.7463 43.1049
v  7.5404 56.5130 43.0291
v  7.5404 54.6244 42.4155
v  6.4660 56.7463 43.1049
v  5.6043 55.0446 42.5520
v  5.4786 55.5687 42.7223
v  5.6043 56.0928 42.8926
v  7.8928 56.0928 42.8926
v  7.8928 55.0446 42.5520
v  5.9567 54.6244 42.4155
v  6.4660 54.3911 42.3397
v  7.0311 54.3911 42.3397
v  8.0185 55.5687 42.7223
v  5.7804 51.6796 52.0319
v  6.7486 51.6137 50.7848
v  5.4786 53.9196 47.7977
v  8.0185 53.9196 47.7977
v  7.7167 51.6796 52.0319
v  7.7167 53.2430 52.5399
v  6.7486 54.0294 51.5697
v  5.7804 53.2430 52.5399
# 36 vertices

vn 0.0000 -0.3090 0.9511
vn -0.0000 0.3090 -0.9511
vn -0.7623 -0.6155 -0.2000
vn -0.9010 -0.4126 -0.1341
vn -0.6235 -0.7436 -0.2416
vn -0.2225 -0.9272 -0.3013
vn -0.0000 -0.9511 -0.3090
vn -1.0000 -0.0000 0.0000
vn 0.2225 -0.9272 -0.3013
vn 0.6235 -0.7436 -0.2416
vn 0.9010 -0.4126 -0.1341
vn 1.0000 -0.0000 -0.0000
vn 0.7623 -0.6155 -0.2000
vn 0.7623 0.6155 0.2000
vn 0.9010 0.4126 0.1341
vn 0.6235 0.7436 0.2416
vn 0.2225 0.9272 0.3013
vn -0.0000 0.9511 0.3090
vn -0.6235 0.7436 0.2416
vn -0.2225 0.9272 0.3013
vn -0.7623 0.6155 0.2000
vn -0.9010 0.4126 0.1341
# 22 vertex normals

vt 0.1232 0.8966 0.0000
vt 0.1418 0.8966 0.0000
vt 0.1585 0.9047 0.0000
vt 0.1065 0.9698 0.0000
vt 0.0950 0.9192 0.0000
vt 0.1065 0.9047 0.0000
vt 0.0908 0.9372 0.0000
vt 0.1700 0.9553 0.0000
vt 0.1700 0.9192 0.0000
vt 0.1585 0.9698 0.0000
vt 0.0950 0.9553 0.0000
vt 0.1418 0.9779 0.0000
vt 0.1232 0.9779 0.0000
vt 0.1742 0.9372 0.0000
vt -0.1065 0.9698 0.0000
vt -0.1418 0.9779 0.0000
vt -0.1585 0.9698 0.0000
vt -0.1585 0.9047 0.0000
vt -0.1232 0.9779 0.0000
vt -0.0950 0.9192 0.0000
vt -0.0908 0.9372 0.0000
vt -0.0950 0.9553 0.0000
vt -0.1700 0.9553 0.0000
vt -0.1700 0.9192 0.0000
vt -0.1065 0.9047 0.0000
vt -0.1232 0.8966 0.0000
vt -0.1418 0.8966 0.0000
vt -0.1742 0.9372 0.0000
vt -0.0568 -1.4978 0.0000
vt -0.0157 -1.1702 0.0000
vt -0.0343 -1.1685 0.0000
vt -0.0529 -1.1668 0.0000
vt -0.0892 -1.4563 0.0000
vt -0.1069 -1.7476 0.0000
vt 0.0030 -1.1720 0.0000
vt -0.0133 -1.3463 0.0000
vt -0.0715 -1.1651 0.0000
vt -0.0901 -1.1633 0.0000
vt -0.0697 -1.7511 0.0000
vt -0.0511 -1.7528 0.0000
vt -0.0883 -1.7493 0.0000
vt -0.1088 -1.1616 0.0000
vt -0.1436 -1.3342 0.0000
vt -0.1287 -1.4911 0.0000
vt -0.1274 -1.1599 0.0000
vt -0.1814 -1.7407 0.0000
vt -0.1628 -1.7424 0.0000
vt -0.1256 -1.7459 0.0000
vt -0.1442 -1.7441 0.0000
vt -0.1871 -1.4856 0.0000
vt -0.1460 -1.1581 0.0000
vt -0.1646 -1.1564 0.0000
vt -0.2373 -1.7355 0.0000
vt -0.2196 -1.4442 0.0000
vt -0.2205 -1.1512 0.0000
vt -0.2019 -1.1529 0.0000
vt -0.2591 -1.4789 0.0000
vt -0.3117 -1.7286 0.0000
vt -0.2931 -1.7303 0.0000
vt -0.1832 -1.1547 0.0000
vt -0.2559 -1.7338 0.0000
vt -0.2745 -1.7320 0.0000
vt -0.2000 -1.7389 0.0000
vt -0.2391 -1.1495 0.0000
vt -0.2739 -1.3221 0.0000
vt -0.2186 -1.7372 0.0000
vt -0.2577 -1.1477 0.0000
# 67 texture coords

g _Extrusion__1808_
usemtl metal
s off
f 2817/3657/1453 2818/3658/1453 2819/3659/1453 
f 2820/3660/1453 2821/3661/1453 2819/3659/1453 
f 2822/3662/1453 2817/3657/1453 2821/3661/1453 
f 2821/3661/1453 2817/3657/1453 2819/3659/1453 
f 2821/3661/1453 2820/3660/1453 2823/3663/1453 
f 2824/3664/1453 2819/3659/1453 2825/3665/1453 
f 2819/3659/1453 2824/3664/1453 2820/3660/1453 
f 2820/3660/1453 2824/3664/1453 2826/3666/1453 
f 2823/3663/1453 2820/3660/1453 2827/3667/1453 
f 2828/3668/1453 2829/3669/1453 2820/3660/1453 
f 2826/3666/1453 2828/3668/1453 2820/3660/1453 
f 2825/3665/1453 2830/3670/1453 2824/3664/1453 
f 2831/3671/1454 2832/3672/1454 2833/3673/1454 
f 2834/3674/1454 2831/3671/1454 2833/3673/1454 
f 2835/3675/1454 2832/3672/1454 2831/3671/1454 
f 2836/3676/1454 2837/3677/1454 2838/3678/1454 
f 2838/3678/1454 2831/3671/1454 2836/3676/1454 
f 2834/3674/1454 2833/3673/1454 2839/3679/1454 
f 2840/3680/1454 2834/3674/1454 2839/3679/1454 
f 2834/3674/1454 2836/3676/1454 2831/3671/1454 
f 2841/3681/1454 2836/3676/1454 2842/3682/1454 
f 2842/3682/1454 2836/3676/1454 2834/3674/1454 
f 2834/3674/1454 2843/3683/1454 2842/3682/1454 
f 2839/3679/1454 2844/3684/1454 2840/3680/1454 
f 2845/3685/1455 2836/3686/1456 2841/3687/1457 
f 2842/3688/1458 2846/3689/1459 2841/3687/1457 
f 2846/3689/1459 2817/3690/1458 2845/3685/1455 
f 2845/3685/1455 2841/3687/1457 2846/3689/1459 
f 2837/3691/1460 2836/3686/1456 2847/3692/1460 
f 2846/3689/1459 2843/3693/1461 2834/3694/1462 
f 2845/3685/1455 2821/3695/1456 2823/3696/1460 
f 2823/3696/1460 2847/3692/1460 2845/3685/1455 
f 2845/3685/1455 2817/3690/1458 2822/3697/1457 
f 2842/3688/1458 2843/3693/1461 2846/3689/1459 
f 2840/3698/1463 2848/3699/1464 2849/3700/1465 
f 2821/3695/1456 2845/3685/1455 2822/3697/1457 
f 2844/3701/1464 2848/3699/1464 2840/3698/1463 
f 2849/3700/1465 2830/3702/1464 2825/3703/1463 
f 2849/3700/1465 2818/3704/1461 2846/3689/1459 
f 2834/3694/1462 2849/3700/1465 2846/3689/1459 
f 2819/3705/1462 2849/3700/1465 2825/3703/1463 
f 2840/3698/1463 2849/3700/1465 2834/3694/1462 
f 2818/3704/1461 2849/3700/1465 2819/3705/1462 
f 2849/3700/1465 2848/3699/1464 2830/3702/1464 
f 2818/3704/1461 2817/3690/1458 2846/3689/1459 
f 2845/3685/1455 2847/3692/1460 2836/3686/1456 
f 2850/3706/1466 2839/3707/1467 2833/3708/1468 
f 2850/3706/1466 2848/3699/1464 2839/3707/1467 
f 2828/3709/1469 2850/3706/1466 2851/3710/1470 
f 2831/3711/1471 2851/3710/1470 2835/3712/1472 
f 2852/3713/1473 2823/3714/1460 2827/3715/1474 
f 2832/3716/1469 2851/3710/1470 2833/3708/1468 
f 2829/3717/1472 2852/3713/1473 2820/3718/1471 
f 2844/3701/1464 2839/3707/1467 2848/3699/1464 
f 2850/3706/1466 2833/3708/1468 2851/3710/1470 
f 2830/3702/1464 2850/3706/1466 2824/3719/1467 
f 2830/3702/1464 2848/3699/1464 2850/3706/1466 
f 2829/3717/1472 2828/3709/1469 2851/3710/1470 
f 2835/3712/1472 2851/3710/1470 2832/3716/1469 
f 2838/3720/1474 2847/3721/1460 2852/3713/1473 
f 2852/3713/1473 2847/3721/1460 2823/3714/1460 
f 2824/3719/1467 2850/3706/1466 2826/3722/1468 
f 2837/3723/1460 2847/3721/1460 2838/3720/1474 
f 2851/3710/1470 2852/3713/1473 2829/3717/1472 
f 2820/3718/1471 2852/3713/1473 2827/3715/1474 
f 2838/3720/1474 2852/3713/1473 2831/3711/1471 
f 2831/3711/1471 2852/3713/1473 2851/3710/1470 
f 2850/3706/1466 2828/3709/1469 2826/3722/1468 
# 68 faces

#
# object _Revolve__1812_
#

v  -21.2751 45.3620 34.0645
v  -21.2751 43.7922 38.8959
v  -25.1996 44.3834 39.0880
v  -28.7400 47.6688 34.8141
v  -28.7400 46.0990 39.6454
v  -31.5496 48.7711 40.5137
v  -25.1996 45.9532 34.2566
v  -33.3535 52.1382 41.6077
v  -31.5496 50.3409 35.6823
v  -33.3535 53.7080 36.7763
v  -33.9751 55.8707 42.8204
v  -33.9751 57.4405 37.9891
v  -33.3535 59.6031 44.0332
v  -31.5496 62.9702 45.1272
v  -33.3535 61.1729 39.2018
v  -25.1996 68.9277 41.7215
v  -28.7400 65.6423 45.9954
v  -25.1996 67.3579 46.5529
v  -28.7400 67.2121 41.1641
v  -21.2751 67.9491 46.7449
v  -21.2751 69.5189 41.9136
v  -31.5496 64.5400 40.2958
v  -17.3506 67.3579 46.5529
v  -13.8103 67.2121 41.1641
v  -13.8103 65.6423 45.9954
v  -11.0006 62.9702 45.1272
v  -17.3506 68.9277 41.7215
v  -9.1967 59.6031 44.0332
v  -11.0006 64.5400 40.2958
v  -9.1967 61.1729 39.2018
v  -8.5751 55.8707 42.8204
v  -8.5751 57.4405 37.9891
v  -9.1967 53.7080 36.7763
v  -9.1967 52.1382 41.6077
v  -11.0006 48.7711 40.5137
v  -17.3506 44.3834 39.0880
v  -13.8103 47.6688 34.8141
v  -13.8103 46.0990 39.6454
v  -11.0006 50.3409 35.6823
v  -17.3506 45.9532 34.2566
v  -21.2751 68.3110 41.5211
v  -24.8072 67.7790 41.3483
v  -27.9935 66.2349 40.8466
v  -30.5222 63.8300 40.0652
v  -32.1457 60.7997 39.0805
v  -32.7051 57.4405 37.9891
v  -27.9935 48.6460 35.1316
v  -24.8072 47.1019 34.6299
v  -21.2751 46.5699 34.4570
v  -32.1457 54.0813 36.8976
v  -30.5222 51.0509 35.9130
v  -12.0281 63.8300 40.0652
v  -14.5567 66.2349 40.8466
v  -10.4046 60.7997 39.0805
v  -9.8451 57.4405 37.9891
v  -17.7431 67.7790 41.3483
v  -10.4046 54.0813 36.8976
v  -12.0281 51.0509 35.9130
v  -14.5567 48.6460 35.1316
v  -17.7431 47.1019 34.6299
v  -21.2751 48.1397 29.6256
v  -27.9935 50.2158 30.3002
v  -24.8072 48.6717 29.7985
v  -30.5222 52.6207 31.0816
v  -32.1457 55.6511 32.0662
v  -32.7051 59.0103 33.1577
v  -30.5222 65.3998 35.2338
v  -24.8072 69.3488 36.5169
v  -27.9935 67.8047 36.0152
v  -21.2751 69.8808 36.6898
v  -32.1457 62.3695 34.2492
v  -14.5567 67.8047 36.0152
v  -17.7431 69.3488 36.5169
v  -12.0281 65.3998 35.2338
v  -10.4046 62.3695 34.2492
v  -9.8451 59.0103 33.1577
v  -10.4046 55.6511 32.0662
v  -12.0281 52.6207 31.0816
v  -14.5567 50.2158 30.3002
v  -17.7431 48.6717 29.7985
v  -21.2751 68.6730 36.2973
v  -24.7501 68.0903 36.1080
v  -27.8059 66.4123 35.5628
v  -30.0739 63.8416 34.7275
v  -31.2808 60.6882 33.7029
v  -27.8059 51.6082 30.7526
v  -24.7501 49.9303 30.2074
v  -21.2751 49.3475 30.0181
v  -31.2808 57.3324 32.6125
v  -30.0739 54.1789 31.5879
v  -14.7444 66.4123 35.5628
v  -12.4763 63.8416 34.7275
v  -11.2695 60.6882 33.7029
v  -17.8002 68.0903 36.1080
v  -11.2695 57.3324 32.6125
v  -12.4763 54.1789 31.5879
v  -14.7444 51.6082 30.7526
v  -17.8002 49.9303 30.2074
v  -21.2751 50.9173 25.1867
v  -27.8059 53.1780 25.9212
v  -24.7501 51.5001 25.3761
v  -30.0739 55.7487 26.7565
v  -31.2808 58.9022 27.7811
v  -31.2808 62.2580 28.8715
v  -24.7501 69.6601 31.2766
v  -27.8059 67.9822 30.7314
v  -21.2751 70.2428 31.4659
v  -30.0739 65.4114 29.8961
v  -14.7444 67.9822 30.7314
v  -17.8002 69.6601 31.2766
v  -12.4763 65.4114 29.8961
v  -11.2695 62.2580 28.8715
v  -11.2695 58.9022 27.7811
v  -14.7444 53.1780 25.9212
v  -12.4763 55.7487 26.7565
v  -17.8002 51.5001 25.3761
v  -21.2751 60.5801 28.3263
v  -21.2751 55.8707 42.8204
# 118 vertices

vn 0.0000 -0.9511 -0.3090
vn -0.3090 -0.9045 -0.2939
vn -0.5878 -0.7694 -0.2500
vn -0.8090 -0.5590 -0.1816
vn -0.9511 -0.2939 -0.0955
vn -1.0000 -0.0000 0.0000
vn -0.9511 0.2939 0.0955
vn -0.8090 0.5590 0.1816
vn -0.3090 0.9045 0.2939
vn -0.5878 0.7694 0.2500
vn -0.0000 0.9511 0.3090
vn 0.3090 0.9045 0.2939
vn 0.5878 0.7694 0.2500
vn 0.8090 0.5590 0.1816
vn 0.9511 0.2939 0.0955
vn 1.0000 0.0000 0.0000
vn 0.9511 -0.2939 -0.0955
vn 0.8090 -0.5590 -0.1816
vn 0.3090 -0.9045 -0.2939
vn 0.5878 -0.7694 -0.2500
vn -0.0000 0.3090 -0.9511
vn -0.3420 -0.8937 -0.2904
vn -0.6428 -0.7286 -0.2367
vn -0.8660 -0.4755 -0.1545
vn -0.9848 -0.1651 -0.0537
vn -0.9848 0.1651 0.0537
vn -0.8660 0.4755 0.1545
vn -0.3420 0.8937 0.2904
vn -0.6428 0.7286 0.2367
vn 0.3420 0.8937 0.2904
vn 0.6428 0.7286 0.2367
vn 0.8660 0.4755 0.1545
vn 0.9848 0.1651 0.0537
vn 0.9848 -0.1651 -0.0537
vn 0.8660 -0.4755 -0.1545
vn 0.3420 -0.8937 -0.2904
vn 0.6428 -0.7286 -0.2367
vn 0.0000 -0.3090 0.9511
# 38 vertex normals

vt 0.0000 0.6667 0.0000
vt 0.0000 0.5000 0.0000
vt 0.1309 0.5000 0.0000
vt 0.2618 0.6667 0.0000
vt 0.2618 0.5000 0.0000
vt 0.3927 0.5000 0.0000
vt 0.1309 0.6667 0.0000
vt 0.5236 0.5000 0.0000
vt 0.3927 0.6667 0.0000
vt 0.5236 0.6667 0.0000
vt 0.6545 0.5000 0.0000
vt 0.6545 0.6667 0.0000
vt 0.7854 0.5000 0.0000
vt 0.9163 0.5000 0.0000
vt 0.7854 0.6667 0.0000
vt 1.1781 0.6667 0.0000
vt 1.0472 0.5000 0.0000
vt 1.1781 0.5000 0.0000
vt 1.0472 0.6667 0.0000
vt 1.3090 0.5000 0.0000
vt 1.3090 0.6667 0.0000
vt 0.9163 0.6667 0.0000
vt -1.3090 0.6667 0.0000
vt -1.3090 0.5000 0.0000
vt -1.1781 0.5000 0.0000
vt -1.0472 0.6667 0.0000
vt -1.0472 0.5000 0.0000
vt -0.9163 0.5000 0.0000
vt -1.1781 0.6667 0.0000
vt -0.7854 0.5000 0.0000
vt -0.9163 0.6667 0.0000
vt -0.7854 0.6667 0.0000
vt -0.6545 0.5000 0.0000
vt -0.6545 0.6667 0.0000
vt -0.5236 0.6667 0.0000
vt -0.5236 0.5000 0.0000
vt -0.3927 0.5000 0.0000
vt -0.1309 0.5000 0.0000
vt -0.2618 0.6667 0.0000
vt -0.2618 0.5000 0.0000
vt -0.3927 0.6667 0.0000
vt -0.1309 0.6667 0.0000
vt 0.1288 5.8892 0.0000
vt 0.0000 5.9096 0.0000
vt 0.0000 5.8679 0.0000
vt 0.1159 5.8495 0.0000
vt 0.2449 5.8300 0.0000
vt 0.2204 5.7963 0.0000
vt 0.3371 5.7378 0.0000
vt 0.3034 5.7133 0.0000
vt 0.3963 5.6217 0.0000
vt 0.4167 5.4929 0.0000
vt 0.3566 5.6088 0.0000
vt 0.3750 5.4929 0.0000
vt 0.2449 5.1558 0.0000
vt 0.2204 5.1895 0.0000
vt 0.1159 5.1363 0.0000
vt 0.0000 5.1179 0.0000
vt 0.0000 5.0762 0.0000
vt 0.1288 5.0966 0.0000
vt 0.3566 5.3770 0.0000
vt 0.3963 5.3641 0.0000
vt 0.3034 5.2725 0.0000
vt 0.3371 5.2480 0.0000
vt -0.3371 5.7378 0.0000
vt -0.3034 5.7133 0.0000
vt -0.2204 5.7963 0.0000
vt -0.3963 5.6217 0.0000
vt -0.3566 5.6088 0.0000
vt -0.4167 5.4929 0.0000
vt -0.3750 5.4929 0.0000
vt -0.1288 5.8892 0.0000
vt -0.1159 5.8495 0.0000
vt -0.2449 5.8300 0.0000
vt -0.3566 5.3770 0.0000
vt -0.3963 5.3641 0.0000
vt -0.3371 5.2480 0.0000
vt -0.3034 5.2725 0.0000
vt -0.2204 5.1895 0.0000
vt -0.2449 5.1558 0.0000
vt -0.1159 5.1363 0.0000
vt -0.1288 5.0966 0.0000
vt -0.0000 5.1179 0.0000
vt -0.0000 5.0762 0.0000
vt 0.0000 0.8333 0.0000
vt 0.1178 0.6667 0.0000
vt 0.2356 0.8333 0.0000
vt 0.2356 0.6667 0.0000
vt 0.3534 0.6667 0.0000
vt 0.1178 0.8333 0.0000
vt 0.4712 0.6667 0.0000
vt 0.3534 0.8333 0.0000
vt 0.4712 0.8333 0.0000
vt 0.5890 0.6667 0.0000
vt 0.5890 0.8333 0.0000
vt 0.7069 0.6667 0.0000
vt 0.8247 0.6667 0.0000
vt 0.8247 0.8333 0.0000
vt 1.0603 0.8333 0.0000
vt 0.9425 0.6667 0.0000
vt 1.0603 0.6667 0.0000
vt 0.9425 0.8333 0.0000
vt 1.1781 0.8333 0.0000
vt 0.7069 0.8333 0.0000
vt -1.1781 0.8333 0.0000
vt -1.0603 0.6667 0.0000
vt -0.9425 0.8333 0.0000
vt -0.9425 0.6667 0.0000
vt -0.8247 0.6667 0.0000
vt -1.0603 0.8333 0.0000
vt -0.7069 0.6667 0.0000
vt -0.8247 0.8333 0.0000
vt -0.7069 0.8333 0.0000
vt -0.5890 0.6667 0.0000
vt -0.5890 0.8333 0.0000
vt -0.4712 0.8333 0.0000
vt -0.4712 0.6667 0.0000
vt -0.3534 0.6667 0.0000
vt -0.1178 0.6667 0.0000
vt -0.3534 0.8333 0.0000
vt -0.2356 0.6667 0.0000
vt -0.2356 0.8333 0.0000
vt -0.1178 0.8333 0.0000
vt 0.0000 5.8262 0.0000
vt 0.1140 5.8061 0.0000
vt 0.2143 5.7482 0.0000
vt 0.2887 5.6596 0.0000
vt 0.3283 5.5508 0.0000
vt 0.2143 5.2375 0.0000
vt 0.1140 5.1797 0.0000
vt 0.0000 5.1596 0.0000
vt 0.3283 5.4350 0.0000
vt 0.2887 5.3262 0.0000
vt -0.2143 5.7482 0.0000
vt -0.2887 5.6596 0.0000
vt -0.3283 5.5508 0.0000
vt -0.1140 5.8061 0.0000
vt -0.3283 5.4350 0.0000
vt -0.2887 5.3262 0.0000
vt -0.2143 5.2375 0.0000
vt -0.1140 5.1797 0.0000
vt -0.0000 5.1596 0.0000
vt 0.0000 1.0000 0.0000
vt 0.1164 0.8333 0.0000
vt 0.2327 1.0000 0.0000
vt 0.2327 0.8333 0.0000
vt 0.3491 0.8333 0.0000
vt 0.1164 1.0000 0.0000
vt 0.4654 0.8333 0.0000
vt 0.3491 1.0000 0.0000
vt 0.4654 1.0000 0.0000
vt 0.5818 0.8333 0.0000
vt 0.6981 0.8333 0.0000
vt 0.5818 1.0000 0.0000
vt 0.9308 1.0000 0.0000
vt 0.8145 0.8333 0.0000
vt 0.9308 0.8333 0.0000
vt 0.8145 1.0000 0.0000
vt 1.0472 1.0000 0.0000
vt 1.0472 0.8333 0.0000
vt 0.6981 1.0000 0.0000
vt -1.0472 1.0000 0.0000
vt -1.0472 0.8333 0.0000
vt -0.9308 0.8333 0.0000
vt -0.8145 1.0000 0.0000
vt -0.8145 0.8333 0.0000
vt -0.6981 0.8333 0.0000
vt -0.9308 1.0000 0.0000
vt -0.5818 0.8333 0.0000
vt -0.6981 1.0000 0.0000
vt -0.5818 1.0000 0.0000
vt -0.4654 0.8333 0.0000
vt -0.4654 1.0000 0.0000
vt -0.3491 0.8333 0.0000
vt -0.1164 0.8333 0.0000
vt -0.2327 0.8333 0.0000
vt -0.2327 1.0000 0.0000
vt -0.3491 1.0000 0.0000
vt -0.1164 1.0000 0.0000
vt 0.0000 5.4929 0.0000
vt -0.0000 5.4929 0.0000
vt -0.0000 5.9096 0.0000
# 182 texture coords

g _Revolve__1812_
usemtl plastic
s off
f 2853/3724/1475 2854/3725/1475 2855/3726/1476 
f 2856/3727/1477 2857/3728/1477 2858/3729/1478 
f 2855/3726/1476 2857/3728/1477 2859/3730/1476 
f 2858/3729/1478 2860/3731/1479 2861/3732/1478 
f 2853/3724/1475 2855/3726/1476 2859/3730/1476 
f 2859/3730/1476 2857/3728/1477 2856/3727/1477 
f 2860/3731/1479 2862/3733/1479 2861/3732/1478 
f 2861/3732/1478 2856/3727/1477 2858/3729/1478 
f 2862/3733/1479 2863/3734/1480 2864/3735/1480 
f 2860/3731/1479 2863/3734/1480 2862/3733/1479 
f 2865/3736/1481 2866/3737/1482 2867/3738/1481 
f 2868/3739/1483 2869/3740/1484 2870/3741/1483 
f 2866/3737/1482 2869/3740/1484 2871/3742/1484 
f 2872/3743/1485 2873/3744/1485 2870/3741/1483 
f 2864/3735/1480 2865/3736/1481 2867/3738/1481 
f 2867/3738/1481 2866/3737/1482 2874/3745/1482 
f 2866/3737/1482 2871/3742/1484 2874/3745/1482 
f 2871/3742/1484 2869/3740/1484 2868/3739/1483 
f 2870/3741/1483 2873/3744/1485 2868/3739/1483 
f 2865/3736/1481 2864/3735/1480 2863/3734/1480 
f 2873/3746/1485 2872/3747/1485 2875/3748/1486 
f 2876/3749/1487 2877/3750/1487 2878/3751/1488 
f 2875/3748/1486 2877/3750/1487 2879/3752/1486 
f 2878/3751/1488 2880/3753/1489 2881/3754/1488 
f 2873/3746/1485 2875/3748/1486 2879/3752/1486 
f 2879/3752/1486 2877/3750/1487 2876/3749/1487 
f 2880/3753/1489 2882/3755/1489 2881/3754/1488 
f 2881/3754/1488 2876/3749/1487 2878/3751/1488 
f 2882/3755/1489 2883/3756/1490 2884/3757/1490 
f 2880/3753/1489 2883/3756/1490 2882/3755/1489 
f 2885/3758/1491 2886/3759/1491 2887/3760/1492 
f 2888/3761/1493 2889/3762/1494 2890/3763/1494 
f 2890/3763/1494 2891/3764/1492 2887/3760/1492 
f 2892/3765/1493 2888/3761/1493 2854/3725/1475 
f 2885/3758/1491 2884/3757/1490 2886/3759/1491 
f 2891/3764/1492 2885/3758/1491 2887/3760/1492 
f 2892/3765/1493 2889/3762/1494 2888/3761/1493 
f 2853/3724/1475 2892/3765/1493 2854/3725/1475 
f 2891/3764/1492 2890/3763/1494 2889/3762/1494 
f 2886/3759/1491 2884/3757/1490 2883/3756/1490 
f 2868/3766/1495 2873/3767/1495 2893/3768/1495 
f 2868/3766/1495 2894/3769/1495 2871/3770/1495 
f 2893/3768/1495 2894/3769/1495 2868/3766/1495 
f 2871/3770/1495 2894/3769/1495 2895/3771/1495 
f 2895/3771/1495 2874/3772/1495 2871/3770/1495 
f 2895/3771/1495 2896/3773/1495 2874/3772/1495 
f 2874/3772/1495 2896/3773/1495 2867/3774/1495 
f 2864/3775/1495 2867/3774/1495 2897/3776/1495 
f 2897/3776/1495 2867/3774/1495 2896/3773/1495 
f 2864/3775/1495 2897/3776/1495 2898/3777/1495 
f 2856/3778/1495 2899/3779/1495 2900/3780/1495 
f 2901/3781/1495 2853/3782/1495 2859/3783/1495 
f 2901/3781/1495 2859/3783/1495 2900/3780/1495 
f 2856/3778/1495 2900/3780/1495 2859/3783/1495 
f 2864/3775/1495 2902/3784/1495 2862/3785/1495 
f 2864/3775/1495 2898/3777/1495 2902/3784/1495 
f 2862/3785/1495 2902/3784/1495 2903/3786/1495 
f 2899/3779/1495 2861/3787/1495 2903/3786/1495 
f 2861/3787/1495 2899/3779/1495 2856/3778/1495 
f 2903/3786/1495 2861/3787/1495 2862/3785/1495 
f 2881/3788/1495 2904/3789/1495 2905/3790/1495 
f 2904/3789/1495 2881/3788/1495 2882/3791/1495 
f 2906/3792/1495 2884/3793/1495 2907/3794/1495 
f 2884/3793/1495 2906/3792/1495 2882/3791/1495 
f 2882/3791/1495 2906/3792/1495 2904/3789/1495 
f 2873/3767/1495 2879/3795/1495 2893/3768/1495 
f 2893/3768/1495 2879/3795/1495 2908/3796/1495 
f 2908/3796/1495 2876/3797/1495 2905/3790/1495 
f 2876/3797/1495 2908/3796/1495 2879/3795/1495 
f 2905/3790/1495 2876/3797/1495 2881/3788/1495 
f 2909/3798/1495 2884/3793/1495 2885/3799/1495 
f 2885/3799/1495 2891/3800/1495 2910/3801/1495 
f 2910/3801/1495 2891/3800/1495 2911/3802/1495 
f 2885/3799/1495 2910/3801/1495 2909/3798/1495 
f 2911/3802/1495 2889/3803/1495 2912/3804/1495 
f 2889/3803/1495 2911/3802/1495 2891/3800/1495 
f 2912/3804/1495 2889/3803/1495 2892/3805/1495 
f 2901/3806/1495 2892/3805/1495 2853/3807/1495 
f 2892/3805/1495 2901/3806/1495 2912/3804/1495 
f 2909/3798/1495 2907/3794/1495 2884/3793/1495 
f 2913/3808/1475 2901/3724/1475 2900/3809/1476 
f 2914/3810/1477 2899/3811/1477 2903/3812/1478 
f 2900/3809/1476 2899/3811/1477 2915/3813/1476 
f 2903/3812/1478 2902/3814/1479 2916/3815/1478 
f 2913/3808/1475 2900/3809/1476 2915/3813/1476 
f 2915/3813/1476 2899/3811/1477 2914/3810/1477 
f 2902/3814/1479 2917/3816/1479 2916/3815/1478 
f 2916/3815/1478 2914/3810/1477 2903/3812/1478 
f 2917/3816/1479 2898/3817/1480 2918/3818/1480 
f 2902/3814/1479 2898/3817/1480 2917/3816/1479 
f 2897/3819/1481 2896/3820/1482 2919/3821/1482 
f 2920/3822/1483 2895/3823/1484 2894/3824/1483 
f 2895/3823/1484 2921/3825/1484 2896/3820/1482 
f 2922/3826/1485 2894/3824/1483 2893/3739/1485 
f 2897/3819/1481 2923/3827/1481 2918/3818/1480 
f 2897/3819/1481 2919/3821/1482 2923/3827/1481 
f 2919/3821/1482 2896/3820/1482 2921/3825/1484 
f 2921/3825/1484 2895/3823/1484 2920/3822/1483 
f 2894/3824/1483 2922/3826/1485 2920/3822/1483 
f 2897/3819/1481 2918/3818/1480 2898/3817/1480 
f 2922/3828/1485 2893/3752/1485 2908/3829/1486 
f 2924/3830/1487 2905/3831/1487 2904/3832/1488 
f 2908/3829/1486 2905/3831/1487 2925/3833/1486 
f 2904/3832/1488 2906/3834/1489 2926/3835/1488 
f 2922/3828/1485 2908/3829/1486 2925/3833/1486 
f 2925/3833/1486 2905/3831/1487 2924/3830/1487 
f 2906/3834/1489 2927/3836/1489 2926/3835/1488 
f 2926/3835/1488 2924/3830/1487 2904/3832/1488 
f 2927/3836/1489 2907/3837/1490 2928/3838/1490 
f 2906/3834/1489 2907/3837/1490 2927/3836/1489 
f 2929/3839/1491 2909/3840/1491 2910/3841/1492 
f 2912/3842/1493 2901/3724/1475 2913/3808/1475 
f 2930/3843/1492 2910/3841/1492 2911/3844/1494 
f 2931/3845/1494 2911/3844/1494 2912/3842/1493 
f 2929/3839/1491 2928/3838/1490 2909/3840/1491 
f 2930/3843/1492 2929/3839/1491 2910/3841/1492 
f 2912/3842/1493 2932/3846/1493 2931/3845/1494 
f 2931/3845/1494 2930/3843/1492 2911/3844/1494 
f 2913/3808/1475 2932/3846/1493 2912/3842/1493 
f 2909/3840/1491 2928/3838/1490 2907/3837/1490 
f 2920/3769/1495 2922/3768/1495 2933/3847/1495 
f 2920/3769/1495 2934/3848/1495 2921/3771/1495 
f 2933/3847/1495 2934/3848/1495 2920/3769/1495 
f 2921/3771/1495 2934/3848/1495 2935/3849/1495 
f 2921/3771/1495 2935/3849/1495 2919/3773/1495 
f 2936/3850/1495 2937/3851/1495 2923/3776/1495 
f 2919/3773/1495 2935/3849/1495 2936/3850/1495 
f 2923/3776/1495 2937/3851/1495 2918/3777/1495 
f 2936/3850/1495 2923/3776/1495 2919/3773/1495 
f 2914/3779/1495 2938/3852/1495 2939/3853/1495 
f 2940/3854/1495 2913/3781/1495 2915/3780/1495 
f 2940/3854/1495 2915/3780/1495 2939/3853/1495 
f 2914/3779/1495 2939/3853/1495 2915/3780/1495 
f 2918/3777/1495 2941/3855/1495 2917/3784/1495 
f 2918/3777/1495 2937/3851/1495 2941/3855/1495 
f 2917/3784/1495 2941/3855/1495 2942/3856/1495 
f 2938/3852/1495 2916/3786/1495 2942/3856/1495 
f 2942/3856/1495 2916/3786/1495 2917/3784/1495 
f 2914/3779/1495 2916/3786/1495 2938/3852/1495 
f 2943/3857/1495 2924/3790/1495 2926/3789/1495 
f 2944/3858/1495 2927/3792/1495 2945/3859/1495 
f 2927/3792/1495 2944/3858/1495 2926/3789/1495 
f 2945/3859/1495 2927/3792/1495 2928/3794/1495 
f 2943/3857/1495 2926/3789/1495 2944/3858/1495 
f 2922/3768/1495 2925/3796/1495 2933/3847/1495 
f 2946/3860/1495 2933/3847/1495 2925/3796/1495 
f 2946/3860/1495 2925/3796/1495 2924/3790/1495 
f 2924/3790/1495 2943/3857/1495 2946/3860/1495 
f 2947/3861/1495 2928/3794/1495 2929/3798/1495 
f 2929/3798/1495 2930/3801/1495 2948/3862/1495 
f 2948/3862/1495 2930/3801/1495 2949/3863/1495 
f 2929/3798/1495 2948/3862/1495 2947/3861/1495 
f 2949/3863/1495 2931/3802/1495 2950/3864/1495 
f 2931/3802/1495 2949/3863/1495 2930/3801/1495 
f 2950/3864/1495 2931/3802/1495 2932/3804/1495 
f 2940/3865/1495 2932/3804/1495 2913/3806/1495 
f 2932/3804/1495 2940/3865/1495 2950/3864/1495 
f 2947/3861/1495 2945/3859/1495 2928/3794/1495 
f 2951/3866/1475 2940/3808/1475 2939/3867/1496 
f 2952/3868/1497 2938/3869/1497 2942/3870/1498 
f 2939/3867/1496 2938/3869/1497 2953/3871/1496 
f 2942/3870/1498 2941/3872/1499 2954/3873/1498 
f 2951/3866/1475 2939/3867/1496 2953/3871/1496 
f 2942/3870/1498 2954/3873/1498 2952/3868/1497 
f 2952/3868/1497 2953/3871/1496 2938/3869/1497 
f 2954/3873/1498 2941/3872/1499 2955/3874/1499 
f 2941/3872/1499 2937/3875/1500 2955/3874/1499 
f 2937/3875/1500 2936/3876/1501 2956/3877/1500 
f 2957/3878/1502 2935/3879/1503 2934/3880/1502 
f 2935/3879/1503 2958/3881/1503 2936/3876/1501 
f 2959/3882/1485 2934/3880/1502 2933/3883/1485 
f 2960/3884/1501 2956/3877/1500 2936/3876/1501 
f 2936/3876/1501 2958/3881/1503 2960/3884/1501 
f 2935/3879/1503 2957/3878/1502 2958/3881/1503 
f 2934/3880/1502 2959/3882/1485 2957/3878/1502 
f 2937/3875/1500 2956/3877/1500 2955/3874/1499 
f 2959/3885/1485 2933/3886/1485 2946/3887/1504 
f 2961/3888/1505 2943/3889/1505 2944/3890/1506 
f 2946/3887/1504 2943/3889/1505 2962/3891/1504 
f 2944/3890/1506 2945/3892/1507 2963/3893/1506 
f 2959/3885/1485 2946/3887/1504 2962/3891/1504 
f 2944/3890/1506 2963/3893/1506 2961/3888/1505 
f 2961/3888/1505 2962/3891/1504 2943/3889/1505 
f 2963/3893/1506 2945/3892/1507 2964/3894/1507 
f 2945/3892/1507 2947/3895/1508 2964/3894/1507 
f 2965/3896/1508 2947/3895/1508 2948/3897/1509 
f 2950/3898/1510 2940/3808/1475 2951/3866/1475 
f 2949/3899/1511 2950/3898/1510 2966/3900/1511 
f 2967/3901/1509 2948/3897/1509 2949/3899/1511 
f 2965/3896/1508 2948/3897/1509 2967/3901/1509 
f 2950/3898/1510 2968/3902/1510 2966/3900/1511 
f 2968/3902/1510 2950/3898/1510 2951/3866/1475 
f 2949/3899/1511 2966/3900/1511 2967/3901/1509 
f 2947/3895/1508 2965/3896/1508 2964/3894/1507 
f 2957/3848/1495 2969/3903/1495 2958/3849/1495 
f 2958/3849/1495 2969/3903/1495 2960/3850/1495 
f 2956/3851/1495 2960/3850/1495 2969/3903/1495 
f 2957/3848/1495 2959/3847/1495 2969/3903/1495 
f 2969/3903/1495 2951/3854/1495 2953/3853/1495 
f 2969/3903/1495 2953/3853/1495 2952/3852/1495 
f 2969/3903/1495 2954/3856/1495 2955/3855/1495 
f 2954/3856/1495 2969/3903/1495 2952/3852/1495 
f 2969/3903/1495 2955/3855/1495 2956/3851/1495 
f 2969/3903/1495 2961/3857/1495 2963/3858/1495 
f 2969/3903/1495 2962/3860/1495 2961/3857/1495 
f 2959/3847/1495 2962/3860/1495 2969/3903/1495 
f 2969/3903/1495 2963/3858/1495 2964/3859/1495 
f 2969/3903/1495 2965/3861/1495 2967/3862/1495 
f 2969/3903/1495 2967/3862/1495 2966/3863/1495 
f 2969/3903/1495 2968/3864/1495 2951/3865/1495 
f 2968/3864/1495 2969/3903/1495 2966/3863/1495 
f 2965/3861/1495 2969/3903/1495 2964/3859/1495 
f 2870/3795/1512 2970/3904/1512 2872/3905/1512 
f 2869/3797/1512 2970/3904/1512 2870/3795/1512 
f 2869/3797/1512 2866/3788/1512 2970/3904/1512 
f 2865/3791/1512 2970/3904/1512 2866/3788/1512 
f 2865/3791/1512 2863/3793/1512 2970/3904/1512 
f 2857/3803/1512 2855/3805/1512 2970/3904/1512 
f 2970/3904/1512 2858/3800/1512 2857/3803/1512 
f 2970/3904/1512 2863/3793/1512 2860/3799/1512 
f 2860/3799/1512 2858/3800/1512 2970/3904/1512 
f 2855/3805/1512 2854/3807/1512 2970/3904/1512 
f 2878/3772/1512 2877/3770/1512 2970/3904/1512 
f 2880/3774/1512 2878/3772/1512 2970/3904/1512 
f 2877/3770/1512 2875/3766/1512 2970/3904/1512 
f 2970/3904/1512 2875/3766/1512 2872/3905/1512 
f 2970/3904/1512 2883/3775/1512 2880/3774/1512 
f 2887/3787/1512 2886/3785/1512 2970/3904/1512 
f 2890/3778/1512 2887/3787/1512 2970/3904/1512 
f 2854/3782/1512 2888/3783/1512 2970/3904/1512 
f 2890/3778/1512 2970/3904/1512 2888/3783/1512 
f 2883/3775/1512 2970/3904/1512 2886/3785/1512 
# 232 faces

#
# object _Revolve__1823_
#

v  -21.2751 62.4547 63.6547
v  -21.2751 50.3763 59.7302
v  -25.1996 61.8636 63.4627
v  -28.7400 60.1480 62.9052
v  -31.5496 57.4758 62.0370
v  -33.3535 54.1088 60.9429
v  -33.9751 50.3763 59.7302
v  -25.1996 38.8891 55.9978
v  -28.7400 40.6047 56.5552
v  -31.5496 43.2768 57.4234
v  -33.3535 46.6439 58.5175
v  -21.2751 38.2979 55.8057
v  -13.8103 60.1480 62.9052
v  -11.0006 57.4758 62.0370
v  -9.1967 54.1088 60.9429
v  -17.3506 61.8636 63.4627
v  -8.5751 50.3763 59.7302
v  -9.1967 46.6439 58.5175
v  -11.0006 43.2768 57.4234
v  -13.8103 40.6047 56.5552
v  -17.3506 38.8891 55.9978
v  -27.8059 53.0690 76.6294
v  -21.2751 45.6669 74.2243
v  -24.7501 54.7469 77.1746
v  -30.0739 50.4983 75.7941
v  -31.2808 47.3448 74.7695
v  -21.2751 55.3296 77.3639
v  -24.7501 36.5869 71.2740
v  -21.2751 36.0042 71.0847
v  -27.8059 38.2648 71.8192
v  -31.2808 43.9890 73.6791
v  -30.0739 40.8355 72.6545
v  -12.4763 50.4983 75.7941
v  -14.7444 53.0690 76.6294
v  -17.8002 54.7469 77.1746
v  -11.2695 47.3448 74.7695
v  -12.4763 40.8355 72.6545
v  -11.2695 43.9890 73.6791
v  -14.7444 38.2648 71.8192
v  -17.8002 36.5869 71.2740
v  -24.7501 38.1567 66.4427
v  -30.0739 42.4053 67.8231
v  -27.8059 39.8346 66.9879
v  -31.2808 45.5588 68.8478
v  -21.2751 37.5740 66.2533
v  -31.2808 48.9146 69.9381
v  -30.0739 52.0681 70.9628
v  -27.8059 54.6388 71.7980
v  -24.7501 56.3167 72.3432
v  -21.2751 56.8995 72.5326
v  -17.8002 56.3167 72.3432
v  -12.4763 52.0681 70.9628
v  -14.7444 54.6388 71.7980
v  -11.2695 48.9146 69.9381
v  -11.2695 45.5588 68.8478
v  -12.4763 42.4053 67.8231
v  -17.8002 38.1567 66.4427
v  -14.7444 39.8346 66.9879
v  -21.2751 58.1073 72.9250
v  -24.8072 57.5752 72.7521
v  -27.9935 56.0312 72.2505
v  -30.5222 53.6263 71.4690
v  -32.1457 50.5959 70.4844
v  -32.7051 47.2367 69.3930
v  -27.9935 38.4422 66.5354
v  -24.8072 36.8982 66.0338
v  -21.2751 36.3661 65.8609
v  -32.1457 43.8775 68.3015
v  -30.5222 40.8472 67.3168
v  -12.0281 53.6263 71.4690
v  -14.5567 56.0312 72.2505
v  -10.4046 50.5959 70.4844
v  -9.8451 47.2367 69.3930
v  -17.7431 57.5752 72.7521
v  -10.4046 43.8775 68.3015
v  -12.0281 40.8472 67.3168
v  -14.5567 38.4422 66.5354
v  -17.7431 36.8982 66.0338
v  -24.8072 38.4680 61.2024
v  -32.1457 45.4473 63.4701
v  -30.5222 42.4170 62.4855
v  -27.9935 40.0120 61.7041
v  -21.2751 37.9360 61.0295
v  -32.7051 48.8065 64.5616
v  -32.1457 52.1657 65.6531
v  -30.5222 55.1961 66.6377
v  -27.9935 57.6010 67.4191
v  -24.8072 59.1451 67.9208
v  -21.2751 59.6771 68.0937
v  -17.7431 59.1451 67.9208
v  -10.4046 52.1657 65.6531
v  -12.0281 55.1961 66.6377
v  -14.5567 57.6010 67.4191
v  -9.8451 48.8065 64.5616
v  -12.0281 42.4170 62.4855
v  -17.7431 38.4680 61.2024
v  -14.5567 40.0120 61.7041
v  -10.4046 45.4473 63.4701
v  -21.2751 60.8849 68.4861
v  -25.1996 60.2938 68.2940
v  -28.7400 58.5782 67.7366
v  -31.5496 55.9060 66.8684
v  -33.3535 52.5390 65.7743
v  -33.9751 48.8065 64.5616
v  -28.7400 39.0349 61.3866
v  -25.1996 37.3193 60.8291
v  -21.2751 36.7281 60.6371
v  -33.3535 45.0741 63.3488
v  -31.5496 41.7070 62.2548
v  -11.0006 55.9060 66.8684
v  -9.1967 52.5390 65.7743
v  -8.5751 48.8065 64.5616
v  -17.3506 60.2938 68.2940
v  -13.8103 58.5782 67.7366
v  -9.1967 45.0741 63.3488
v  -11.0006 41.7070 62.2548
v  -13.8103 39.0349 61.3866
v  -17.3506 37.3193 60.8291
# 118 vertices

vn 0.0000 0.3090 -0.9511
vn -0.0000 -0.3090 0.9511
vn -0.3420 -0.8937 -0.2904
vn 0.0000 -0.9511 -0.3090
vn -0.8660 -0.4755 -0.1545
vn -0.6428 -0.7286 -0.2367
vn -0.9848 -0.1651 -0.0537
vn -0.9848 0.1651 0.0537
vn -0.8660 0.4755 0.1545
vn -0.6428 0.7286 0.2367
vn -0.3420 0.8937 0.2904
vn -0.0000 0.9511 0.3090
vn 0.3420 0.8937 0.2904
vn 0.8660 0.4755 0.1545
vn 0.6428 0.7286 0.2367
vn 0.9848 0.1651 0.0537
vn 0.9848 -0.1651 -0.0537
vn 0.8660 -0.4755 -0.1545
vn 0.3420 -0.8937 -0.2904
vn 0.6428 -0.7286 -0.2367
vn -0.3090 -0.9045 -0.2939
vn -0.8090 -0.5590 -0.1816
vn -0.9511 -0.2939 -0.0955
vn -0.5878 -0.7694 -0.2500
vn -1.0000 -0.0000 -0.0000
vn -0.9511 0.2939 0.0955
vn -0.8090 0.5590 0.1816
vn -0.5878 0.7694 0.2500
vn -0.3090 0.9045 0.2939
vn 0.3090 0.9045 0.2939
vn 0.8090 0.5590 0.1816
vn 0.9511 0.2939 0.0955
vn 0.5878 0.7694 0.2500
vn 1.0000 0.0000 0.0000
vn 0.9511 -0.2939 -0.0955
vn 0.8090 -0.5590 -0.1816
vn 0.3090 -0.9045 -0.2939
vn 0.5878 -0.7694 -0.2500
# 38 vertex normals

vt -0.0000 5.9096 0.0000
vt -0.0000 5.4929 0.0000
vt 0.1288 5.8892 0.0000
vt 0.2449 5.8300 0.0000
vt 0.3371 5.7378 0.0000
vt 0.3963 5.6217 0.0000
vt 0.4167 5.4929 0.0000
vt 0.1288 5.0966 0.0000
vt 0.2449 5.1558 0.0000
vt 0.3371 5.2480 0.0000
vt 0.3963 5.3641 0.0000
vt -0.0000 5.0762 0.0000
vt -0.2449 5.8300 0.0000
vt -0.3371 5.7378 0.0000
vt -0.3963 5.6217 0.0000
vt -0.1288 5.8892 0.0000
vt -0.4167 5.4929 0.0000
vt -0.3963 5.3641 0.0000
vt -0.3371 5.2480 0.0000
vt -0.2449 5.1558 0.0000
vt -0.1288 5.0966 0.0000
vt -0.2143 5.7482 0.0000
vt 0.0000 5.4929 0.0000
vt -0.1140 5.8061 0.0000
vt -0.2887 5.6596 0.0000
vt -0.3283 5.5508 0.0000
vt 0.0000 5.8262 0.0000
vt -0.1140 5.1797 0.0000
vt 0.0000 5.1596 0.0000
vt -0.2143 5.2375 0.0000
vt -0.3283 5.4350 0.0000
vt -0.2887 5.3262 0.0000
vt 0.2887 5.6596 0.0000
vt 0.2143 5.7482 0.0000
vt 0.1140 5.8061 0.0000
vt 0.3283 5.5508 0.0000
vt 0.2887 5.3262 0.0000
vt 0.3283 5.4350 0.0000
vt 0.2143 5.2375 0.0000
vt 0.1140 5.1797 0.0000
vt 0.1164 -0.8333 0.0000
vt 0.0000 -1.0000 0.0000
vt 0.1164 -1.0000 0.0000
vt 0.3491 -0.8333 0.0000
vt 0.2327 -1.0000 0.0000
vt 0.3491 -1.0000 0.0000
vt 0.2327 -0.8333 0.0000
vt 0.4654 -1.0000 0.0000
vt 0.4654 -0.8333 0.0000
vt 0.0000 -0.8333 0.0000
vt 0.5818 -0.8333 0.0000
vt 0.5818 -1.0000 0.0000
vt 0.6981 -1.0000 0.0000
vt 0.6981 -0.8333 0.0000
vt 0.8145 -0.8333 0.0000
vt 0.8145 -1.0000 0.0000
vt 0.9308 -1.0000 0.0000
vt 0.9308 -0.8333 0.0000
vt 1.0472 -1.0000 0.0000
vt 1.0472 -0.8333 0.0000
vt -0.9308 -0.8333 0.0000
vt -1.0472 -1.0000 0.0000
vt -0.9308 -1.0000 0.0000
vt -0.6981 -0.8333 0.0000
vt -0.8145 -1.0000 0.0000
vt -0.6981 -1.0000 0.0000
vt -0.8145 -0.8333 0.0000
vt -0.5818 -1.0000 0.0000
vt -0.5818 -0.8333 0.0000
vt -1.0472 -0.8333 0.0000
vt -0.4654 -0.8333 0.0000
vt -0.3491 -0.8333 0.0000
vt -0.4654 -1.0000 0.0000
vt -0.3491 -1.0000 0.0000
vt -0.1164 -0.8333 0.0000
vt -0.2327 -1.0000 0.0000
vt -0.1164 -1.0000 0.0000
vt -0.2327 -0.8333 0.0000
vt 0.0000 5.8679 0.0000
vt -0.1159 5.8495 0.0000
vt -0.2204 5.7963 0.0000
vt -0.3034 5.7133 0.0000
vt -0.3566 5.6088 0.0000
vt -0.3750 5.4929 0.0000
vt -0.2204 5.1895 0.0000
vt -0.1159 5.1363 0.0000
vt 0.0000 5.1179 0.0000
vt -0.3566 5.3770 0.0000
vt -0.3034 5.2725 0.0000
vt 0.3034 5.7133 0.0000
vt 0.2204 5.7963 0.0000
vt 0.3566 5.6088 0.0000
vt 0.3750 5.4929 0.0000
vt 0.1159 5.8495 0.0000
vt 0.3566 5.3770 0.0000
vt 0.3034 5.2725 0.0000
vt 0.2204 5.1895 0.0000
vt 0.1159 5.1363 0.0000
vt 0.1178 -0.8333 0.0000
vt 0.1178 -0.6667 0.0000
vt 0.3534 -0.8333 0.0000
vt 0.4712 -0.8333 0.0000
vt 0.4712 -0.6667 0.0000
vt 0.2356 -0.8333 0.0000
vt 0.3534 -0.6667 0.0000
vt 0.2356 -0.6667 0.0000
vt 0.0000 -0.6667 0.0000
vt 0.5890 -0.6667 0.0000
vt 0.5890 -0.8333 0.0000
vt 0.7069 -0.6667 0.0000
vt 0.7069 -0.8333 0.0000
vt 0.8247 -0.6667 0.0000
vt 0.8247 -0.8333 0.0000
vt 0.9425 -0.8333 0.0000
vt 0.9425 -0.6667 0.0000
vt 1.0603 -0.8333 0.0000
vt 1.0603 -0.6667 0.0000
vt 1.1781 -0.8333 0.0000
vt 1.1781 -0.6667 0.0000
vt -1.1781 -0.8333 0.0000
vt -1.0603 -0.8333 0.0000
vt -1.0603 -0.6667 0.0000
vt -0.8247 -0.8333 0.0000
vt -0.7069 -0.8333 0.0000
vt -0.7069 -0.6667 0.0000
vt -0.9425 -0.8333 0.0000
vt -0.8247 -0.6667 0.0000
vt -0.9425 -0.6667 0.0000
vt -1.1781 -0.6667 0.0000
vt -0.5890 -0.6667 0.0000
vt -0.5890 -0.8333 0.0000
vt -0.4712 -0.8333 0.0000
vt -0.3534 -0.8333 0.0000
vt -0.3534 -0.6667 0.0000
vt -0.1178 -0.6667 0.0000
vt -0.2356 -0.8333 0.0000
vt -0.1178 -0.8333 0.0000
vt -0.2356 -0.6667 0.0000
vt -0.4712 -0.6667 0.0000
vt 0.0000 5.9096 0.0000
vt 0.0000 5.0762 0.0000
vt 0.1309 -0.6667 0.0000
vt 0.1309 -0.5000 0.0000
vt 0.3927 -0.6667 0.0000
vt 0.5236 -0.6667 0.0000
vt 0.5236 -0.5000 0.0000
vt 0.2618 -0.6667 0.0000
vt 0.3927 -0.5000 0.0000
vt 0.2618 -0.5000 0.0000
vt 0.0000 -0.5000 0.0000
vt 0.6545 -0.5000 0.0000
vt 0.6545 -0.6667 0.0000
vt 0.7854 -0.5000 0.0000
vt 0.7854 -0.6667 0.0000
vt 1.0472 -0.6667 0.0000
vt 0.9163 -0.5000 0.0000
vt 0.9163 -0.6667 0.0000
vt 1.0472 -0.5000 0.0000
vt 1.1781 -0.5000 0.0000
vt 1.3090 -0.6667 0.0000
vt 1.3090 -0.5000 0.0000
vt -1.3090 -0.6667 0.0000
vt -1.1781 -0.5000 0.0000
vt -0.9163 -0.6667 0.0000
vt -0.7854 -0.6667 0.0000
vt -0.7854 -0.5000 0.0000
vt -1.0472 -0.6667 0.0000
vt -0.9163 -0.5000 0.0000
vt -1.0472 -0.5000 0.0000
vt -1.3090 -0.5000 0.0000
vt -0.6545 -0.5000 0.0000
vt -0.6545 -0.6667 0.0000
vt -0.5236 -0.6667 0.0000
vt -0.3927 -0.6667 0.0000
vt -0.3927 -0.5000 0.0000
vt -0.1309 -0.6667 0.0000
vt -0.2618 -0.6667 0.0000
vt -0.1309 -0.5000 0.0000
vt -0.2618 -0.5000 0.0000
vt -0.5236 -0.5000 0.0000
# 180 texture coords

g _Revolve__1823_
usemtl plastic
s off
f 2971/3906/1513 2972/3907/1513 2973/3908/1513 
f 2973/3908/1513 2972/3907/1513 2974/3909/1513 
f 2972/3907/1513 2975/3910/1513 2974/3909/1513 
f 2975/3910/1513 2972/3907/1513 2976/3911/1513 
f 2972/3907/1513 2977/3912/1513 2976/3911/1513 
f 2972/3907/1513 2978/3913/1513 2979/3914/1513 
f 2979/3914/1513 2980/3915/1513 2972/3907/1513 
f 2981/3916/1513 2977/3912/1513 2972/3907/1513 
f 2972/3907/1513 2980/3915/1513 2981/3916/1513 
f 2972/3907/1513 2982/3917/1513 2978/3913/1513 
f 2972/3907/1513 2983/3918/1513 2984/3919/1513 
f 2972/3907/1513 2984/3919/1513 2985/3920/1513 
f 2972/3907/1513 2986/3921/1513 2983/3918/1513 
f 2971/3906/1513 2986/3921/1513 2972/3907/1513 
f 2985/3920/1513 2987/3922/1513 2972/3907/1513 
f 2972/3907/1513 2988/3923/1513 2989/3924/1513 
f 2972/3907/1513 2989/3924/1513 2990/3925/1513 
f 2972/3907/1513 2991/3926/1513 2982/3917/1513 
f 2991/3926/1513 2972/3907/1513 2990/3925/1513 
f 2988/3923/1513 2972/3907/1513 2987/3922/1513 
f 2992/3927/1514 2993/3928/1514 2994/3929/1514 
f 2995/3930/1514 2993/3928/1514 2992/3927/1514 
f 2993/3928/1514 2995/3930/1514 2996/3931/1514 
f 2993/3928/1514 2997/3932/1514 2994/3929/1514 
f 2998/3933/1514 2999/3934/1514 2993/3928/1514 
f 3000/3935/1514 2998/3933/1514 2993/3928/1514 
f 3001/3936/1514 3002/3937/1514 2993/3928/1514 
f 3000/3935/1514 2993/3928/1514 3002/3937/1514 
f 2996/3931/1514 3001/3936/1514 2993/3928/1514 
f 3003/3938/1514 3004/3939/1514 2993/3928/1514 
f 3004/3939/1514 3005/3940/1514 2993/3928/1514 
f 2993/3928/1514 3005/3940/1514 2997/3932/1514 
f 3006/3941/1514 3003/3938/1514 2993/3928/1514 
f 3007/3942/1514 3008/3943/1514 2993/3928/1514 
f 3009/3944/1514 3007/3942/1514 2993/3928/1514 
f 2999/3934/1514 3010/3945/1514 2993/3928/1514 
f 3009/3944/1514 2993/3928/1514 3010/3945/1514 
f 3006/3941/1514 2993/3928/1514 3008/3943/1514 
f 3011/3946/1515 2999/3947/1516 2998/3948/1515 
f 3012/3949/1517 3000/3950/1518 3002/3951/1517 
f 2998/3948/1515 3000/3950/1518 3013/3952/1518 
f 3002/3951/1517 3001/3953/1519 3014/3954/1519 
f 3015/3955/1516 2999/3947/1516 3011/3946/1515 
f 3000/3950/1518 3012/3949/1517 3013/3952/1518 
f 3013/3952/1518 3011/3946/1515 2998/3948/1515 
f 3012/3949/1517 3002/3951/1517 3014/3954/1519 
f 3001/3953/1519 3016/3956/1520 3014/3954/1519 
f 2996/3957/1520 2995/3958/1521 3017/3959/1521 
f 3018/3960/1522 2992/3961/1522 2994/3962/1523 
f 2992/3961/1522 3017/3959/1521 2995/3958/1521 
f 3019/3963/1523 2994/3962/1523 2997/3964/1524 
f 3017/3959/1521 3016/3956/1520 2996/3957/1520 
f 2992/3961/1522 3018/3960/1522 3017/3959/1521 
f 2994/3962/1523 3019/3963/1523 3018/3960/1522 
f 2997/3964/1524 3020/3965/1524 3019/3963/1523 
f 2996/3957/1520 3016/3956/1520 3001/3953/1519 
f 3021/3966/1525 2997/3967/1524 3005/3968/1525 
f 3022/3969/1526 3004/3970/1527 3003/3971/1526 
f 3005/3968/1525 3004/3970/1527 3023/3972/1527 
f 3003/3971/1526 3006/3973/1528 3024/3974/1528 
f 3020/3975/1524 2997/3967/1524 3021/3966/1525 
f 3004/3970/1527 3022/3969/1526 3023/3972/1527 
f 3023/3972/1527 3021/3966/1525 3005/3968/1525 
f 3022/3969/1526 3003/3971/1526 3024/3974/1528 
f 3006/3973/1528 3025/3976/1529 3024/3974/1528 
f 3026/3977/1530 3008/3978/1529 3007/3979/1530 
f 3027/3980/1531 3009/3981/1532 3010/3982/1531 
f 3027/3980/1531 3010/3982/1531 2999/3947/1516 
f 3028/3983/1532 3007/3979/1530 3009/3981/1532 
f 3025/3976/1529 3008/3978/1529 3026/3977/1530 
f 3027/3980/1531 3028/3983/1532 3009/3981/1532 
f 3015/3955/1516 3027/3980/1531 2999/3947/1516 
f 3007/3979/1530 3028/3983/1532 3026/3977/1530 
f 3008/3978/1529 3025/3976/1529 3006/3973/1528 
f 3020/3932/1514 3029/3984/1514 3030/3985/1514 
f 3031/3986/1514 3019/3929/1514 3030/3985/1514 
f 3030/3985/1514 3019/3929/1514 3020/3932/1514 
f 3018/3927/1514 3019/3929/1514 3031/3986/1514 
f 3032/3987/1514 3018/3927/1514 3031/3986/1514 
f 3033/3988/1514 3016/3931/1514 3017/3930/1514 
f 3017/3930/1514 3018/3927/1514 3032/3987/1514 
f 3034/3989/1514 3016/3931/1514 3033/3988/1514 
f 3032/3987/1514 3033/3988/1514 3017/3930/1514 
f 3011/3933/1514 3013/3935/1514 3035/3990/1514 
f 3036/3991/1514 3037/3992/1514 3015/3934/1514 
f 3011/3933/1514 3036/3991/1514 3015/3934/1514 
f 3036/3991/1514 3011/3933/1514 3035/3990/1514 
f 3038/3993/1514 3014/3936/1514 3034/3989/1514 
f 3014/3936/1514 3016/3931/1514 3034/3989/1514 
f 3012/3937/1514 3014/3936/1514 3038/3993/1514 
f 3012/3937/1514 3039/3994/1514 3013/3935/1514 
f 3038/3993/1514 3039/3994/1514 3012/3937/1514 
f 3013/3935/1514 3039/3994/1514 3035/3990/1514 
f 3040/3995/1514 3041/3996/1514 3023/3939/1514 
f 3024/3941/1514 3042/3997/1514 3022/3938/1514 
f 3040/3995/1514 3022/3938/1514 3042/3997/1514 
f 3043/3998/1514 3042/3997/1514 3024/3941/1514 
f 3022/3938/1514 3040/3995/1514 3023/3939/1514 
f 3020/3932/1514 3044/3999/1514 3029/3984/1514 
f 3044/3999/1514 3020/3932/1514 3021/3940/1514 
f 3041/3996/1514 3044/3999/1514 3021/3940/1514 
f 3021/3940/1514 3023/3939/1514 3041/3996/1514 
f 3045/4000/1514 3043/3998/1514 3025/3943/1514 
f 3026/3942/1514 3046/4001/1514 3045/4000/1514 
f 3028/3944/1514 3046/4001/1514 3026/3942/1514 
f 3025/3943/1514 3026/3942/1514 3045/4000/1514 
f 3027/3945/1514 3047/4002/1514 3028/3944/1514 
f 3046/4001/1514 3028/3944/1514 3047/4002/1514 
f 3048/4003/1514 3047/4002/1514 3027/3945/1514 
f 3037/3992/1514 3048/4003/1514 3015/3934/1514 
f 3027/3945/1514 3015/3934/1514 3048/4003/1514 
f 3043/3998/1514 3024/3941/1514 3025/3943/1514 
f 3037/3955/1516 3036/4004/1533 3049/4005/1533 
f 3039/4006/1534 3038/4007/1535 3050/4008/1535 
f 3035/4009/1536 3039/4006/1534 3051/4010/1534 
f 3036/4004/1533 3035/4009/1536 3052/4011/1536 
f 3036/4004/1533 3052/4011/1536 3049/4005/1533 
f 3049/4005/1533 3053/4012/1516 3037/3955/1516 
f 3039/4006/1534 3050/4008/1535 3051/4010/1534 
f 3051/4010/1534 3052/4011/1536 3035/4009/1536 
f 3038/4007/1535 3054/4013/1537 3050/4008/1535 
f 3038/4007/1535 3034/4014/1537 3054/4013/1537 
f 3055/4015/1538 3034/4014/1537 3033/4016/1538 
f 3056/4017/1539 3032/4018/1539 3031/4019/1540 
f 3055/4015/1538 3033/4016/1538 3032/4018/1539 
f 3057/4020/1540 3031/4019/1540 3030/4021/1541 
f 3055/4015/1538 3032/4018/1539 3056/4017/1539 
f 3056/4017/1539 3031/4019/1540 3057/4020/1540 
f 3058/4022/1541 3029/4023/1524 3059/4024/1524 
f 3058/4022/1541 3057/4020/1540 3030/4021/1541 
f 3058/4022/1541 3030/4021/1541 3029/4023/1524 
f 3034/4014/1537 3055/4015/1538 3054/4013/1537 
f 3029/4025/1524 3044/4026/1542 3060/4027/1542 
f 3040/4028/1543 3042/4029/1544 3061/4030/1544 
f 3041/4031/1545 3040/4028/1543 3062/4032/1543 
f 3044/4026/1542 3041/4031/1545 3063/4033/1545 
f 3044/4026/1542 3063/4033/1545 3060/4027/1542 
f 3060/4027/1542 3059/4034/1524 3029/4025/1524 
f 3040/4028/1543 3061/4030/1544 3062/4032/1543 
f 3062/4032/1543 3063/4033/1545 3041/4031/1545 
f 3042/4029/1544 3064/4035/1546 3061/4030/1544 
f 3042/4029/1544 3043/4036/1546 3064/4035/1546 
f 3045/4037/1547 3046/4038/1548 3065/4039/1548 
f 3066/4040/1549 3047/4041/1550 3048/4042/1549 
f 3046/4038/1548 3047/4041/1550 3067/4043/1550 
f 3037/3955/1516 3066/4040/1549 3048/4042/1549 
f 3045/4037/1547 3068/4044/1547 3043/4036/1546 
f 3045/4037/1547 3065/4039/1548 3068/4044/1547 
f 3043/4036/1546 3068/4044/1547 3064/4035/1546 
f 3065/4039/1548 3046/4038/1548 3067/4043/1550 
f 3067/4043/1550 3047/4041/1550 3066/4040/1549 
f 3037/3955/1516 3053/4012/1516 3066/4040/1549 
f 3059/3984/1514 3069/4045/1514 3070/3921/1514 
f 3071/3918/1514 3058/3985/1514 3070/3921/1514 
f 3070/3921/1514 3058/3985/1514 3059/3984/1514 
f 3057/3986/1514 3058/3985/1514 3071/3918/1514 
f 3071/3918/1514 3072/3919/1514 3057/3986/1514 
f 3072/3919/1514 3056/3987/1514 3057/3986/1514 
f 3073/3920/1514 3056/3987/1514 3072/3919/1514 
f 3055/3988/1514 3073/3920/1514 3074/3922/1514 
f 3056/3987/1514 3073/3920/1514 3055/3988/1514 
f 3054/3989/1514 3055/3988/1514 3074/3922/1514 
f 3049/3991/1514 3052/3990/1514 3075/3925/1514 
f 3076/3926/1514 3077/4046/1514 3053/3992/1514 
f 3049/3991/1514 3076/3926/1514 3053/3992/1514 
f 3076/3926/1514 3049/3991/1514 3075/3925/1514 
f 3078/3923/1514 3050/3993/1514 3074/3922/1514 
f 3050/3993/1514 3054/3989/1514 3074/3922/1514 
f 3051/3994/1514 3050/3993/1514 3078/3923/1514 
f 3051/3994/1514 3079/3924/1514 3052/3990/1514 
f 3075/3925/1514 3052/3990/1514 3079/3924/1514 
f 3078/3923/1514 3079/3924/1514 3051/3994/1514 
f 3063/3996/1514 3062/3995/1514 3080/3910/1514 
f 3081/3911/1514 3080/3910/1514 3062/3995/1514 
f 3064/3998/1514 3082/3912/1514 3061/3997/1514 
f 3081/3911/1514 3061/3997/1514 3082/3912/1514 
f 3062/3995/1514 3061/3997/1514 3081/3911/1514 
f 3059/3984/1514 3083/3908/1514 3069/4045/1514 
f 3060/3999/1514 3083/3908/1514 3059/3984/1514 
f 3063/3996/1514 3084/3909/1514 3060/3999/1514 
f 3083/3908/1514 3060/3999/1514 3084/3909/1514 
f 3080/3910/1514 3084/3909/1514 3063/3996/1514 
f 3085/3916/1514 3082/3912/1514 3068/4000/1514 
f 3065/4001/1514 3086/3915/1514 3085/3916/1514 
f 3067/4002/1514 3086/3915/1514 3065/4001/1514 
f 3068/4000/1514 3065/4001/1514 3085/3916/1514 
f 3066/4003/1514 3087/3914/1514 3067/4002/1514 
f 3086/3915/1514 3067/4002/1514 3087/3914/1514 
f 3088/3913/1514 3087/3914/1514 3066/4003/1514 
f 3077/4046/1514 3088/3913/1514 3053/3992/1514 
f 3066/4003/1514 3053/3992/1514 3088/3913/1514 
f 3082/3912/1514 3064/3998/1514 3068/4000/1514 
f 3077/4012/1516 3076/4047/1533 2978/4048/1533 
f 3079/4049/1534 3078/4050/1535 2981/4051/1535 
f 3075/4052/1536 3079/4049/1534 2980/4053/1534 
f 3076/4047/1533 3075/4052/1536 2979/4054/1536 
f 3076/4047/1533 2979/4054/1536 2978/4048/1533 
f 2978/4048/1533 2982/4055/1516 3077/4012/1516 
f 3079/4049/1534 2981/4051/1535 2980/4053/1534 
f 2980/4053/1534 2979/4054/1536 3075/4052/1536 
f 3078/4050/1535 2977/4056/1537 2981/4051/1535 
f 3078/4050/1535 3074/4057/1537 2977/4056/1537 
f 2976/4058/1538 3074/4057/1537 3073/4059/1538 
f 3071/4060/1540 2975/4061/1539 3072/4062/1539 
f 3073/4059/1538 3072/4062/1539 2975/4061/1539 
f 2974/4063/1540 3071/4060/1540 3070/4024/1541 
f 2976/4058/1538 3073/4059/1538 2975/4061/1539 
f 2975/4061/1539 3071/4060/1540 2974/4063/1540 
f 2973/4064/1541 3069/4065/1524 2971/4066/1524 
f 2973/4064/1541 2974/4063/1540 3070/4024/1541 
f 2973/4064/1541 3070/4024/1541 3069/4065/1524 
f 3074/4057/1537 2976/4058/1538 2977/4056/1537 
f 3069/4067/1524 3083/4034/1542 2986/4068/1542 
f 3080/4069/1543 3081/4070/1544 2985/4071/1544 
f 3084/4072/1545 3080/4069/1543 2984/4073/1543 
f 3083/4034/1542 3084/4072/1545 2983/4074/1545 
f 3083/4034/1542 2983/4074/1545 2986/4068/1542 
f 2986/4068/1542 2971/4075/1524 3069/4067/1524 
f 3080/4069/1543 2985/4071/1544 2984/4073/1543 
f 2984/4073/1543 2983/4074/1545 3084/4072/1545 
f 3081/4070/1544 2987/4076/1546 2985/4071/1544 
f 3081/4070/1544 3082/4077/1546 2987/4076/1546 
f 3085/4078/1547 3086/4079/1548 2989/4080/1548 
f 3088/4081/1549 3077/4012/1516 2982/4055/1516 
f 3087/4082/1550 3088/4081/1549 2991/4083/1549 
f 3086/4079/1548 3087/4082/1550 2990/4084/1550 
f 3085/4078/1547 2988/4085/1547 3082/4077/1546 
f 3085/4078/1547 2989/4080/1548 2988/4085/1547 
f 3082/4077/1546 2988/4085/1547 2987/4076/1546 
f 2990/4084/1550 2989/4080/1548 3086/4079/1548 
f 3087/4082/1550 2991/4083/1549 2990/4084/1550 
f 3088/4081/1549 2982/4055/1516 2991/4083/1549 
# 232 faces

#
# object _Extrusion__1835_
#

v  -21.4740 48.8968 59.2495
v  -20.9088 48.8968 59.2495
v  -20.3996 49.1300 59.3253
v  -21.9833 51.0187 59.9389
v  -22.3357 49.5503 59.4618
v  -21.9833 49.1300 59.3253
v  -22.4615 50.0744 59.6321
v  -20.0472 50.5984 59.8024
v  -20.0472 49.5503 59.4618
v  -20.3996 51.0187 59.9389
v  -22.3357 50.5984 59.8024
v  -20.9088 51.2519 60.0147
v  -21.4740 51.2519 60.0147
v  -19.9214 50.0744 59.6321
v  -21.4740 56.7463 43.1049
v  -20.9088 56.7463 43.1049
v  -20.3996 56.5130 43.0291
v  -20.3996 54.6244 42.4155
v  -21.9833 56.5130 43.0291
v  -22.3357 55.0446 42.5520
v  -22.4615 55.5687 42.7223
v  -22.3357 56.0928 42.8926
v  -20.0472 56.0928 42.8926
v  -20.0472 55.0446 42.5520
v  -21.9833 54.6244 42.4155
v  -21.4740 54.3911 42.3397
v  -20.9088 54.3911 42.3397
v  -19.9214 55.5687 42.7223
v  -22.1596 51.6796 52.0319
v  -21.1914 51.6137 50.7848
v  -22.4615 53.9196 47.7977
v  -19.9214 53.9196 47.7977
v  -20.2233 51.6796 52.0319
v  -20.2233 53.2430 52.5399
v  -21.1914 54.0294 51.5697
v  -22.1596 53.2430 52.5399
# 36 vertices

vn 0.0000 -0.3090 0.9511
vn -0.0000 0.3090 -0.9511
vn -0.7623 -0.6155 -0.2000
vn -0.9010 -0.4126 -0.1341
vn -0.6235 -0.7436 -0.2416
vn -0.2225 -0.9272 -0.3013
vn -0.0000 -0.9511 -0.3090
vn -1.0000 0.0000 0.0000
vn 0.2225 -0.9272 -0.3013
vn 0.6235 -0.7436 -0.2416
vn 0.9010 -0.4126 -0.1341
vn 1.0000 -0.0000 -0.0000
vn 0.7623 -0.6155 -0.2000
vn 0.7623 0.6155 0.2000
vn 0.9010 0.4126 0.1341
vn 0.6235 0.7436 0.2416
vn 0.2225 0.9272 0.3013
vn -0.0000 0.9511 0.3090
vn -0.6235 0.7436 0.2416
vn -0.2225 0.9272 0.3013
vn -0.7623 0.6155 0.2000
vn -0.9010 0.4126 0.1341
# 22 vertex normals

vt 0.1232 0.8966 0.0000
vt 0.1418 0.8966 0.0000
vt 0.1585 0.9047 0.0000
vt 0.1065 0.9698 0.0000
vt 0.0950 0.9192 0.0000
vt 0.1065 0.9047 0.0000
vt 0.0908 0.9372 0.0000
vt 0.1700 0.9553 0.0000
vt 0.1700 0.9192 0.0000
vt 0.1585 0.9698 0.0000
vt 0.0950 0.9553 0.0000
vt 0.1418 0.9779 0.0000
vt 0.1232 0.9779 0.0000
vt 0.1742 0.9372 0.0000
vt -0.1232 0.9779 0.0000
vt -0.1418 0.9779 0.0000
vt -0.1585 0.9698 0.0000
vt -0.1585 0.9047 0.0000
vt -0.1065 0.9698 0.0000
vt -0.0950 0.9192 0.0000
vt -0.0908 0.9372 0.0000
vt -0.0950 0.9553 0.0000
vt -0.1700 0.9553 0.0000
vt -0.1700 0.9192 0.0000
vt -0.1065 0.9047 0.0000
vt -0.1232 0.8966 0.0000
vt -0.1418 0.8966 0.0000
vt -0.1742 0.9372 0.0000
vt -0.0568 -1.4978 0.0000
vt -0.0157 -1.1702 0.0000
vt -0.0343 -1.1685 0.0000
vt -0.0529 -1.1668 0.0000
vt -0.0892 -1.4563 0.0000
vt -0.1069 -1.7476 0.0000
vt 0.0030 -1.1720 0.0000
vt -0.0133 -1.3463 0.0000
vt -0.0715 -1.1651 0.0000
vt -0.0901 -1.1633 0.0000
vt -0.0697 -1.7511 0.0000
vt -0.0511 -1.7528 0.0000
vt -0.0883 -1.7493 0.0000
vt -0.1088 -1.1616 0.0000
vt -0.1436 -1.3342 0.0000
vt -0.1287 -1.4911 0.0000
vt -0.1274 -1.1599 0.0000
vt -0.1814 -1.7407 0.0000
vt -0.1628 -1.7424 0.0000
vt -0.1256 -1.7459 0.0000
vt -0.1442 -1.7441 0.0000
vt -0.1871 -1.4856 0.0000
vt -0.1460 -1.1581 0.0000
vt -0.1646 -1.1564 0.0000
vt -0.2373 -1.7355 0.0000
vt -0.2196 -1.4442 0.0000
vt -0.2205 -1.1512 0.0000
vt -0.2019 -1.1529 0.0000
vt -0.2591 -1.4789 0.0000
vt -0.3117 -1.7286 0.0000
vt -0.2931 -1.7303 0.0000
vt -0.1832 -1.1547 0.0000
vt -0.2559 -1.7338 0.0000
vt -0.2745 -1.7320 0.0000
vt -0.2000 -1.7389 0.0000
vt -0.2391 -1.1495 0.0000
vt -0.2739 -1.3221 0.0000
vt -0.2186 -1.7372 0.0000
vt -0.2577 -1.1477 0.0000
# 67 texture coords

g _Extrusion__1835_
usemtl metal
s off
f 3089/4086/1551 3090/4087/1551 3091/4088/1551 
f 3092/4089/1551 3093/4090/1551 3091/4088/1551 
f 3094/4091/1551 3089/4086/1551 3093/4090/1551 
f 3093/4090/1551 3089/4086/1551 3091/4088/1551 
f 3093/4090/1551 3092/4089/1551 3095/4092/1551 
f 3096/4093/1551 3091/4088/1551 3097/4094/1551 
f 3096/4093/1551 3098/4095/1551 3091/4088/1551 
f 3098/4095/1551 3092/4089/1551 3091/4088/1551 
f 3095/4092/1551 3092/4089/1551 3099/4096/1551 
f 3100/4097/1551 3101/4098/1551 3092/4089/1551 
f 3098/4095/1551 3100/4097/1551 3092/4089/1551 
f 3102/4099/1551 3096/4093/1551 3097/4094/1551 
f 3103/4100/1552 3104/4101/1552 3105/4102/1552 
f 3106/4103/1552 3107/4104/1552 3105/4102/1552 
f 3103/4100/1552 3105/4102/1552 3107/4104/1552 
f 3108/4105/1552 3109/4106/1552 3110/4107/1552 
f 3110/4107/1552 3107/4104/1552 3108/4105/1552 
f 3106/4103/1552 3105/4102/1552 3111/4108/1552 
f 3112/4109/1552 3106/4103/1552 3111/4108/1552 
f 3106/4103/1552 3108/4105/1552 3107/4104/1552 
f 3113/4110/1552 3108/4105/1552 3114/4111/1552 
f 3114/4111/1552 3108/4105/1552 3106/4103/1552 
f 3106/4103/1552 3115/4112/1552 3114/4111/1552 
f 3111/4108/1552 3116/4113/1552 3112/4109/1552 
f 3117/4114/1553 3108/4115/1554 3113/4116/1555 
f 3114/4117/1556 3118/4118/1557 3113/4116/1555 
f 3118/4118/1557 3089/4119/1556 3117/4114/1553 
f 3117/4114/1553 3113/4116/1555 3118/4118/1557 
f 3109/4120/1558 3108/4115/1554 3119/4121/1558 
f 3118/4118/1557 3115/4122/1559 3106/4123/1560 
f 3117/4114/1553 3093/4124/1554 3095/4125/1558 
f 3095/4125/1558 3119/4121/1558 3117/4114/1553 
f 3117/4114/1553 3089/4119/1556 3094/4126/1555 
f 3114/4117/1556 3115/4122/1559 3118/4118/1557 
f 3112/4127/1561 3120/4128/1562 3121/4129/1563 
f 3093/4124/1554 3117/4114/1553 3094/4126/1555 
f 3116/4130/1562 3120/4128/1562 3112/4127/1561 
f 3121/4129/1563 3102/4131/1562 3097/4132/1561 
f 3121/4129/1563 3090/4133/1559 3118/4118/1557 
f 3106/4123/1560 3121/4129/1563 3118/4118/1557 
f 3091/4134/1560 3121/4129/1563 3097/4132/1561 
f 3112/4127/1561 3121/4129/1563 3106/4123/1560 
f 3090/4133/1559 3121/4129/1563 3091/4134/1560 
f 3121/4129/1563 3120/4128/1562 3102/4131/1562 
f 3090/4133/1559 3089/4119/1556 3118/4118/1557 
f 3117/4114/1553 3119/4121/1558 3108/4115/1554 
f 3122/4135/1564 3111/4136/1565 3105/4137/1566 
f 3122/4135/1564 3120/4128/1562 3111/4136/1565 
f 3100/4138/1567 3122/4135/1564 3123/4139/1568 
f 3107/4140/1569 3123/4139/1568 3103/4141/1570 
f 3124/4142/1571 3095/4143/1558 3099/4144/1572 
f 3104/4145/1567 3123/4139/1568 3105/4137/1566 
f 3101/4146/1570 3124/4142/1571 3092/4147/1569 
f 3116/4130/1562 3111/4136/1565 3120/4128/1562 
f 3122/4135/1564 3105/4137/1566 3123/4139/1568 
f 3102/4131/1562 3122/4135/1564 3096/4148/1565 
f 3102/4131/1562 3120/4128/1562 3122/4135/1564 
f 3101/4146/1570 3100/4138/1567 3123/4139/1568 
f 3103/4141/1570 3123/4139/1568 3104/4145/1567 
f 3110/4149/1572 3119/4150/1558 3124/4142/1571 
f 3124/4142/1571 3119/4150/1558 3095/4143/1558 
f 3096/4148/1565 3122/4135/1564 3098/4151/1566 
f 3109/4152/1558 3119/4150/1558 3110/4149/1572 
f 3123/4139/1568 3124/4142/1571 3101/4146/1570 
f 3092/4147/1569 3124/4142/1571 3099/4144/1572 
f 3110/4149/1572 3124/4142/1571 3107/4140/1569 
f 3107/4140/1569 3124/4142/1571 3123/4139/1568 
f 3122/4135/1564 3100/4138/1567 3098/4151/1566 
# 68 faces

#
# object _Revolve__1839_
#

v  -49.8501 45.3620 34.0645
v  -49.8501 43.7922 38.8959
v  -53.7746 44.3834 39.0880
v  -57.3150 47.6688 34.8141
v  -57.3150 46.0990 39.6454
v  -60.1246 48.7711 40.5137
v  -53.7746 45.9532 34.2566
v  -61.9285 52.1382 41.6077
v  -60.1246 50.3409 35.6823
v  -61.9285 53.7080 36.7763
v  -62.5501 55.8707 42.8204
v  -62.5501 57.4405 37.9891
v  -61.9285 59.6031 44.0332
v  -60.1246 62.9702 45.1272
v  -61.9285 61.1729 39.2018
v  -53.7746 68.9277 41.7215
v  -57.3150 65.6423 45.9954
v  -53.7746 67.3579 46.5529
v  -57.3150 67.2121 41.1641
v  -49.8501 67.9491 46.7449
v  -49.8501 69.5189 41.9136
v  -60.1246 64.5400 40.2958
v  -45.9256 67.3579 46.5529
v  -42.3853 67.2121 41.1641
v  -42.3853 65.6423 45.9954
v  -39.5756 62.9702 45.1272
v  -45.9256 68.9277 41.7215
v  -37.7717 59.6031 44.0332
v  -39.5756 64.5400 40.2958
v  -37.7717 61.1729 39.2018
v  -37.1501 55.8707 42.8204
v  -37.1501 57.4405 37.9891
v  -37.7717 53.7080 36.7763
v  -37.7717 52.1382 41.6077
v  -39.5756 48.7711 40.5137
v  -45.9256 44.3834 39.0880
v  -42.3853 47.6688 34.8141
v  -42.3853 46.0990 39.6454
v  -39.5756 50.3409 35.6823
v  -45.9256 45.9532 34.2566
v  -49.8501 68.3110 41.5211
v  -53.3822 67.7790 41.3483
v  -56.5685 66.2349 40.8466
v  -59.0972 63.8300 40.0652
v  -60.7207 60.7997 39.0805
v  -61.2801 57.4405 37.9891
v  -56.5685 48.6460 35.1316
v  -53.3822 47.1019 34.6299
v  -49.8501 46.5699 34.4570
v  -60.7207 54.0813 36.8976
v  -59.0972 51.0509 35.9130
v  -40.6031 63.8300 40.0652
v  -43.1317 66.2349 40.8466
v  -38.9796 60.7997 39.0805
v  -38.4201 57.4405 37.9891
v  -46.3181 67.7790 41.3483
v  -38.9796 54.0813 36.8976
v  -40.6031 51.0509 35.9130
v  -43.1317 48.6460 35.1316
v  -46.3181 47.1019 34.6299
v  -49.8501 48.1397 29.6256
v  -56.5685 50.2158 30.3002
v  -53.3822 48.6717 29.7985
v  -59.0972 52.6207 31.0816
v  -60.7207 55.6511 32.0662
v  -61.2801 59.0103 33.1577
v  -59.0972 65.3998 35.2338
v  -53.3822 69.3488 36.5169
v  -56.5685 67.8047 36.0152
v  -49.8501 69.8808 36.6898
v  -60.7207 62.3695 34.2492
v  -43.1317 67.8047 36.0152
v  -46.3181 69.3488 36.5169
v  -40.6031 65.3998 35.2338
v  -38.9796 62.3695 34.2492
v  -38.4201 59.0103 33.1577
v  -38.9796 55.6511 32.0662
v  -40.6031 52.6207 31.0816
v  -43.1317 50.2158 30.3002
v  -46.3181 48.6717 29.7985
v  -49.8501 68.6730 36.2973
v  -53.3251 68.0903 36.1080
v  -56.3809 66.4123 35.5628
v  -58.6489 63.8416 34.7275
v  -59.8558 60.6882 33.7029
v  -56.3809 51.6082 30.7526
v  -53.3251 49.9303 30.2074
v  -49.8501 49.3475 30.0181
v  -59.8558 57.3324 32.6125
v  -58.6489 54.1789 31.5879
v  -43.3194 66.4123 35.5628
v  -41.0513 63.8416 34.7275
v  -39.8445 60.6882 33.7029
v  -46.3752 68.0903 36.1080
v  -39.8445 57.3324 32.6125
v  -41.0513 54.1789 31.5879
v  -43.3194 51.6082 30.7526
v  -46.3752 49.9303 30.2074
v  -49.8501 50.9173 25.1867
v  -56.3809 53.1780 25.9212
v  -53.3251 51.5001 25.3761
v  -58.6489 55.7487 26.7565
v  -59.8558 58.9022 27.7811
v  -59.8558 62.2580 28.8715
v  -53.3251 69.6601 31.2766
v  -56.3809 67.9822 30.7314
v  -49.8501 70.2428 31.4659
v  -58.6489 65.4114 29.8961
v  -43.3194 67.9822 30.7314
v  -46.3752 69.6601 31.2766
v  -41.0513 65.4114 29.8961
v  -39.8445 62.2580 28.8715
v  -39.8445 58.9022 27.7811
v  -43.3194 53.1780 25.9212
v  -41.0513 55.7487 26.7565
v  -46.3752 51.5001 25.3761
v  -49.8501 60.5801 28.3263
v  -49.8501 55.8707 42.8204
# 118 vertices

vn 0.0000 -0.9511 -0.3090
vn -0.3090 -0.9045 -0.2939
vn -0.5878 -0.7694 -0.2500
vn -0.8090 -0.5590 -0.1816
vn -0.9511 -0.2939 -0.0955
vn -1.0000 -0.0000 0.0000
vn -0.9511 0.2939 0.0955
vn -0.8090 0.5590 0.1816
vn -0.3090 0.9045 0.2939
vn -0.5878 0.7694 0.2500
vn -0.0000 0.9511 0.3090
vn 0.3090 0.9045 0.2939
vn 0.5878 0.7694 0.2500
vn 0.8090 0.5590 0.1816
vn 0.9511 0.2939 0.0955
vn 1.0000 0.0000 0.0000
vn 0.9511 -0.2939 -0.0955
vn 0.8090 -0.5590 -0.1816
vn 0.3090 -0.9045 -0.2939
vn 0.5878 -0.7694 -0.2500
vn -0.0000 0.3090 -0.9511
vn -0.3420 -0.8937 -0.2904
vn -0.6428 -0.7286 -0.2367
vn -0.8660 -0.4755 -0.1545
vn -0.9848 -0.1651 -0.0537
vn -0.9848 0.1651 0.0537
vn -0.8660 0.4755 0.1545
vn -0.3420 0.8937 0.2904
vn -0.6428 0.7286 0.2367
vn 0.3420 0.8937 0.2904
vn 0.6428 0.7286 0.2367
vn 0.8660 0.4755 0.1545
vn 0.9848 0.1651 0.0537
vn 0.9848 -0.1651 -0.0537
vn 0.8660 -0.4755 -0.1545
vn 0.3420 -0.8937 -0.2904
vn 0.6428 -0.7286 -0.2367
vn 0.0000 -0.3090 0.9511
# 38 vertex normals

vt 0.0000 0.6667 0.0000
vt 0.0000 0.5000 0.0000
vt 0.1309 0.5000 0.0000
vt 0.2618 0.6667 0.0000
vt 0.2618 0.5000 0.0000
vt 0.3927 0.5000 0.0000
vt 0.1309 0.6667 0.0000
vt 0.5236 0.5000 0.0000
vt 0.3927 0.6667 0.0000
vt 0.5236 0.6667 0.0000
vt 0.6545 0.5000 0.0000
vt 0.6545 0.6667 0.0000
vt 0.7854 0.5000 0.0000
vt 0.9163 0.5000 0.0000
vt 0.7854 0.6667 0.0000
vt 1.1781 0.6667 0.0000
vt 1.0472 0.5000 0.0000
vt 1.1781 0.5000 0.0000
vt 1.0472 0.6667 0.0000
vt 1.3090 0.5000 0.0000
vt 1.3090 0.6667 0.0000
vt 0.9163 0.6667 0.0000
vt -1.3090 0.6667 0.0000
vt -1.3090 0.5000 0.0000
vt -1.1781 0.5000 0.0000
vt -1.0472 0.6667 0.0000
vt -1.0472 0.5000 0.0000
vt -0.9163 0.5000 0.0000
vt -1.1781 0.6667 0.0000
vt -0.7854 0.5000 0.0000
vt -0.9163 0.6667 0.0000
vt -0.7854 0.6667 0.0000
vt -0.6545 0.5000 0.0000
vt -0.6545 0.6667 0.0000
vt -0.5236 0.6667 0.0000
vt -0.5236 0.5000 0.0000
vt -0.3927 0.5000 0.0000
vt -0.1309 0.5000 0.0000
vt -0.2618 0.6667 0.0000
vt -0.2618 0.5000 0.0000
vt -0.3927 0.6667 0.0000
vt -0.1309 0.6667 0.0000
vt 0.1288 5.8892 0.0000
vt 0.0000 5.9096 0.0000
vt 0.0000 5.8679 0.0000
vt 0.1159 5.8495 0.0000
vt 0.2449 5.8300 0.0000
vt 0.2204 5.7963 0.0000
vt 0.3371 5.7378 0.0000
vt 0.3034 5.7133 0.0000
vt 0.3963 5.6217 0.0000
vt 0.4167 5.4929 0.0000
vt 0.3566 5.6088 0.0000
vt 0.3750 5.4929 0.0000
vt 0.2449 5.1558 0.0000
vt 0.2204 5.1895 0.0000
vt 0.1159 5.1363 0.0000
vt 0.0000 5.1179 0.0000
vt 0.0000 5.0762 0.0000
vt 0.1288 5.0966 0.0000
vt 0.3566 5.3770 0.0000
vt 0.3963 5.3641 0.0000
vt 0.3034 5.2725 0.0000
vt 0.3371 5.2480 0.0000
vt -0.3371 5.7378 0.0000
vt -0.3034 5.7133 0.0000
vt -0.2204 5.7963 0.0000
vt -0.3963 5.6217 0.0000
vt -0.3566 5.6088 0.0000
vt -0.4167 5.4929 0.0000
vt -0.3750 5.4929 0.0000
vt -0.1288 5.8892 0.0000
vt -0.1159 5.8495 0.0000
vt -0.2449 5.8300 0.0000
vt -0.3566 5.3770 0.0000
vt -0.3963 5.3641 0.0000
vt -0.3371 5.2480 0.0000
vt -0.3034 5.2725 0.0000
vt -0.2204 5.1895 0.0000
vt -0.2449 5.1558 0.0000
vt -0.1159 5.1363 0.0000
vt -0.1288 5.0966 0.0000
vt -0.0000 5.1179 0.0000
vt -0.0000 5.0762 0.0000
vt 0.0000 0.8333 0.0000
vt 0.1178 0.6667 0.0000
vt 0.2356 0.8333 0.0000
vt 0.2356 0.6667 0.0000
vt 0.3534 0.6667 0.0000
vt 0.1178 0.8333 0.0000
vt 0.4712 0.6667 0.0000
vt 0.3534 0.8333 0.0000
vt 0.4712 0.8333 0.0000
vt 0.5890 0.6667 0.0000
vt 0.5890 0.8333 0.0000
vt 0.7069 0.6667 0.0000
vt 0.8247 0.6667 0.0000
vt 0.8247 0.8333 0.0000
vt 1.0603 0.8333 0.0000
vt 0.9425 0.6667 0.0000
vt 1.0603 0.6667 0.0000
vt 0.9425 0.8333 0.0000
vt 1.1781 0.8333 0.0000
vt 0.7069 0.8333 0.0000
vt -1.1781 0.8333 0.0000
vt -1.0603 0.6667 0.0000
vt -0.9425 0.8333 0.0000
vt -0.9425 0.6667 0.0000
vt -0.8247 0.6667 0.0000
vt -1.0603 0.8333 0.0000
vt -0.7069 0.6667 0.0000
vt -0.8247 0.8333 0.0000
vt -0.7069 0.8333 0.0000
vt -0.5890 0.6667 0.0000
vt -0.5890 0.8333 0.0000
vt -0.4712 0.8333 0.0000
vt -0.4712 0.6667 0.0000
vt -0.3534 0.6667 0.0000
vt -0.1178 0.6667 0.0000
vt -0.3534 0.8333 0.0000
vt -0.2356 0.6667 0.0000
vt -0.2356 0.8333 0.0000
vt -0.1178 0.8333 0.0000
vt 0.0000 5.8262 0.0000
vt 0.1140 5.8061 0.0000
vt 0.2143 5.7482 0.0000
vt 0.2887 5.6596 0.0000
vt 0.3283 5.5508 0.0000
vt 0.2143 5.2375 0.0000
vt 0.1140 5.1797 0.0000
vt 0.0000 5.1596 0.0000
vt 0.3283 5.4350 0.0000
vt 0.2887 5.3262 0.0000
vt -0.2143 5.7482 0.0000
vt -0.2887 5.6596 0.0000
vt -0.3283 5.5508 0.0000
vt -0.1140 5.8061 0.0000
vt -0.3283 5.4350 0.0000
vt -0.2887 5.3262 0.0000
vt -0.2143 5.2375 0.0000
vt -0.1140 5.1797 0.0000
vt -0.0000 5.1596 0.0000
vt 0.0000 1.0000 0.0000
vt 0.1164 0.8333 0.0000
vt 0.2327 1.0000 0.0000
vt 0.2327 0.8333 0.0000
vt 0.3491 0.8333 0.0000
vt 0.1164 1.0000 0.0000
vt 0.4654 0.8333 0.0000
vt 0.3491 1.0000 0.0000
vt 0.4654 1.0000 0.0000
vt 0.5818 0.8333 0.0000
vt 0.6981 0.8333 0.0000
vt 0.5818 1.0000 0.0000
vt 0.9308 1.0000 0.0000
vt 0.8145 0.8333 0.0000
vt 0.9308 0.8333 0.0000
vt 0.8145 1.0000 0.0000
vt 1.0472 1.0000 0.0000
vt 1.0472 0.8333 0.0000
vt 0.6981 1.0000 0.0000
vt -1.0472 1.0000 0.0000
vt -1.0472 0.8333 0.0000
vt -0.9308 0.8333 0.0000
vt -0.8145 1.0000 0.0000
vt -0.8145 0.8333 0.0000
vt -0.6981 0.8333 0.0000
vt -0.9308 1.0000 0.0000
vt -0.5818 0.8333 0.0000
vt -0.6981 1.0000 0.0000
vt -0.5818 1.0000 0.0000
vt -0.4654 0.8333 0.0000
vt -0.4654 1.0000 0.0000
vt -0.3491 0.8333 0.0000
vt -0.1164 0.8333 0.0000
vt -0.2327 0.8333 0.0000
vt -0.2327 1.0000 0.0000
vt -0.3491 1.0000 0.0000
vt -0.1164 1.0000 0.0000
vt 0.0000 5.4929 0.0000
vt -0.0000 5.4929 0.0000
vt -0.0000 5.9096 0.0000
# 182 texture coords

g _Revolve__1839_
usemtl plastic
s off
f 3125/4153/1573 3126/4154/1573 3127/4155/1574 
f 3128/4156/1575 3129/4157/1575 3130/4158/1576 
f 3127/4155/1574 3129/4157/1575 3131/4159/1574 
f 3130/4158/1576 3132/4160/1577 3133/4161/1576 
f 3125/4153/1573 3127/4155/1574 3131/4159/1574 
f 3131/4159/1574 3129/4157/1575 3128/4156/1575 
f 3132/4160/1577 3134/4162/1577 3133/4161/1576 
f 3133/4161/1576 3128/4156/1575 3130/4158/1576 
f 3134/4162/1577 3135/4163/1578 3136/4164/1578 
f 3132/4160/1577 3135/4163/1578 3134/4162/1577 
f 3137/4165/1579 3138/4166/1580 3139/4167/1579 
f 3140/4168/1581 3141/4169/1582 3142/4170/1581 
f 3138/4166/1580 3141/4169/1582 3143/4171/1582 
f 3144/4172/1583 3145/4173/1583 3142/4170/1581 
f 3136/4164/1578 3137/4165/1579 3139/4167/1579 
f 3139/4167/1579 3138/4166/1580 3146/4174/1580 
f 3138/4166/1580 3143/4171/1582 3146/4174/1580 
f 3143/4171/1582 3141/4169/1582 3140/4168/1581 
f 3142/4170/1581 3145/4173/1583 3140/4168/1581 
f 3137/4165/1579 3136/4164/1578 3135/4163/1578 
f 3145/4175/1583 3144/4176/1583 3147/4177/1584 
f 3148/4178/1585 3149/4179/1585 3150/4180/1586 
f 3147/4177/1584 3149/4179/1585 3151/4181/1584 
f 3150/4180/1586 3152/4182/1587 3153/4183/1586 
f 3145/4175/1583 3147/4177/1584 3151/4181/1584 
f 3151/4181/1584 3149/4179/1585 3148/4178/1585 
f 3152/4182/1587 3154/4184/1587 3153/4183/1586 
f 3153/4183/1586 3148/4178/1585 3150/4180/1586 
f 3154/4184/1587 3155/4185/1588 3156/4186/1588 
f 3152/4182/1587 3155/4185/1588 3154/4184/1587 
f 3157/4187/1589 3158/4188/1589 3159/4189/1590 
f 3160/4190/1591 3161/4191/1592 3162/4192/1592 
f 3162/4192/1592 3163/4193/1590 3159/4189/1590 
f 3164/4194/1591 3160/4190/1591 3126/4154/1573 
f 3157/4187/1589 3156/4186/1588 3158/4188/1589 
f 3163/4193/1590 3157/4187/1589 3159/4189/1590 
f 3164/4194/1591 3161/4191/1592 3160/4190/1591 
f 3125/4153/1573 3164/4194/1591 3126/4154/1573 
f 3163/4193/1590 3162/4192/1592 3161/4191/1592 
f 3158/4188/1589 3156/4186/1588 3155/4185/1588 
f 3140/4195/1593 3145/4196/1593 3165/4197/1593 
f 3140/4195/1593 3166/4198/1593 3143/4199/1593 
f 3165/4197/1593 3166/4198/1593 3140/4195/1593 
f 3143/4199/1593 3166/4198/1593 3167/4200/1593 
f 3167/4200/1593 3146/4201/1593 3143/4199/1593 
f 3167/4200/1593 3168/4202/1593 3146/4201/1593 
f 3146/4201/1593 3168/4202/1593 3139/4203/1593 
f 3136/4204/1593 3139/4203/1593 3169/4205/1593 
f 3169/4205/1593 3139/4203/1593 3168/4202/1593 
f 3136/4204/1593 3169/4205/1593 3170/4206/1593 
f 3128/4207/1593 3171/4208/1593 3172/4209/1593 
f 3173/4210/1593 3125/4211/1593 3131/4212/1593 
f 3173/4210/1593 3131/4212/1593 3172/4209/1593 
f 3128/4207/1593 3172/4209/1593 3131/4212/1593 
f 3136/4204/1593 3174/4213/1593 3134/4214/1593 
f 3136/4204/1593 3170/4206/1593 3174/4213/1593 
f 3134/4214/1593 3174/4213/1593 3175/4215/1593 
f 3171/4208/1593 3133/4216/1593 3175/4215/1593 
f 3133/4216/1593 3171/4208/1593 3128/4207/1593 
f 3175/4215/1593 3133/4216/1593 3134/4214/1593 
f 3153/4217/1593 3176/4218/1593 3177/4219/1593 
f 3176/4218/1593 3153/4217/1593 3154/4220/1593 
f 3178/4221/1593 3156/4222/1593 3179/4223/1593 
f 3156/4222/1593 3178/4221/1593 3154/4220/1593 
f 3154/4220/1593 3178/4221/1593 3176/4218/1593 
f 3145/4196/1593 3151/4224/1593 3165/4197/1593 
f 3165/4197/1593 3151/4224/1593 3180/4225/1593 
f 3180/4225/1593 3148/4226/1593 3177/4219/1593 
f 3148/4226/1593 3180/4225/1593 3151/4224/1593 
f 3177/4219/1593 3148/4226/1593 3153/4217/1593 
f 3181/4227/1593 3156/4222/1593 3157/4228/1593 
f 3157/4228/1593 3163/4229/1593 3182/4230/1593 
f 3182/4230/1593 3163/4229/1593 3183/4231/1593 
f 3157/4228/1593 3182/4230/1593 3181/4227/1593 
f 3183/4231/1593 3161/4232/1593 3184/4233/1593 
f 3161/4232/1593 3183/4231/1593 3163/4229/1593 
f 3184/4233/1593 3161/4232/1593 3164/4234/1593 
f 3173/4235/1593 3164/4234/1593 3125/4236/1593 
f 3164/4234/1593 3173/4235/1593 3184/4233/1593 
f 3181/4227/1593 3179/4223/1593 3156/4222/1593 
f 3185/4237/1573 3173/4153/1573 3172/4238/1574 
f 3186/4239/1575 3171/4240/1575 3175/4241/1576 
f 3172/4238/1574 3171/4240/1575 3187/4242/1574 
f 3175/4241/1576 3174/4243/1577 3188/4244/1576 
f 3185/4237/1573 3172/4238/1574 3187/4242/1574 
f 3187/4242/1574 3171/4240/1575 3186/4239/1575 
f 3174/4243/1577 3189/4245/1577 3188/4244/1576 
f 3188/4244/1576 3186/4239/1575 3175/4241/1576 
f 3189/4245/1577 3170/4246/1578 3190/4247/1578 
f 3174/4243/1577 3170/4246/1578 3189/4245/1577 
f 3169/4248/1579 3168/4249/1580 3191/4250/1580 
f 3192/4251/1581 3167/4252/1582 3166/4253/1581 
f 3167/4252/1582 3193/4254/1582 3168/4249/1580 
f 3194/4255/1583 3166/4253/1581 3165/4168/1583 
f 3169/4248/1579 3195/4256/1579 3190/4247/1578 
f 3169/4248/1579 3191/4250/1580 3195/4256/1579 
f 3191/4250/1580 3168/4249/1580 3193/4254/1582 
f 3193/4254/1582 3167/4252/1582 3192/4251/1581 
f 3166/4253/1581 3194/4255/1583 3192/4251/1581 
f 3169/4248/1579 3190/4247/1578 3170/4246/1578 
f 3194/4257/1583 3165/4181/1583 3180/4258/1584 
f 3196/4259/1585 3177/4260/1585 3176/4261/1586 
f 3180/4258/1584 3177/4260/1585 3197/4262/1584 
f 3176/4261/1586 3178/4263/1587 3198/4264/1586 
f 3194/4257/1583 3180/4258/1584 3197/4262/1584 
f 3197/4262/1584 3177/4260/1585 3196/4259/1585 
f 3178/4263/1587 3199/4265/1587 3198/4264/1586 
f 3198/4264/1586 3196/4259/1585 3176/4261/1586 
f 3199/4265/1587 3179/4266/1588 3200/4267/1588 
f 3178/4263/1587 3179/4266/1588 3199/4265/1587 
f 3201/4268/1589 3181/4269/1589 3182/4270/1590 
f 3184/4271/1591 3173/4153/1573 3185/4237/1573 
f 3202/4272/1590 3182/4270/1590 3183/4273/1592 
f 3203/4274/1592 3183/4273/1592 3184/4271/1591 
f 3201/4268/1589 3200/4267/1588 3181/4269/1589 
f 3202/4272/1590 3201/4268/1589 3182/4270/1590 
f 3184/4271/1591 3204/4275/1591 3203/4274/1592 
f 3203/4274/1592 3202/4272/1590 3183/4273/1592 
f 3185/4237/1573 3204/4275/1591 3184/4271/1591 
f 3181/4269/1589 3200/4267/1588 3179/4266/1588 
f 3192/4198/1593 3194/4197/1593 3205/4276/1593 
f 3192/4198/1593 3206/4277/1593 3193/4200/1593 
f 3205/4276/1593 3206/4277/1593 3192/4198/1593 
f 3193/4200/1593 3206/4277/1593 3207/4278/1593 
f 3193/4200/1593 3207/4278/1593 3191/4202/1593 
f 3208/4279/1593 3209/4280/1593 3195/4205/1593 
f 3191/4202/1593 3207/4278/1593 3208/4279/1593 
f 3195/4205/1593 3209/4280/1593 3190/4206/1593 
f 3208/4279/1593 3195/4205/1593 3191/4202/1593 
f 3186/4208/1593 3210/4281/1593 3211/4282/1593 
f 3212/4283/1593 3185/4210/1593 3187/4209/1593 
f 3212/4283/1593 3187/4209/1593 3211/4282/1593 
f 3186/4208/1593 3211/4282/1593 3187/4209/1593 
f 3190/4206/1593 3213/4284/1593 3189/4213/1593 
f 3190/4206/1593 3209/4280/1593 3213/4284/1593 
f 3189/4213/1593 3213/4284/1593 3214/4285/1593 
f 3210/4281/1593 3188/4215/1593 3214/4285/1593 
f 3214/4285/1593 3188/4215/1593 3189/4213/1593 
f 3186/4208/1593 3188/4215/1593 3210/4281/1593 
f 3215/4286/1593 3196/4219/1593 3198/4218/1593 
f 3216/4287/1593 3199/4221/1593 3217/4288/1593 
f 3199/4221/1593 3216/4287/1593 3198/4218/1593 
f 3217/4288/1593 3199/4221/1593 3200/4223/1593 
f 3215/4286/1593 3198/4218/1593 3216/4287/1593 
f 3194/4197/1593 3197/4225/1593 3205/4276/1593 
f 3218/4289/1593 3205/4276/1593 3197/4225/1593 
f 3218/4289/1593 3197/4225/1593 3196/4219/1593 
f 3196/4219/1593 3215/4286/1593 3218/4289/1593 
f 3219/4290/1593 3200/4223/1593 3201/4227/1593 
f 3201/4227/1593 3202/4230/1593 3220/4291/1593 
f 3220/4291/1593 3202/4230/1593 3221/4292/1593 
f 3201/4227/1593 3220/4291/1593 3219/4290/1593 
f 3221/4292/1593 3203/4231/1593 3222/4293/1593 
f 3203/4231/1593 3221/4292/1593 3202/4230/1593 
f 3222/4293/1593 3203/4231/1593 3204/4233/1593 
f 3212/4294/1593 3204/4233/1593 3185/4235/1593 
f 3204/4233/1593 3212/4294/1593 3222/4293/1593 
f 3219/4290/1593 3217/4288/1593 3200/4223/1593 
f 3223/4295/1573 3212/4237/1573 3211/4296/1594 
f 3224/4297/1595 3210/4298/1595 3214/4299/1596 
f 3211/4296/1594 3210/4298/1595 3225/4300/1594 
f 3214/4299/1596 3213/4301/1597 3226/4302/1596 
f 3223/4295/1573 3211/4296/1594 3225/4300/1594 
f 3214/4299/1596 3226/4302/1596 3224/4297/1595 
f 3224/4297/1595 3225/4300/1594 3210/4298/1595 
f 3226/4302/1596 3213/4301/1597 3227/4303/1597 
f 3213/4301/1597 3209/4304/1598 3227/4303/1597 
f 3209/4304/1598 3208/4305/1599 3228/4306/1598 
f 3229/4307/1600 3207/4308/1601 3206/4309/1600 
f 3207/4308/1601 3230/4310/1601 3208/4305/1599 
f 3231/4311/1583 3206/4309/1600 3205/4312/1583 
f 3232/4313/1599 3228/4306/1598 3208/4305/1599 
f 3208/4305/1599 3230/4310/1601 3232/4313/1599 
f 3207/4308/1601 3229/4307/1600 3230/4310/1601 
f 3206/4309/1600 3231/4311/1583 3229/4307/1600 
f 3209/4304/1598 3228/4306/1598 3227/4303/1597 
f 3231/4314/1583 3205/4315/1583 3218/4316/1602 
f 3233/4317/1603 3215/4318/1603 3216/4319/1604 
f 3218/4316/1602 3215/4318/1603 3234/4320/1602 
f 3216/4319/1604 3217/4321/1605 3235/4322/1604 
f 3231/4314/1583 3218/4316/1602 3234/4320/1602 
f 3216/4319/1604 3235/4322/1604 3233/4317/1603 
f 3233/4317/1603 3234/4320/1602 3215/4318/1603 
f 3235/4322/1604 3217/4321/1605 3236/4323/1605 
f 3217/4321/1605 3219/4324/1606 3236/4323/1605 
f 3237/4325/1606 3219/4324/1606 3220/4326/1607 
f 3222/4327/1608 3212/4237/1573 3223/4295/1573 
f 3221/4328/1609 3222/4327/1608 3238/4329/1609 
f 3239/4330/1607 3220/4326/1607 3221/4328/1609 
f 3237/4325/1606 3220/4326/1607 3239/4330/1607 
f 3222/4327/1608 3240/4331/1608 3238/4329/1609 
f 3240/4331/1608 3222/4327/1608 3223/4295/1573 
f 3221/4328/1609 3238/4329/1609 3239/4330/1607 
f 3219/4324/1606 3237/4325/1606 3236/4323/1605 
f 3229/4277/1593 3241/4332/1593 3230/4278/1593 
f 3230/4278/1593 3241/4332/1593 3232/4279/1593 
f 3228/4280/1593 3232/4279/1593 3241/4332/1593 
f 3229/4277/1593 3231/4276/1593 3241/4332/1593 
f 3241/4332/1593 3223/4283/1593 3225/4282/1593 
f 3241/4332/1593 3225/4282/1593 3224/4281/1593 
f 3241/4332/1593 3226/4285/1593 3227/4284/1593 
f 3226/4285/1593 3241/4332/1593 3224/4281/1593 
f 3241/4332/1593 3227/4284/1593 3228/4280/1593 
f 3241/4332/1593 3233/4286/1593 3235/4287/1593 
f 3241/4332/1593 3234/4289/1593 3233/4286/1593 
f 3231/4276/1593 3234/4289/1593 3241/4332/1593 
f 3241/4332/1593 3235/4287/1593 3236/4288/1593 
f 3241/4332/1593 3237/4290/1593 3239/4291/1593 
f 3241/4332/1593 3239/4291/1593 3238/4292/1593 
f 3241/4332/1593 3240/4293/1593 3223/4294/1593 
f 3240/4293/1593 3241/4332/1593 3238/4292/1593 
f 3237/4290/1593 3241/4332/1593 3236/4288/1593 
f 3142/4224/1610 3242/4333/1610 3144/4334/1610 
f 3141/4226/1610 3242/4333/1610 3142/4224/1610 
f 3141/4226/1610 3138/4217/1610 3242/4333/1610 
f 3137/4220/1610 3242/4333/1610 3138/4217/1610 
f 3137/4220/1610 3135/4222/1610 3242/4333/1610 
f 3129/4232/1610 3127/4234/1610 3242/4333/1610 
f 3242/4333/1610 3130/4229/1610 3129/4232/1610 
f 3242/4333/1610 3135/4222/1610 3132/4228/1610 
f 3132/4228/1610 3130/4229/1610 3242/4333/1610 
f 3127/4234/1610 3126/4236/1610 3242/4333/1610 
f 3150/4201/1610 3149/4199/1610 3242/4333/1610 
f 3152/4203/1610 3150/4201/1610 3242/4333/1610 
f 3149/4199/1610 3147/4195/1610 3242/4333/1610 
f 3242/4333/1610 3147/4195/1610 3144/4334/1610 
f 3242/4333/1610 3155/4204/1610 3152/4203/1610 
f 3159/4216/1610 3158/4214/1610 3242/4333/1610 
f 3162/4207/1610 3159/4216/1610 3242/4333/1610 
f 3126/4211/1610 3160/4212/1610 3242/4333/1610 
f 3162/4207/1610 3242/4333/1610 3160/4212/1610 
f 3155/4204/1610 3242/4333/1610 3158/4214/1610 
# 232 faces

#
# object _Revolve__1850_
#

v  -49.8501 62.4547 63.6547
v  -49.8501 50.3763 59.7302
v  -53.7746 61.8636 63.4627
v  -57.3150 60.1480 62.9052
v  -60.1246 57.4758 62.0370
v  -61.9285 54.1088 60.9429
v  -62.5501 50.3763 59.7302
v  -53.7746 38.8891 55.9978
v  -57.3150 40.6047 56.5552
v  -60.1246 43.2768 57.4234
v  -61.9285 46.6439 58.5175
v  -49.8501 38.2979 55.8057
v  -42.3853 60.1480 62.9052
v  -39.5756 57.4758 62.0370
v  -37.7717 54.1088 60.9429
v  -45.9256 61.8636 63.4627
v  -37.1501 50.3763 59.7302
v  -37.7717 46.6439 58.5175
v  -39.5756 43.2768 57.4234
v  -42.3853 40.6047 56.5552
v  -45.9256 38.8891 55.9978
v  -56.3809 53.0690 76.6294
v  -49.8501 45.6669 74.2243
v  -53.3251 54.7469 77.1746
v  -58.6489 50.4983 75.7941
v  -59.8558 47.3448 74.7695
v  -49.8501 55.3296 77.3639
v  -53.3251 36.5869 71.2740
v  -49.8501 36.0042 71.0847
v  -56.3809 38.2648 71.8192
v  -59.8558 43.9890 73.6791
v  -58.6489 40.8355 72.6545
v  -41.0513 50.4983 75.7941
v  -43.3194 53.0690 76.6294
v  -46.3752 54.7469 77.1746
v  -39.8445 47.3448 74.7695
v  -41.0513 40.8355 72.6545
v  -39.8445 43.9890 73.6791
v  -43.3194 38.2648 71.8192
v  -46.3752 36.5869 71.2740
v  -53.3251 38.1567 66.4427
v  -58.6489 42.4053 67.8231
v  -56.3809 39.8346 66.9879
v  -59.8558 45.5588 68.8478
v  -49.8501 37.5740 66.2533
v  -59.8558 48.9146 69.9381
v  -58.6489 52.0681 70.9628
v  -56.3809 54.6388 71.7980
v  -53.3251 56.3167 72.3432
v  -49.8501 56.8995 72.5326
v  -46.3752 56.3167 72.3432
v  -41.0513 52.0681 70.9628
v  -43.3194 54.6388 71.7980
v  -39.8445 48.9146 69.9381
v  -39.8445 45.5588 68.8478
v  -41.0513 42.4053 67.8231
v  -46.3752 38.1567 66.4427
v  -43.3194 39.8346 66.9879
v  -49.8501 58.1073 72.9250
v  -53.3822 57.5752 72.7521
v  -56.5685 56.0312 72.2505
v  -59.0972 53.6263 71.4690
v  -60.7207 50.5959 70.4844
v  -61.2801 47.2367 69.3930
v  -56.5685 38.4422 66.5354
v  -53.3822 36.8982 66.0338
v  -49.8501 36.3661 65.8609
v  -60.7207 43.8775 68.3015
v  -59.0972 40.8472 67.3168
v  -40.6031 53.6263 71.4690
v  -43.1317 56.0312 72.2505
v  -38.9796 50.5959 70.4844
v  -38.4201 47.2367 69.3930
v  -46.3181 57.5752 72.7521
v  -38.9796 43.8775 68.3015
v  -40.6031 40.8472 67.3168
v  -43.1317 38.4422 66.5354
v  -46.3181 36.8982 66.0338
v  -53.3822 38.4680 61.2024
v  -60.7207 45.4473 63.4701
v  -59.0972 42.4170 62.4855
v  -56.5685 40.0120 61.7041
v  -49.8501 37.9360 61.0295
v  -61.2801 48.8065 64.5616
v  -60.7207 52.1657 65.6531
v  -59.0972 55.1961 66.6377
v  -56.5685 57.6010 67.4191
v  -53.3822 59.1451 67.9208
v  -49.8501 59.6771 68.0937
v  -46.3181 59.1451 67.9208
v  -38.9796 52.1657 65.6531
v  -40.6031 55.1961 66.6377
v  -43.1317 57.6010 67.4191
v  -38.4201 48.8065 64.5616
v  -40.6031 42.4170 62.4855
v  -46.3181 38.4680 61.2024
v  -43.1317 40.0120 61.7041
v  -38.9796 45.4473 63.4701
v  -49.8501 60.8849 68.4861
v  -53.7746 60.2938 68.2940
v  -57.3150 58.5782 67.7366
v  -60.1246 55.9060 66.8684
v  -61.9285 52.5390 65.7743
v  -62.5501 48.8065 64.5616
v  -57.3150 39.0349 61.3866
v  -53.7746 37.3193 60.8291
v  -49.8501 36.7281 60.6371
v  -61.9285 45.0741 63.3488
v  -60.1246 41.7070 62.2548
v  -39.5756 55.9060 66.8684
v  -37.7717 52.5390 65.7743
v  -37.1501 48.8065 64.5616
v  -45.9256 60.2938 68.2940
v  -42.3853 58.5782 67.7366
v  -37.7717 45.0741 63.3488
v  -39.5756 41.7070 62.2548
v  -42.3853 39.0349 61.3866
v  -45.9256 37.3193 60.8291
# 118 vertices

vn 0.0000 0.3090 -0.9511
vn -0.0000 -0.3090 0.9511
vn -0.3420 -0.8937 -0.2904
vn 0.0000 -0.9511 -0.3090
vn -0.8660 -0.4755 -0.1545
vn -0.6428 -0.7286 -0.2367
vn -0.9848 -0.1651 -0.0537
vn -0.9848 0.1651 0.0537
vn -0.8660 0.4755 0.1545
vn -0.6428 0.7286 0.2367
vn -0.3420 0.8937 0.2904
vn -0.0000 0.9511 0.3090
vn 0.3420 0.8937 0.2904
vn 0.8660 0.4755 0.1545
vn 0.6428 0.7286 0.2367
vn 0.9848 0.1651 0.0537
vn 0.9848 -0.1651 -0.0537
vn 0.8660 -0.4755 -0.1545
vn 0.3420 -0.8937 -0.2904
vn 0.6428 -0.7286 -0.2367
vn -0.3090 -0.9045 -0.2939
vn -0.8090 -0.5590 -0.1816
vn -0.9511 -0.2939 -0.0955
vn -0.5878 -0.7694 -0.2500
vn -1.0000 -0.0000 -0.0000
vn -0.9511 0.2939 0.0955
vn -0.8090 0.5590 0.1816
vn -0.5878 0.7694 0.2500
vn -0.3090 0.9045 0.2939
vn 0.3090 0.9045 0.2939
vn 0.8090 0.5590 0.1816
vn 0.9511 0.2939 0.0955
vn 0.5878 0.7694 0.2500
vn 1.0000 0.0000 0.0000
vn 0.9511 -0.2939 -0.0955
vn 0.8090 -0.5590 -0.1816
vn 0.3090 -0.9045 -0.2939
vn 0.5878 -0.7694 -0.2500
# 38 vertex normals

vt -0.0000 5.9096 0.0000
vt -0.0000 5.4929 0.0000
vt 0.1288 5.8892 0.0000
vt 0.2449 5.8300 0.0000
vt 0.3371 5.7378 0.0000
vt 0.3963 5.6217 0.0000
vt 0.4167 5.4929 0.0000
vt 0.1288 5.0966 0.0000
vt 0.2449 5.1558 0.0000
vt 0.3371 5.2480 0.0000
vt 0.3963 5.3641 0.0000
vt -0.0000 5.0762 0.0000
vt -0.2449 5.8300 0.0000
vt -0.3371 5.7378 0.0000
vt -0.3963 5.6217 0.0000
vt -0.1288 5.8892 0.0000
vt -0.4167 5.4929 0.0000
vt -0.3963 5.3641 0.0000
vt -0.3371 5.2480 0.0000
vt -0.2449 5.1558 0.0000
vt -0.1288 5.0966 0.0000
vt -0.2143 5.7482 0.0000
vt 0.0000 5.4929 0.0000
vt -0.1140 5.8061 0.0000
vt -0.2887 5.6596 0.0000
vt -0.3283 5.5508 0.0000
vt 0.0000 5.8262 0.0000
vt -0.1140 5.1797 0.0000
vt 0.0000 5.1596 0.0000
vt -0.2143 5.2375 0.0000
vt -0.3283 5.4350 0.0000
vt -0.2887 5.3262 0.0000
vt 0.2887 5.6596 0.0000
vt 0.2143 5.7482 0.0000
vt 0.1140 5.8061 0.0000
vt 0.3283 5.5508 0.0000
vt 0.2887 5.3262 0.0000
vt 0.3283 5.4350 0.0000
vt 0.2143 5.2375 0.0000
vt 0.1140 5.1797 0.0000
vt 0.1164 -0.8333 0.0000
vt 0.0000 -1.0000 0.0000
vt 0.1164 -1.0000 0.0000
vt 0.3491 -0.8333 0.0000
vt 0.2327 -1.0000 0.0000
vt 0.3491 -1.0000 0.0000
vt 0.2327 -0.8333 0.0000
vt 0.4654 -1.0000 0.0000
vt 0.4654 -0.8333 0.0000
vt 0.0000 -0.8333 0.0000
vt 0.5818 -0.8333 0.0000
vt 0.5818 -1.0000 0.0000
vt 0.6981 -1.0000 0.0000
vt 0.6981 -0.8333 0.0000
vt 0.8145 -0.8333 0.0000
vt 0.8145 -1.0000 0.0000
vt 0.9308 -1.0000 0.0000
vt 0.9308 -0.8333 0.0000
vt 1.0472 -1.0000 0.0000
vt 1.0472 -0.8333 0.0000
vt -0.9308 -0.8333 0.0000
vt -1.0472 -1.0000 0.0000
vt -0.9308 -1.0000 0.0000
vt -0.6981 -0.8333 0.0000
vt -0.8145 -1.0000 0.0000
vt -0.6981 -1.0000 0.0000
vt -0.8145 -0.8333 0.0000
vt -0.5818 -1.0000 0.0000
vt -0.5818 -0.8333 0.0000
vt -1.0472 -0.8333 0.0000
vt -0.4654 -0.8333 0.0000
vt -0.3491 -0.8333 0.0000
vt -0.4654 -1.0000 0.0000
vt -0.3491 -1.0000 0.0000
vt -0.1164 -0.8333 0.0000
vt -0.2327 -1.0000 0.0000
vt -0.1164 -1.0000 0.0000
vt -0.2327 -0.8333 0.0000
vt 0.0000 5.8679 0.0000
vt -0.1159 5.8495 0.0000
vt -0.2204 5.7963 0.0000
vt -0.3034 5.7133 0.0000
vt -0.3566 5.6088 0.0000
vt -0.3750 5.4929 0.0000
vt -0.2204 5.1895 0.0000
vt -0.1159 5.1363 0.0000
vt 0.0000 5.1179 0.0000
vt -0.3566 5.3770 0.0000
vt -0.3034 5.2725 0.0000
vt 0.3034 5.7133 0.0000
vt 0.2204 5.7963 0.0000
vt 0.3566 5.6088 0.0000
vt 0.3750 5.4929 0.0000
vt 0.1159 5.8495 0.0000
vt 0.3566 5.3770 0.0000
vt 0.3034 5.2725 0.0000
vt 0.2204 5.1895 0.0000
vt 0.1159 5.1363 0.0000
vt 0.1178 -0.8333 0.0000
vt 0.1178 -0.6667 0.0000
vt 0.3534 -0.8333 0.0000
vt 0.4712 -0.8333 0.0000
vt 0.4712 -0.6667 0.0000
vt 0.2356 -0.8333 0.0000
vt 0.3534 -0.6667 0.0000
vt 0.2356 -0.6667 0.0000
vt 0.0000 -0.6667 0.0000
vt 0.5890 -0.6667 0.0000
vt 0.5890 -0.8333 0.0000
vt 0.7069 -0.6667 0.0000
vt 0.7069 -0.8333 0.0000
vt 0.8247 -0.6667 0.0000
vt 0.8247 -0.8333 0.0000
vt 0.9425 -0.8333 0.0000
vt 0.9425 -0.6667 0.0000
vt 1.0603 -0.8333 0.0000
vt 1.0603 -0.6667 0.0000
vt 1.1781 -0.8333 0.0000
vt 1.1781 -0.6667 0.0000
vt -1.1781 -0.8333 0.0000
vt -1.0603 -0.8333 0.0000
vt -1.0603 -0.6667 0.0000
vt -0.8247 -0.8333 0.0000
vt -0.7069 -0.8333 0.0000
vt -0.7069 -0.6667 0.0000
vt -0.9425 -0.8333 0.0000
vt -0.8247 -0.6667 0.0000
vt -0.9425 -0.6667 0.0000
vt -1.1781 -0.6667 0.0000
vt -0.5890 -0.6667 0.0000
vt -0.5890 -0.8333 0.0000
vt -0.4712 -0.8333 0.0000
vt -0.3534 -0.8333 0.0000
vt -0.3534 -0.6667 0.0000
vt -0.1178 -0.6667 0.0000
vt -0.2356 -0.8333 0.0000
vt -0.1178 -0.8333 0.0000
vt -0.2356 -0.6667 0.0000
vt -0.4712 -0.6667 0.0000
vt 0.0000 5.9096 0.0000
vt 0.0000 5.0762 0.0000
vt 0.1309 -0.6667 0.0000
vt 0.1309 -0.5000 0.0000
vt 0.3927 -0.6667 0.0000
vt 0.5236 -0.6667 0.0000
vt 0.5236 -0.5000 0.0000
vt 0.2618 -0.6667 0.0000
vt 0.3927 -0.5000 0.0000
vt 0.2618 -0.5000 0.0000
vt 0.0000 -0.5000 0.0000
vt 0.6545 -0.5000 0.0000
vt 0.6545 -0.6667 0.0000
vt 0.7854 -0.5000 0.0000
vt 0.7854 -0.6667 0.0000
vt 1.0472 -0.6667 0.0000
vt 0.9163 -0.5000 0.0000
vt 0.9163 -0.6667 0.0000
vt 1.0472 -0.5000 0.0000
vt 1.1781 -0.5000 0.0000
vt 1.3090 -0.6667 0.0000
vt 1.3090 -0.5000 0.0000
vt -1.3090 -0.6667 0.0000
vt -1.1781 -0.5000 0.0000
vt -0.9163 -0.6667 0.0000
vt -0.7854 -0.6667 0.0000
vt -0.7854 -0.5000 0.0000
vt -1.0472 -0.6667 0.0000
vt -0.9163 -0.5000 0.0000
vt -1.0472 -0.5000 0.0000
vt -1.3090 -0.5000 0.0000
vt -0.6545 -0.5000 0.0000
vt -0.6545 -0.6667 0.0000
vt -0.5236 -0.6667 0.0000
vt -0.3927 -0.6667 0.0000
vt -0.3927 -0.5000 0.0000
vt -0.1309 -0.6667 0.0000
vt -0.2618 -0.6667 0.0000
vt -0.1309 -0.5000 0.0000
vt -0.2618 -0.5000 0.0000
vt -0.5236 -0.5000 0.0000
# 180 texture coords

g _Revolve__1850_
usemtl plastic
s off
f 3243/4335/1611 3244/4336/1611 3245/4337/1611 
f 3245/4337/1611 3244/4336/1611 3246/4338/1611 
f 3244/4336/1611 3247/4339/1611 3246/4338/1611 
f 3247/4339/1611 3244/4336/1611 3248/4340/1611 
f 3244/4336/1611 3249/4341/1611 3248/4340/1611 
f 3244/4336/1611 3250/4342/1611 3251/4343/1611 
f 3251/4343/1611 3252/4344/1611 3244/4336/1611 
f 3253/4345/1611 3249/4341/1611 3244/4336/1611 
f 3244/4336/1611 3252/4344/1611 3253/4345/1611 
f 3244/4336/1611 3254/4346/1611 3250/4342/1611 
f 3244/4336/1611 3255/4347/1611 3256/4348/1611 
f 3244/4336/1611 3256/4348/1611 3257/4349/1611 
f 3244/4336/1611 3258/4350/1611 3255/4347/1611 
f 3243/4335/1611 3258/4350/1611 3244/4336/1611 
f 3257/4349/1611 3259/4351/1611 3244/4336/1611 
f 3244/4336/1611 3260/4352/1611 3261/4353/1611 
f 3244/4336/1611 3261/4353/1611 3262/4354/1611 
f 3244/4336/1611 3263/4355/1611 3254/4346/1611 
f 3263/4355/1611 3244/4336/1611 3262/4354/1611 
f 3260/4352/1611 3244/4336/1611 3259/4351/1611 
f 3264/4356/1612 3265/4357/1612 3266/4358/1612 
f 3267/4359/1612 3265/4357/1612 3264/4356/1612 
f 3265/4357/1612 3267/4359/1612 3268/4360/1612 
f 3265/4357/1612 3269/4361/1612 3266/4358/1612 
f 3270/4362/1612 3271/4363/1612 3265/4357/1612 
f 3272/4364/1612 3270/4362/1612 3265/4357/1612 
f 3273/4365/1612 3274/4366/1612 3265/4357/1612 
f 3272/4364/1612 3265/4357/1612 3274/4366/1612 
f 3268/4360/1612 3273/4365/1612 3265/4357/1612 
f 3275/4367/1612 3276/4368/1612 3265/4357/1612 
f 3276/4368/1612 3277/4369/1612 3265/4357/1612 
f 3265/4357/1612 3277/4369/1612 3269/4361/1612 
f 3278/4370/1612 3275/4367/1612 3265/4357/1612 
f 3279/4371/1612 3280/4372/1612 3265/4357/1612 
f 3281/4373/1612 3279/4371/1612 3265/4357/1612 
f 3271/4363/1612 3282/4374/1612 3265/4357/1612 
f 3281/4373/1612 3265/4357/1612 3282/4374/1612 
f 3278/4370/1612 3265/4357/1612 3280/4372/1612 
f 3283/4375/1613 3271/4376/1614 3270/4377/1613 
f 3284/4378/1615 3272/4379/1616 3274/4380/1615 
f 3270/4377/1613 3272/4379/1616 3285/4381/1616 
f 3274/4380/1615 3273/4382/1617 3286/4383/1617 
f 3287/4384/1614 3271/4376/1614 3283/4375/1613 
f 3272/4379/1616 3284/4378/1615 3285/4381/1616 
f 3285/4381/1616 3283/4375/1613 3270/4377/1613 
f 3284/4378/1615 3274/4380/1615 3286/4383/1617 
f 3273/4382/1617 3288/4385/1618 3286/4383/1617 
f 3268/4386/1618 3267/4387/1619 3289/4388/1619 
f 3290/4389/1620 3264/4390/1620 3266/4391/1621 
f 3264/4390/1620 3289/4388/1619 3267/4387/1619 
f 3291/4392/1621 3266/4391/1621 3269/4393/1622 
f 3289/4388/1619 3288/4385/1618 3268/4386/1618 
f 3264/4390/1620 3290/4389/1620 3289/4388/1619 
f 3266/4391/1621 3291/4392/1621 3290/4389/1620 
f 3269/4393/1622 3292/4394/1622 3291/4392/1621 
f 3268/4386/1618 3288/4385/1618 3273/4382/1617 
f 3293/4395/1623 3269/4396/1622 3277/4397/1623 
f 3294/4398/1624 3276/4399/1625 3275/4400/1624 
f 3277/4397/1623 3276/4399/1625 3295/4401/1625 
f 3275/4400/1624 3278/4402/1626 3296/4403/1626 
f 3292/4404/1622 3269/4396/1622 3293/4395/1623 
f 3276/4399/1625 3294/4398/1624 3295/4401/1625 
f 3295/4401/1625 3293/4395/1623 3277/4397/1623 
f 3294/4398/1624 3275/4400/1624 3296/4403/1626 
f 3278/4402/1626 3297/4405/1627 3296/4403/1626 
f 3298/4406/1628 3280/4407/1627 3279/4408/1628 
f 3299/4409/1629 3281/4410/1630 3282/4411/1629 
f 3299/4409/1629 3282/4411/1629 3271/4376/1614 
f 3300/4412/1630 3279/4408/1628 3281/4410/1630 
f 3297/4405/1627 3280/4407/1627 3298/4406/1628 
f 3299/4409/1629 3300/4412/1630 3281/4410/1630 
f 3287/4384/1614 3299/4409/1629 3271/4376/1614 
f 3279/4408/1628 3300/4412/1630 3298/4406/1628 
f 3280/4407/1627 3297/4405/1627 3278/4402/1626 
f 3292/4361/1612 3301/4413/1612 3302/4414/1612 
f 3303/4415/1612 3291/4358/1612 3302/4414/1612 
f 3302/4414/1612 3291/4358/1612 3292/4361/1612 
f 3290/4356/1612 3291/4358/1612 3303/4415/1612 
f 3304/4416/1612 3290/4356/1612 3303/4415/1612 
f 3305/4417/1612 3288/4360/1612 3289/4359/1612 
f 3289/4359/1612 3290/4356/1612 3304/4416/1612 
f 3306/4418/1612 3288/4360/1612 3305/4417/1612 
f 3304/4416/1612 3305/4417/1612 3289/4359/1612 
f 3283/4362/1612 3285/4364/1612 3307/4419/1612 
f 3308/4420/1612 3309/4421/1612 3287/4363/1612 
f 3283/4362/1612 3308/4420/1612 3287/4363/1612 
f 3308/4420/1612 3283/4362/1612 3307/4419/1612 
f 3310/4422/1612 3286/4365/1612 3306/4418/1612 
f 3286/4365/1612 3288/4360/1612 3306/4418/1612 
f 3284/4366/1612 3286/4365/1612 3310/4422/1612 
f 3284/4366/1612 3311/4423/1612 3285/4364/1612 
f 3310/4422/1612 3311/4423/1612 3284/4366/1612 
f 3285/4364/1612 3311/4423/1612 3307/4419/1612 
f 3312/4424/1612 3313/4425/1612 3295/4368/1612 
f 3296/4370/1612 3314/4426/1612 3294/4367/1612 
f 3312/4424/1612 3294/4367/1612 3314/4426/1612 
f 3315/4427/1612 3314/4426/1612 3296/4370/1612 
f 3294/4367/1612 3312/4424/1612 3295/4368/1612 
f 3292/4361/1612 3316/4428/1612 3301/4413/1612 
f 3316/4428/1612 3292/4361/1612 3293/4369/1612 
f 3313/4425/1612 3316/4428/1612 3293/4369/1612 
f 3293/4369/1612 3295/4368/1612 3313/4425/1612 
f 3317/4429/1612 3315/4427/1612 3297/4372/1612 
f 3298/4371/1612 3318/4430/1612 3317/4429/1612 
f 3300/4373/1612 3318/4430/1612 3298/4371/1612 
f 3297/4372/1612 3298/4371/1612 3317/4429/1612 
f 3299/4374/1612 3319/4431/1612 3300/4373/1612 
f 3318/4430/1612 3300/4373/1612 3319/4431/1612 
f 3320/4432/1612 3319/4431/1612 3299/4374/1612 
f 3309/4421/1612 3320/4432/1612 3287/4363/1612 
f 3299/4374/1612 3287/4363/1612 3320/4432/1612 
f 3315/4427/1612 3296/4370/1612 3297/4372/1612 
f 3309/4384/1614 3308/4433/1631 3321/4434/1631 
f 3311/4435/1632 3310/4436/1633 3322/4437/1633 
f 3307/4438/1634 3311/4435/1632 3323/4439/1632 
f 3308/4433/1631 3307/4438/1634 3324/4440/1634 
f 3308/4433/1631 3324/4440/1634 3321/4434/1631 
f 3321/4434/1631 3325/4441/1614 3309/4384/1614 
f 3311/4435/1632 3322/4437/1633 3323/4439/1632 
f 3323/4439/1632 3324/4440/1634 3307/4438/1634 
f 3310/4436/1633 3326/4442/1635 3322/4437/1633 
f 3310/4436/1633 3306/4443/1635 3326/4442/1635 
f 3327/4444/1636 3306/4443/1635 3305/4445/1636 
f 3328/4446/1637 3304/4447/1637 3303/4448/1638 
f 3327/4444/1636 3305/4445/1636 3304/4447/1637 
f 3329/4449/1638 3303/4448/1638 3302/4450/1639 
f 3327/4444/1636 3304/4447/1637 3328/4446/1637 
f 3328/4446/1637 3303/4448/1638 3329/4449/1638 
f 3330/4451/1639 3301/4452/1622 3331/4453/1622 
f 3330/4451/1639 3329/4449/1638 3302/4450/1639 
f 3330/4451/1639 3302/4450/1639 3301/4452/1622 
f 3306/4443/1635 3327/4444/1636 3326/4442/1635 
f 3301/4454/1622 3316/4455/1640 3332/4456/1640 
f 3312/4457/1641 3314/4458/1642 3333/4459/1642 
f 3313/4460/1643 3312/4457/1641 3334/4461/1641 
f 3316/4455/1640 3313/4460/1643 3335/4462/1643 
f 3316/4455/1640 3335/4462/1643 3332/4456/1640 
f 3332/4456/1640 3331/4463/1622 3301/4454/1622 
f 3312/4457/1641 3333/4459/1642 3334/4461/1641 
f 3334/4461/1641 3335/4462/1643 3313/4460/1643 
f 3314/4458/1642 3336/4464/1644 3333/4459/1642 
f 3314/4458/1642 3315/4465/1644 3336/4464/1644 
f 3317/4466/1645 3318/4467/1646 3337/4468/1646 
f 3338/4469/1647 3319/4470/1648 3320/4471/1647 
f 3318/4467/1646 3319/4470/1648 3339/4472/1648 
f 3309/4384/1614 3338/4469/1647 3320/4471/1647 
f 3317/4466/1645 3340/4473/1645 3315/4465/1644 
f 3317/4466/1645 3337/4468/1646 3340/4473/1645 
f 3315/4465/1644 3340/4473/1645 3336/4464/1644 
f 3337/4468/1646 3318/4467/1646 3339/4472/1648 
f 3339/4472/1648 3319/4470/1648 3338/4469/1647 
f 3309/4384/1614 3325/4441/1614 3338/4469/1647 
f 3331/4413/1612 3341/4474/1612 3342/4350/1612 
f 3343/4347/1612 3330/4414/1612 3342/4350/1612 
f 3342/4350/1612 3330/4414/1612 3331/4413/1612 
f 3329/4415/1612 3330/4414/1612 3343/4347/1612 
f 3343/4347/1612 3344/4348/1612 3329/4415/1612 
f 3344/4348/1612 3328/4416/1612 3329/4415/1612 
f 3345/4349/1612 3328/4416/1612 3344/4348/1612 
f 3327/4417/1612 3345/4349/1612 3346/4351/1612 
f 3328/4416/1612 3345/4349/1612 3327/4417/1612 
f 3326/4418/1612 3327/4417/1612 3346/4351/1612 
f 3321/4420/1612 3324/4419/1612 3347/4354/1612 
f 3348/4355/1612 3349/4475/1612 3325/4421/1612 
f 3321/4420/1612 3348/4355/1612 3325/4421/1612 
f 3348/4355/1612 3321/4420/1612 3347/4354/1612 
f 3350/4352/1612 3322/4422/1612 3346/4351/1612 
f 3322/4422/1612 3326/4418/1612 3346/4351/1612 
f 3323/4423/1612 3322/4422/1612 3350/4352/1612 
f 3323/4423/1612 3351/4353/1612 3324/4419/1612 
f 3347/4354/1612 3324/4419/1612 3351/4353/1612 
f 3350/4352/1612 3351/4353/1612 3323/4423/1612 
f 3335/4425/1612 3334/4424/1612 3352/4339/1612 
f 3353/4340/1612 3352/4339/1612 3334/4424/1612 
f 3336/4427/1612 3354/4341/1612 3333/4426/1612 
f 3353/4340/1612 3333/4426/1612 3354/4341/1612 
f 3334/4424/1612 3333/4426/1612 3353/4340/1612 
f 3331/4413/1612 3355/4337/1612 3341/4474/1612 
f 3332/4428/1612 3355/4337/1612 3331/4413/1612 
f 3335/4425/1612 3356/4338/1612 3332/4428/1612 
f 3355/4337/1612 3332/4428/1612 3356/4338/1612 
f 3352/4339/1612 3356/4338/1612 3335/4425/1612 
f 3357/4345/1612 3354/4341/1612 3340/4429/1612 
f 3337/4430/1612 3358/4344/1612 3357/4345/1612 
f 3339/4431/1612 3358/4344/1612 3337/4430/1612 
f 3340/4429/1612 3337/4430/1612 3357/4345/1612 
f 3338/4432/1612 3359/4343/1612 3339/4431/1612 
f 3358/4344/1612 3339/4431/1612 3359/4343/1612 
f 3360/4342/1612 3359/4343/1612 3338/4432/1612 
f 3349/4475/1612 3360/4342/1612 3325/4421/1612 
f 3338/4432/1612 3325/4421/1612 3360/4342/1612 
f 3354/4341/1612 3336/4427/1612 3340/4429/1612 
f 3349/4441/1614 3348/4476/1631 3250/4477/1631 
f 3351/4478/1632 3350/4479/1633 3253/4480/1633 
f 3347/4481/1634 3351/4478/1632 3252/4482/1632 
f 3348/4476/1631 3347/4481/1634 3251/4483/1634 
f 3348/4476/1631 3251/4483/1634 3250/4477/1631 
f 3250/4477/1631 3254/4484/1614 3349/4441/1614 
f 3351/4478/1632 3253/4480/1633 3252/4482/1632 
f 3252/4482/1632 3251/4483/1634 3347/4481/1634 
f 3350/4479/1633 3249/4485/1635 3253/4480/1633 
f 3350/4479/1633 3346/4486/1635 3249/4485/1635 
f 3248/4487/1636 3346/4486/1635 3345/4488/1636 
f 3343/4489/1638 3247/4490/1637 3344/4491/1637 
f 3345/4488/1636 3344/4491/1637 3247/4490/1637 
f 3246/4492/1638 3343/4489/1638 3342/4453/1639 
f 3248/4487/1636 3345/4488/1636 3247/4490/1637 
f 3247/4490/1637 3343/4489/1638 3246/4492/1638 
f 3245/4493/1639 3341/4494/1622 3243/4495/1622 
f 3245/4493/1639 3246/4492/1638 3342/4453/1639 
f 3245/4493/1639 3342/4453/1639 3341/4494/1622 
f 3346/4486/1635 3248/4487/1636 3249/4485/1635 
f 3341/4496/1622 3355/4463/1640 3258/4497/1640 
f 3352/4498/1641 3353/4499/1642 3257/4500/1642 
f 3356/4501/1643 3352/4498/1641 3256/4502/1641 
f 3355/4463/1640 3356/4501/1643 3255/4503/1643 
f 3355/4463/1640 3255/4503/1643 3258/4497/1640 
f 3258/4497/1640 3243/4504/1622 3341/4496/1622 
f 3352/4498/1641 3257/4500/1642 3256/4502/1641 
f 3256/4502/1641 3255/4503/1643 3356/4501/1643 
f 3353/4499/1642 3259/4505/1644 3257/4500/1642 
f 3353/4499/1642 3354/4506/1644 3259/4505/1644 
f 3357/4507/1645 3358/4508/1646 3261/4509/1646 
f 3360/4510/1647 3349/4441/1614 3254/4484/1614 
f 3359/4511/1648 3360/4510/1647 3263/4512/1647 
f 3358/4508/1646 3359/4511/1648 3262/4513/1648 
f 3357/4507/1645 3260/4514/1645 3354/4506/1644 
f 3357/4507/1645 3261/4509/1646 3260/4514/1645 
f 3354/4506/1644 3260/4514/1645 3259/4505/1644 
f 3262/4513/1648 3261/4509/1646 3358/4508/1646 
f 3359/4511/1648 3263/4512/1647 3262/4513/1648 
f 3360/4510/1647 3254/4484/1614 3263/4512/1647 
# 232 faces

#
# object _Extrusion__1862_
#

v  -50.9107 49.5503 59.4618
v  -49.4838 48.8968 59.2495
v  -48.9746 49.1300 59.3253
v  -48.4965 50.0744 59.6321
v  -50.5583 49.1300 59.3253
v  -50.0490 48.8968 59.2495
v  -51.0364 50.0744 59.6321
v  -48.6222 49.5503 59.4618
v  -50.0490 51.2519 60.0147
v  -48.6222 50.5984 59.8024
v  -49.4838 51.2519 60.0147
v  -48.9746 51.0187 59.9389
v  -50.5583 51.0187 59.9389
v  -50.9107 50.5984 59.8024
v  -50.0490 56.7463 43.1049
v  -49.4838 56.7463 43.1049
v  -48.9746 56.5130 43.0291
v  -48.6222 56.0928 42.8926
v  -50.5583 56.5130 43.0291
v  -51.0364 55.5687 42.7223
v  -50.9107 56.0928 42.8926
v  -48.4965 55.5687 42.7223
v  -48.6222 55.0446 42.5520
v  -48.9746 54.6244 42.4155
v  -49.4838 54.3911 42.3397
v  -50.5583 54.6244 42.4155
v  -50.9107 55.0446 42.5520
v  -50.0490 54.3911 42.3397
v  -50.7346 51.6796 52.0319
v  -49.7664 51.6137 50.7848
v  -51.0364 53.9196 47.7977
v  -48.4965 53.9196 47.7977
v  -48.7983 51.6796 52.0319
v  -48.7983 53.2430 52.5399
v  -49.7664 54.0294 51.5697
v  -50.7346 53.2430 52.5399
# 36 vertices

vn 0.0000 -0.3090 0.9511
vn -0.0000 0.3090 -0.9511
vn -0.7623 -0.6155 -0.2000
vn -0.9010 -0.4126 -0.1341
vn -0.6235 -0.7436 -0.2416
vn -0.2225 -0.9272 -0.3013
vn -0.0000 -0.9511 -0.3090
vn -1.0000 -0.0000 0.0000
vn 0.2225 -0.9272 -0.3013
vn 0.6235 -0.7436 -0.2416
vn 0.9010 -0.4126 -0.1341
vn 1.0000 -0.0000 -0.0000
vn 0.7623 -0.6155 -0.2000
vn 0.7623 0.6155 0.2000
vn 0.9010 0.4126 0.1341
vn 0.6235 0.7436 0.2416
vn 0.2225 0.9272 0.3013
vn -0.0000 0.9511 0.3090
vn -0.6235 0.7436 0.2416
vn -0.2225 0.9272 0.3013
vn -0.7623 0.6155 0.2000
vn -0.9010 0.4126 0.1341
# 22 vertex normals

vt 0.0950 0.9192 0.0000
vt 0.1418 0.8966 0.0000
vt 0.1585 0.9047 0.0000
vt 0.1742 0.9372 0.0000
vt 0.1065 0.9047 0.0000
vt 0.1232 0.8966 0.0000
vt 0.0908 0.9372 0.0000
vt 0.1700 0.9192 0.0000
vt 0.1232 0.9779 0.0000
vt 0.1700 0.9553 0.0000
vt 0.1418 0.9779 0.0000
vt 0.1585 0.9698 0.0000
vt 0.1065 0.9698 0.0000
vt 0.0950 0.9553 0.0000
vt -0.1232 0.9779 0.0000
vt -0.1418 0.9779 0.0000
vt -0.1585 0.9698 0.0000
vt -0.1700 0.9553 0.0000
vt -0.1065 0.9698 0.0000
vt -0.0908 0.9372 0.0000
vt -0.0950 0.9553 0.0000
vt -0.1742 0.9372 0.0000
vt -0.1700 0.9192 0.0000
vt -0.1585 0.9047 0.0000
vt -0.1418 0.8966 0.0000
vt -0.1065 0.9047 0.0000
vt -0.0950 0.9192 0.0000
vt -0.1232 0.8966 0.0000
vt -0.0568 -1.4978 0.0000
vt -0.0157 -1.1702 0.0000
vt -0.0343 -1.1685 0.0000
vt -0.0529 -1.1668 0.0000
vt -0.0892 -1.4563 0.0000
vt -0.1069 -1.7476 0.0000
vt 0.0030 -1.1720 0.0000
vt -0.0133 -1.3463 0.0000
vt -0.0715 -1.1651 0.0000
vt -0.0901 -1.1633 0.0000
vt -0.0697 -1.7511 0.0000
vt -0.0511 -1.7528 0.0000
vt -0.0883 -1.7493 0.0000
vt -0.1088 -1.1616 0.0000
vt -0.1436 -1.3342 0.0000
vt -0.1287 -1.4911 0.0000
vt -0.1274 -1.1599 0.0000
vt -0.1814 -1.7407 0.0000
vt -0.1628 -1.7424 0.0000
vt -0.1256 -1.7459 0.0000
vt -0.1442 -1.7441 0.0000
vt -0.1871 -1.4856 0.0000
vt -0.1460 -1.1581 0.0000
vt -0.1646 -1.1564 0.0000
vt -0.2373 -1.7355 0.0000
vt -0.2196 -1.4442 0.0000
vt -0.2205 -1.1512 0.0000
vt -0.2019 -1.1529 0.0000
vt -0.2591 -1.4789 0.0000
vt -0.3117 -1.7286 0.0000
vt -0.2931 -1.7303 0.0000
vt -0.1832 -1.1547 0.0000
vt -0.2559 -1.7338 0.0000
vt -0.2745 -1.7320 0.0000
vt -0.2000 -1.7389 0.0000
vt -0.2391 -1.1495 0.0000
vt -0.2739 -1.3221 0.0000
vt -0.2186 -1.7372 0.0000
vt -0.2577 -1.1477 0.0000
# 67 texture coords

g _Extrusion__1862_
usemtl metal
s off
f 3361/4515/1649 3362/4516/1649 3363/4517/1649 
f 3363/4517/1649 3364/4518/1649 3361/4515/1649 
f 3365/4519/1649 3366/4520/1649 3361/4515/1649 
f 3361/4515/1649 3366/4520/1649 3362/4516/1649 
f 3361/4515/1649 3364/4518/1649 3367/4521/1649 
f 3363/4517/1649 3368/4522/1649 3364/4518/1649 
f 3369/4523/1649 3364/4518/1649 3370/4524/1649 
f 3371/4525/1649 3370/4524/1649 3372/4526/1649 
f 3367/4521/1649 3373/4527/1649 3374/4528/1649 
f 3367/4521/1649 3369/4523/1649 3373/4527/1649 
f 3370/4524/1649 3371/4525/1649 3369/4523/1649 
f 3367/4521/1649 3364/4518/1649 3369/4523/1649 
f 3375/4529/1650 3376/4530/1650 3377/4531/1650 
f 3375/4529/1650 3377/4531/1650 3378/4532/1650 
f 3379/4533/1650 3375/4529/1650 3380/4534/1650 
f 3380/4534/1650 3381/4535/1650 3379/4533/1650 
f 3380/4534/1650 3375/4529/1650 3382/4536/1650 
f 3375/4529/1650 3378/4532/1650 3382/4536/1650 
f 3382/4536/1650 3383/4537/1650 3384/4538/1650 
f 3382/4536/1650 3384/4538/1650 3385/4539/1650 
f 3386/4540/1650 3387/4541/1650 3385/4539/1650 
f 3385/4539/1650 3388/4542/1650 3386/4540/1650 
f 3380/4534/1650 3385/4539/1650 3387/4541/1650 
f 3385/4539/1650 3380/4534/1650 3382/4536/1650 
f 3389/4543/1651 3387/4544/1652 3386/4545/1653 
f 3388/4546/1654 3390/4547/1655 3386/4545/1653 
f 3390/4547/1655 3366/4548/1654 3389/4543/1651 
f 3389/4543/1651 3386/4545/1653 3390/4547/1655 
f 3380/4549/1656 3387/4544/1652 3391/4550/1656 
f 3390/4547/1655 3385/4551/1657 3384/4552/1658 
f 3389/4543/1651 3361/4553/1652 3367/4554/1656 
f 3367/4554/1656 3391/4550/1656 3389/4543/1651 
f 3389/4543/1651 3366/4548/1654 3365/4555/1653 
f 3388/4546/1654 3385/4551/1657 3390/4547/1655 
f 3383/4556/1659 3392/4557/1660 3393/4558/1661 
f 3361/4553/1652 3389/4543/1651 3365/4555/1653 
f 3382/4559/1660 3392/4557/1660 3383/4556/1659 
f 3393/4558/1661 3364/4560/1660 3368/4561/1659 
f 3393/4558/1661 3362/4562/1657 3390/4547/1655 
f 3384/4552/1658 3393/4558/1661 3390/4547/1655 
f 3363/4563/1658 3393/4558/1661 3368/4561/1659 
f 3383/4556/1659 3393/4558/1661 3384/4552/1658 
f 3362/4562/1657 3393/4558/1661 3363/4563/1658 
f 3393/4558/1661 3392/4557/1660 3364/4560/1660 
f 3362/4562/1657 3366/4548/1654 3390/4547/1655 
f 3389/4543/1651 3391/4550/1656 3387/4544/1652 
f 3394/4564/1662 3378/4565/1663 3377/4566/1664 
f 3394/4564/1662 3392/4557/1660 3378/4565/1663 
f 3371/4567/1665 3394/4564/1662 3395/4568/1666 
f 3379/4569/1667 3395/4568/1666 3375/4570/1668 
f 3396/4571/1669 3367/4572/1656 3374/4573/1670 
f 3376/4574/1665 3395/4568/1666 3377/4566/1664 
f 3369/4575/1668 3396/4571/1669 3373/4576/1667 
f 3382/4559/1660 3378/4565/1663 3392/4557/1660 
f 3394/4564/1662 3377/4566/1664 3395/4568/1666 
f 3364/4560/1660 3394/4564/1662 3370/4577/1663 
f 3364/4560/1660 3392/4557/1660 3394/4564/1662 
f 3369/4575/1668 3371/4567/1665 3395/4568/1666 
f 3375/4570/1668 3395/4568/1666 3376/4574/1665 
f 3381/4578/1670 3391/4579/1656 3396/4571/1669 
f 3396/4571/1669 3391/4579/1656 3367/4572/1656 
f 3370/4577/1663 3394/4564/1662 3372/4580/1664 
f 3380/4581/1656 3391/4579/1656 3381/4578/1670 
f 3395/4568/1666 3396/4571/1669 3369/4575/1668 
f 3373/4576/1667 3396/4571/1669 3374/4573/1670 
f 3381/4578/1670 3396/4571/1669 3379/4569/1667 
f 3379/4569/1667 3396/4571/1669 3395/4568/1666 
f 3394/4564/1662 3371/4567/1665 3372/4580/1664 
# 68 faces

#
# object _Revolve__1866_
#

v  -78.4251 45.3620 34.0645
v  -78.4251 43.7922 38.8959
v  -82.3496 44.3834 39.0880
v  -85.8900 47.6688 34.8141
v  -85.8900 46.0990 39.6454
v  -88.6996 48.7711 40.5137
v  -82.3496 45.9532 34.2566
v  -90.5035 52.1382 41.6077
v  -88.6996 50.3409 35.6823
v  -90.5035 53.7080 36.7763
v  -91.1251 55.8707 42.8204
v  -91.1251 57.4405 37.9891
v  -90.5035 59.6031 44.0332
v  -88.6996 62.9702 45.1272
v  -90.5035 61.1729 39.2018
v  -82.3496 68.9277 41.7215
v  -85.8900 65.6423 45.9954
v  -82.3496 67.3579 46.5529
v  -85.8900 67.2121 41.1641
v  -78.4251 67.9491 46.7449
v  -78.4251 69.5189 41.9136
v  -88.6996 64.5400 40.2958
v  -74.5006 67.3579 46.5529
v  -70.9603 67.2121 41.1641
v  -70.9603 65.6423 45.9954
v  -68.1506 62.9702 45.1272
v  -74.5006 68.9277 41.7215
v  -66.3467 59.6031 44.0332
v  -68.1506 64.5400 40.2958
v  -66.3467 61.1729 39.2018
v  -65.7251 55.8707 42.8204
v  -65.7251 57.4405 37.9891
v  -66.3467 53.7080 36.7763
v  -66.3467 52.1382 41.6077
v  -68.1506 48.7711 40.5137
v  -74.5006 44.3834 39.0880
v  -70.9603 47.6688 34.8141
v  -70.9603 46.0990 39.6454
v  -68.1506 50.3409 35.6823
v  -74.5006 45.9532 34.2566
v  -78.4251 68.3110 41.5211
v  -81.9572 67.7790 41.3483
v  -85.1435 66.2349 40.8466
v  -87.6722 63.8300 40.0652
v  -89.2957 60.7997 39.0805
v  -89.8551 57.4405 37.9891
v  -85.1435 48.6460 35.1316
v  -81.9572 47.1019 34.6299
v  -78.4251 46.5699 34.4570
v  -89.2957 54.0813 36.8976
v  -87.6722 51.0509 35.9130
v  -69.1781 63.8300 40.0652
v  -71.7067 66.2349 40.8466
v  -67.5546 60.7997 39.0805
v  -66.9951 57.4405 37.9891
v  -74.8931 67.7790 41.3483
v  -67.5546 54.0813 36.8976
v  -69.1781 51.0509 35.9130
v  -71.7067 48.6460 35.1316
v  -74.8931 47.1019 34.6299
v  -78.4251 48.1397 29.6256
v  -85.1435 50.2158 30.3002
v  -81.9572 48.6717 29.7985
v  -87.6722 52.6207 31.0816
v  -89.2957 55.6511 32.0662
v  -89.8551 59.0103 33.1577
v  -87.6722 65.3998 35.2338
v  -81.9572 69.3488 36.5169
v  -85.1435 67.8047 36.0152
v  -78.4251 69.8808 36.6898
v  -89.2957 62.3695 34.2492
v  -71.7067 67.8047 36.0152
v  -74.8931 69.3488 36.5169
v  -69.1781 65.3998 35.2338
v  -67.5546 62.3695 34.2492
v  -66.9951 59.0103 33.1577
v  -67.5546 55.6511 32.0662
v  -69.1781 52.6207 31.0816
v  -71.7067 50.2158 30.3002
v  -74.8931 48.6717 29.7985
v  -78.4251 68.6730 36.2973
v  -81.9000 68.0903 36.1080
v  -84.9559 66.4123 35.5628
v  -87.2239 63.8416 34.7275
v  -88.4308 60.6882 33.7029
v  -84.9559 51.6082 30.7526
v  -81.9000 49.9303 30.2074
v  -78.4251 49.3475 30.0181
v  -88.4308 57.3324 32.6125
v  -87.2239 54.1789 31.5879
v  -71.8944 66.4123 35.5628
v  -69.6263 63.8416 34.7275
v  -68.4195 60.6882 33.7029
v  -74.9502 68.0903 36.1080
v  -68.4195 57.3324 32.6125
v  -69.6263 54.1789 31.5879
v  -71.8944 51.6082 30.7526
v  -74.9502 49.9303 30.2074
v  -78.4251 50.9173 25.1867
v  -84.9559 53.1780 25.9212
v  -81.9000 51.5001 25.3761
v  -87.2239 55.7487 26.7565
v  -88.4308 58.9022 27.7811
v  -88.4308 62.2580 28.8715
v  -81.9000 69.6601 31.2766
v  -84.9559 67.9822 30.7314
v  -78.4251 70.2428 31.4659
v  -87.2239 65.4114 29.8961
v  -71.8944 67.9822 30.7314
v  -74.9502 69.6601 31.2766
v  -69.6263 65.4114 29.8961
v  -68.4195 62.2580 28.8715
v  -68.4195 58.9022 27.7811
v  -71.8944 53.1780 25.9212
v  -69.6263 55.7487 26.7565
v  -74.9502 51.5001 25.3761
v  -78.4251 60.5801 28.3263
v  -78.4251 55.8707 42.8204
# 118 vertices

vn -0.0000 -0.9511 -0.3090
vn -0.3090 -0.9045 -0.2939
vn -0.5878 -0.7694 -0.2500
vn -0.8090 -0.5590 -0.1816
vn -0.9511 -0.2939 -0.0955
vn -1.0000 -0.0000 0.0000
vn -0.9511 0.2939 0.0955
vn -0.8090 0.5590 0.1816
vn -0.3090 0.9045 0.2939
vn -0.5878 0.7694 0.2500
vn -0.0000 0.9511 0.3090
vn 0.3090 0.9045 0.2939
vn 0.5878 0.7694 0.2500
vn 0.8090 0.5590 0.1816
vn 0.9511 0.2939 0.0955
vn 1.0000 0.0000 0.0000
vn 0.9511 -0.2939 -0.0955
vn 0.8090 -0.5590 -0.1816
vn 0.3090 -0.9045 -0.2939
vn 0.5878 -0.7694 -0.2500
vn -0.0000 0.3090 -0.9511
vn -0.3420 -0.8937 -0.2904
vn -0.6428 -0.7286 -0.2367
vn -0.8660 -0.4755 -0.1545
vn -0.9848 -0.1651 -0.0537
vn -0.9848 0.1651 0.0537
vn -0.8660 0.4755 0.1545
vn -0.3420 0.8937 0.2904
vn -0.6428 0.7286 0.2367
vn 0.3420 0.8937 0.2904
vn 0.6428 0.7286 0.2367
vn 0.8660 0.4755 0.1545
vn 0.9848 0.1651 0.0537
vn 0.9848 -0.1651 -0.0537
vn 0.8660 -0.4755 -0.1545
vn 0.3420 -0.8937 -0.2904
vn 0.6428 -0.7286 -0.2367
vn 0.0000 -0.3090 0.9511
# 38 vertex normals

vt 0.0000 0.6667 0.0000
vt 0.0000 0.5000 0.0000
vt 0.1309 0.5000 0.0000
vt 0.2618 0.6667 0.0000
vt 0.2618 0.5000 0.0000
vt 0.3927 0.5000 0.0000
vt 0.1309 0.6667 0.0000
vt 0.5236 0.5000 0.0000
vt 0.3927 0.6667 0.0000
vt 0.5236 0.6667 0.0000
vt 0.6545 0.5000 0.0000
vt 0.6545 0.6667 0.0000
vt 0.7854 0.5000 0.0000
vt 0.9163 0.5000 0.0000
vt 0.7854 0.6667 0.0000
vt 1.1781 0.6667 0.0000
vt 1.0472 0.5000 0.0000
vt 1.1781 0.5000 0.0000
vt 1.0472 0.6667 0.0000
vt 1.3090 0.5000 0.0000
vt 1.3090 0.6667 0.0000
vt 0.9163 0.6667 0.0000
vt -1.3090 0.6667 0.0000
vt -1.3090 0.5000 0.0000
vt -1.1781 0.5000 0.0000
vt -1.0472 0.6667 0.0000
vt -1.0472 0.5000 0.0000
vt -0.9163 0.5000 0.0000
vt -1.1781 0.6667 0.0000
vt -0.7854 0.5000 0.0000
vt -0.9163 0.6667 0.0000
vt -0.7854 0.6667 0.0000
vt -0.6545 0.5000 0.0000
vt -0.6545 0.6667 0.0000
vt -0.5236 0.6667 0.0000
vt -0.5236 0.5000 0.0000
vt -0.3927 0.5000 0.0000
vt -0.1309 0.5000 0.0000
vt -0.2618 0.6667 0.0000
vt -0.2618 0.5000 0.0000
vt -0.3927 0.6667 0.0000
vt -0.1309 0.6667 0.0000
vt 0.1288 5.8892 0.0000
vt 0.0000 5.9096 0.0000
vt 0.0000 5.8679 0.0000
vt 0.1159 5.8495 0.0000
vt 0.2449 5.8300 0.0000
vt 0.2204 5.7963 0.0000
vt 0.3371 5.7378 0.0000
vt 0.3034 5.7133 0.0000
vt 0.3963 5.6217 0.0000
vt 0.4167 5.4929 0.0000
vt 0.3566 5.6088 0.0000
vt 0.3750 5.4929 0.0000
vt 0.2449 5.1558 0.0000
vt 0.2204 5.1895 0.0000
vt 0.1159 5.1363 0.0000
vt 0.0000 5.1179 0.0000
vt 0.0000 5.0762 0.0000
vt 0.1288 5.0966 0.0000
vt 0.3566 5.3770 0.0000
vt 0.3963 5.3641 0.0000
vt 0.3034 5.2725 0.0000
vt 0.3371 5.2480 0.0000
vt -0.3371 5.7378 0.0000
vt -0.3034 5.7133 0.0000
vt -0.2204 5.7963 0.0000
vt -0.3963 5.6217 0.0000
vt -0.3566 5.6088 0.0000
vt -0.4167 5.4929 0.0000
vt -0.3750 5.4929 0.0000
vt -0.1288 5.8892 0.0000
vt -0.1159 5.8495 0.0000
vt -0.2449 5.8300 0.0000
vt -0.3566 5.3770 0.0000
vt -0.3963 5.3641 0.0000
vt -0.3371 5.2480 0.0000
vt -0.3034 5.2725 0.0000
vt -0.2204 5.1895 0.0000
vt -0.2449 5.1558 0.0000
vt -0.1159 5.1363 0.0000
vt -0.1288 5.0966 0.0000
vt -0.0000 5.1179 0.0000
vt -0.0000 5.0762 0.0000
vt 0.0000 0.8333 0.0000
vt 0.1178 0.6667 0.0000
vt 0.2356 0.8333 0.0000
vt 0.2356 0.6667 0.0000
vt 0.3534 0.6667 0.0000
vt 0.1178 0.8333 0.0000
vt 0.4712 0.6667 0.0000
vt 0.3534 0.8333 0.0000
vt 0.4712 0.8333 0.0000
vt 0.5890 0.6667 0.0000
vt 0.5890 0.8333 0.0000
vt 0.7069 0.6667 0.0000
vt 0.8247 0.6667 0.0000
vt 0.8247 0.8333 0.0000
vt 1.0603 0.8333 0.0000
vt 0.9425 0.6667 0.0000
vt 1.0603 0.6667 0.0000
vt 0.9425 0.8333 0.0000
vt 1.1781 0.8333 0.0000
vt 0.7069 0.8333 0.0000
vt -1.1781 0.8333 0.0000
vt -1.0603 0.6667 0.0000
vt -0.9425 0.8333 0.0000
vt -0.9425 0.6667 0.0000
vt -0.8247 0.6667 0.0000
vt -1.0603 0.8333 0.0000
vt -0.7069 0.6667 0.0000
vt -0.8247 0.8333 0.0000
vt -0.7069 0.8333 0.0000
vt -0.5890 0.6667 0.0000
vt -0.5890 0.8333 0.0000
vt -0.4712 0.8333 0.0000
vt -0.4712 0.6667 0.0000
vt -0.3534 0.6667 0.0000
vt -0.1178 0.6667 0.0000
vt -0.3534 0.8333 0.0000
vt -0.2356 0.6667 0.0000
vt -0.2356 0.8333 0.0000
vt -0.1178 0.8333 0.0000
vt 0.0000 5.8262 0.0000
vt 0.1140 5.8061 0.0000
vt 0.2143 5.7482 0.0000
vt 0.2887 5.6596 0.0000
vt 0.3283 5.5508 0.0000
vt 0.2143 5.2375 0.0000
vt 0.1140 5.1797 0.0000
vt 0.0000 5.1596 0.0000
vt 0.3283 5.4350 0.0000
vt 0.2887 5.3262 0.0000
vt -0.2143 5.7482 0.0000
vt -0.2887 5.6596 0.0000
vt -0.3283 5.5508 0.0000
vt -0.1140 5.8061 0.0000
vt -0.3283 5.4350 0.0000
vt -0.2887 5.3262 0.0000
vt -0.2143 5.2375 0.0000
vt -0.1140 5.1797 0.0000
vt -0.0000 5.1596 0.0000
vt 0.0000 1.0000 0.0000
vt 0.1164 0.8333 0.0000
vt 0.2327 1.0000 0.0000
vt 0.2327 0.8333 0.0000
vt 0.3491 0.8333 0.0000
vt 0.1164 1.0000 0.0000
vt 0.4654 0.8333 0.0000
vt 0.3491 1.0000 0.0000
vt 0.4654 1.0000 0.0000
vt 0.5818 0.8333 0.0000
vt 0.6981 0.8333 0.0000
vt 0.5818 1.0000 0.0000
vt 0.9308 1.0000 0.0000
vt 0.8145 0.8333 0.0000
vt 0.9308 0.8333 0.0000
vt 0.8145 1.0000 0.0000
vt 1.0472 1.0000 0.0000
vt 1.0472 0.8333 0.0000
vt 0.6981 1.0000 0.0000
vt -1.0472 1.0000 0.0000
vt -1.0472 0.8333 0.0000
vt -0.9308 0.8333 0.0000
vt -0.8145 1.0000 0.0000
vt -0.8145 0.8333 0.0000
vt -0.6981 0.8333 0.0000
vt -0.9308 1.0000 0.0000
vt -0.5818 0.8333 0.0000
vt -0.6981 1.0000 0.0000
vt -0.5818 1.0000 0.0000
vt -0.4654 0.8333 0.0000
vt -0.4654 1.0000 0.0000
vt -0.3491 0.8333 0.0000
vt -0.1164 0.8333 0.0000
vt -0.2327 0.8333 0.0000
vt -0.2327 1.0000 0.0000
vt -0.3491 1.0000 0.0000
vt -0.1164 1.0000 0.0000
vt 0.0000 5.4929 0.0000
vt -0.0000 5.4929 0.0000
vt -0.0000 5.9096 0.0000
# 182 texture coords

g _Revolve__1866_
usemtl plastic
s off
f 3397/4582/1671 3398/4583/1671 3399/4584/1672 
f 3400/4585/1673 3401/4586/1673 3402/4587/1674 
f 3399/4584/1672 3401/4586/1673 3403/4588/1672 
f 3402/4587/1674 3404/4589/1675 3405/4590/1674 
f 3397/4582/1671 3399/4584/1672 3403/4588/1672 
f 3403/4588/1672 3401/4586/1673 3400/4585/1673 
f 3404/4589/1675 3406/4591/1675 3405/4590/1674 
f 3405/4590/1674 3400/4585/1673 3402/4587/1674 
f 3406/4591/1675 3407/4592/1676 3408/4593/1676 
f 3404/4589/1675 3407/4592/1676 3406/4591/1675 
f 3409/4594/1677 3410/4595/1678 3411/4596/1677 
f 3412/4597/1679 3413/4598/1680 3414/4599/1679 
f 3410/4595/1678 3413/4598/1680 3415/4600/1680 
f 3416/4601/1681 3417/4602/1681 3414/4599/1679 
f 3408/4593/1676 3409/4594/1677 3411/4596/1677 
f 3411/4596/1677 3410/4595/1678 3418/4603/1678 
f 3410/4595/1678 3415/4600/1680 3418/4603/1678 
f 3415/4600/1680 3413/4598/1680 3412/4597/1679 
f 3414/4599/1679 3417/4602/1681 3412/4597/1679 
f 3409/4594/1677 3408/4593/1676 3407/4592/1676 
f 3417/4604/1681 3416/4605/1681 3419/4606/1682 
f 3420/4607/1683 3421/4608/1683 3422/4609/1684 
f 3419/4606/1682 3421/4608/1683 3423/4610/1682 
f 3422/4609/1684 3424/4611/1685 3425/4612/1684 
f 3417/4604/1681 3419/4606/1682 3423/4610/1682 
f 3423/4610/1682 3421/4608/1683 3420/4607/1683 
f 3424/4611/1685 3426/4613/1685 3425/4612/1684 
f 3425/4612/1684 3420/4607/1683 3422/4609/1684 
f 3426/4613/1685 3427/4614/1686 3428/4615/1686 
f 3424/4611/1685 3427/4614/1686 3426/4613/1685 
f 3429/4616/1687 3430/4617/1687 3431/4618/1688 
f 3432/4619/1689 3433/4620/1690 3434/4621/1690 
f 3434/4621/1690 3435/4622/1688 3431/4618/1688 
f 3436/4623/1689 3432/4619/1689 3398/4583/1671 
f 3429/4616/1687 3428/4615/1686 3430/4617/1687 
f 3435/4622/1688 3429/4616/1687 3431/4618/1688 
f 3436/4623/1689 3433/4620/1690 3432/4619/1689 
f 3397/4582/1671 3436/4623/1689 3398/4583/1671 
f 3435/4622/1688 3434/4621/1690 3433/4620/1690 
f 3430/4617/1687 3428/4615/1686 3427/4614/1686 
f 3412/4624/1691 3417/4625/1691 3437/4626/1691 
f 3412/4624/1691 3438/4627/1691 3415/4628/1691 
f 3437/4626/1691 3438/4627/1691 3412/4624/1691 
f 3415/4628/1691 3438/4627/1691 3439/4629/1691 
f 3439/4629/1691 3418/4630/1691 3415/4628/1691 
f 3439/4629/1691 3440/4631/1691 3418/4630/1691 
f 3418/4630/1691 3440/4631/1691 3411/4632/1691 
f 3408/4633/1691 3411/4632/1691 3441/4634/1691 
f 3441/4634/1691 3411/4632/1691 3440/4631/1691 
f 3408/4633/1691 3441/4634/1691 3442/4635/1691 
f 3400/4636/1691 3443/4637/1691 3444/4638/1691 
f 3445/4639/1691 3397/4640/1691 3403/4641/1691 
f 3445/4639/1691 3403/4641/1691 3444/4638/1691 
f 3400/4636/1691 3444/4638/1691 3403/4641/1691 
f 3408/4633/1691 3446/4642/1691 3406/4643/1691 
f 3408/4633/1691 3442/4635/1691 3446/4642/1691 
f 3406/4643/1691 3446/4642/1691 3447/4644/1691 
f 3443/4637/1691 3405/4645/1691 3447/4644/1691 
f 3405/4645/1691 3443/4637/1691 3400/4636/1691 
f 3447/4644/1691 3405/4645/1691 3406/4643/1691 
f 3425/4646/1691 3448/4647/1691 3449/4648/1691 
f 3448/4647/1691 3425/4646/1691 3426/4649/1691 
f 3450/4650/1691 3428/4651/1691 3451/4652/1691 
f 3428/4651/1691 3450/4650/1691 3426/4649/1691 
f 3426/4649/1691 3450/4650/1691 3448/4647/1691 
f 3417/4625/1691 3423/4653/1691 3437/4626/1691 
f 3437/4626/1691 3423/4653/1691 3452/4654/1691 
f 3452/4654/1691 3420/4655/1691 3449/4648/1691 
f 3420/4655/1691 3452/4654/1691 3423/4653/1691 
f 3449/4648/1691 3420/4655/1691 3425/4646/1691 
f 3453/4656/1691 3428/4651/1691 3429/4657/1691 
f 3429/4657/1691 3435/4658/1691 3454/4659/1691 
f 3454/4659/1691 3435/4658/1691 3455/4660/1691 
f 3429/4657/1691 3454/4659/1691 3453/4656/1691 
f 3455/4660/1691 3433/4661/1691 3456/4662/1691 
f 3433/4661/1691 3455/4660/1691 3435/4658/1691 
f 3456/4662/1691 3433/4661/1691 3436/4663/1691 
f 3445/4664/1691 3436/4663/1691 3397/4665/1691 
f 3436/4663/1691 3445/4664/1691 3456/4662/1691 
f 3453/4656/1691 3451/4652/1691 3428/4651/1691 
f 3457/4666/1671 3445/4582/1671 3444/4667/1672 
f 3458/4668/1673 3443/4669/1673 3447/4670/1674 
f 3444/4667/1672 3443/4669/1673 3459/4671/1672 
f 3447/4670/1674 3446/4672/1675 3460/4673/1674 
f 3457/4666/1671 3444/4667/1672 3459/4671/1672 
f 3459/4671/1672 3443/4669/1673 3458/4668/1673 
f 3446/4672/1675 3461/4674/1675 3460/4673/1674 
f 3460/4673/1674 3458/4668/1673 3447/4670/1674 
f 3461/4674/1675 3442/4675/1676 3462/4676/1676 
f 3446/4672/1675 3442/4675/1676 3461/4674/1675 
f 3441/4677/1677 3440/4678/1678 3463/4679/1678 
f 3464/4680/1679 3439/4681/1680 3438/4682/1679 
f 3439/4681/1680 3465/4683/1680 3440/4678/1678 
f 3466/4684/1681 3438/4682/1679 3437/4597/1681 
f 3441/4677/1677 3467/4685/1677 3462/4676/1676 
f 3441/4677/1677 3463/4679/1678 3467/4685/1677 
f 3463/4679/1678 3440/4678/1678 3465/4683/1680 
f 3465/4683/1680 3439/4681/1680 3464/4680/1679 
f 3438/4682/1679 3466/4684/1681 3464/4680/1679 
f 3441/4677/1677 3462/4676/1676 3442/4675/1676 
f 3466/4686/1681 3437/4610/1681 3452/4687/1682 
f 3468/4688/1683 3449/4689/1683 3448/4690/1684 
f 3452/4687/1682 3449/4689/1683 3469/4691/1682 
f 3448/4690/1684 3450/4692/1685 3470/4693/1684 
f 3466/4686/1681 3452/4687/1682 3469/4691/1682 
f 3469/4691/1682 3449/4689/1683 3468/4688/1683 
f 3450/4692/1685 3471/4694/1685 3470/4693/1684 
f 3470/4693/1684 3468/4688/1683 3448/4690/1684 
f 3471/4694/1685 3451/4695/1686 3472/4696/1686 
f 3450/4692/1685 3451/4695/1686 3471/4694/1685 
f 3473/4697/1687 3453/4698/1687 3454/4699/1688 
f 3456/4700/1689 3445/4582/1671 3457/4666/1671 
f 3474/4701/1688 3454/4699/1688 3455/4702/1690 
f 3475/4703/1690 3455/4702/1690 3456/4700/1689 
f 3473/4697/1687 3472/4696/1686 3453/4698/1687 
f 3474/4701/1688 3473/4697/1687 3454/4699/1688 
f 3456/4700/1689 3476/4704/1689 3475/4703/1690 
f 3475/4703/1690 3474/4701/1688 3455/4702/1690 
f 3457/4666/1671 3476/4704/1689 3456/4700/1689 
f 3453/4698/1687 3472/4696/1686 3451/4695/1686 
f 3464/4627/1691 3466/4626/1691 3477/4705/1691 
f 3464/4627/1691 3478/4706/1691 3465/4629/1691 
f 3477/4705/1691 3478/4706/1691 3464/4627/1691 
f 3465/4629/1691 3478/4706/1691 3479/4707/1691 
f 3465/4629/1691 3479/4707/1691 3463/4631/1691 
f 3480/4708/1691 3481/4709/1691 3467/4634/1691 
f 3463/4631/1691 3479/4707/1691 3480/4708/1691 
f 3467/4634/1691 3481/4709/1691 3462/4635/1691 
f 3480/4708/1691 3467/4634/1691 3463/4631/1691 
f 3458/4637/1691 3482/4710/1691 3483/4711/1691 
f 3484/4712/1691 3457/4639/1691 3459/4638/1691 
f 3484/4712/1691 3459/4638/1691 3483/4711/1691 
f 3458/4637/1691 3483/4711/1691 3459/4638/1691 
f 3462/4635/1691 3485/4713/1691 3461/4642/1691 
f 3462/4635/1691 3481/4709/1691 3485/4713/1691 
f 3461/4642/1691 3485/4713/1691 3486/4714/1691 
f 3482/4710/1691 3460/4644/1691 3486/4714/1691 
f 3486/4714/1691 3460/4644/1691 3461/4642/1691 
f 3458/4637/1691 3460/4644/1691 3482/4710/1691 
f 3487/4715/1691 3468/4648/1691 3470/4647/1691 
f 3488/4716/1691 3471/4650/1691 3489/4717/1691 
f 3471/4650/1691 3488/4716/1691 3470/4647/1691 
f 3489/4717/1691 3471/4650/1691 3472/4652/1691 
f 3487/4715/1691 3470/4647/1691 3488/4716/1691 
f 3466/4626/1691 3469/4654/1691 3477/4705/1691 
f 3490/4718/1691 3477/4705/1691 3469/4654/1691 
f 3490/4718/1691 3469/4654/1691 3468/4648/1691 
f 3468/4648/1691 3487/4715/1691 3490/4718/1691 
f 3491/4719/1691 3472/4652/1691 3473/4656/1691 
f 3473/4656/1691 3474/4659/1691 3492/4720/1691 
f 3492/4720/1691 3474/4659/1691 3493/4721/1691 
f 3473/4656/1691 3492/4720/1691 3491/4719/1691 
f 3493/4721/1691 3475/4660/1691 3494/4722/1691 
f 3475/4660/1691 3493/4721/1691 3474/4659/1691 
f 3494/4722/1691 3475/4660/1691 3476/4662/1691 
f 3484/4723/1691 3476/4662/1691 3457/4664/1691 
f 3476/4662/1691 3484/4723/1691 3494/4722/1691 
f 3491/4719/1691 3489/4717/1691 3472/4652/1691 
f 3495/4724/1671 3484/4666/1671 3483/4725/1692 
f 3496/4726/1693 3482/4727/1693 3486/4728/1694 
f 3483/4725/1692 3482/4727/1693 3497/4729/1692 
f 3486/4728/1694 3485/4730/1695 3498/4731/1694 
f 3495/4724/1671 3483/4725/1692 3497/4729/1692 
f 3486/4728/1694 3498/4731/1694 3496/4726/1693 
f 3496/4726/1693 3497/4729/1692 3482/4727/1693 
f 3498/4731/1694 3485/4730/1695 3499/4732/1695 
f 3485/4730/1695 3481/4733/1696 3499/4732/1695 
f 3481/4733/1696 3480/4734/1697 3500/4735/1696 
f 3501/4736/1698 3479/4737/1699 3478/4738/1698 
f 3479/4737/1699 3502/4739/1699 3480/4734/1697 
f 3503/4740/1681 3478/4738/1698 3477/4741/1681 
f 3504/4742/1697 3500/4735/1696 3480/4734/1697 
f 3480/4734/1697 3502/4739/1699 3504/4742/1697 
f 3479/4737/1699 3501/4736/1698 3502/4739/1699 
f 3478/4738/1698 3503/4740/1681 3501/4736/1698 
f 3481/4733/1696 3500/4735/1696 3499/4732/1695 
f 3503/4743/1681 3477/4744/1681 3490/4745/1700 
f 3505/4746/1701 3487/4747/1701 3488/4748/1702 
f 3490/4745/1700 3487/4747/1701 3506/4749/1700 
f 3488/4748/1702 3489/4750/1703 3507/4751/1702 
f 3503/4743/1681 3490/4745/1700 3506/4749/1700 
f 3488/4748/1702 3507/4751/1702 3505/4746/1701 
f 3505/4746/1701 3506/4749/1700 3487/4747/1701 
f 3507/4751/1702 3489/4750/1703 3508/4752/1703 
f 3489/4750/1703 3491/4753/1704 3508/4752/1703 
f 3509/4754/1704 3491/4753/1704 3492/4755/1705 
f 3494/4756/1706 3484/4666/1671 3495/4724/1671 
f 3493/4757/1707 3494/4756/1706 3510/4758/1707 
f 3511/4759/1705 3492/4755/1705 3493/4757/1707 
f 3509/4754/1704 3492/4755/1705 3511/4759/1705 
f 3494/4756/1706 3512/4760/1706 3510/4758/1707 
f 3512/4760/1706 3494/4756/1706 3495/4724/1671 
f 3493/4757/1707 3510/4758/1707 3511/4759/1705 
f 3491/4753/1704 3509/4754/1704 3508/4752/1703 
f 3501/4706/1691 3513/4761/1691 3502/4707/1691 
f 3502/4707/1691 3513/4761/1691 3504/4708/1691 
f 3500/4709/1691 3504/4708/1691 3513/4761/1691 
f 3501/4706/1691 3503/4705/1691 3513/4761/1691 
f 3513/4761/1691 3495/4712/1691 3497/4711/1691 
f 3513/4761/1691 3497/4711/1691 3496/4710/1691 
f 3513/4761/1691 3498/4714/1691 3499/4713/1691 
f 3498/4714/1691 3513/4761/1691 3496/4710/1691 
f 3513/4761/1691 3499/4713/1691 3500/4709/1691 
f 3513/4761/1691 3505/4715/1691 3507/4716/1691 
f 3513/4761/1691 3506/4718/1691 3505/4715/1691 
f 3503/4705/1691 3506/4718/1691 3513/4761/1691 
f 3513/4761/1691 3507/4716/1691 3508/4717/1691 
f 3513/4761/1691 3509/4719/1691 3511/4720/1691 
f 3513/4761/1691 3511/4720/1691 3510/4721/1691 
f 3513/4761/1691 3512/4722/1691 3495/4723/1691 
f 3512/4722/1691 3513/4761/1691 3510/4721/1691 
f 3509/4719/1691 3513/4761/1691 3508/4717/1691 
f 3414/4653/1708 3514/4762/1708 3416/4763/1708 
f 3413/4655/1708 3514/4762/1708 3414/4653/1708 
f 3413/4655/1708 3410/4646/1708 3514/4762/1708 
f 3409/4649/1708 3514/4762/1708 3410/4646/1708 
f 3409/4649/1708 3407/4651/1708 3514/4762/1708 
f 3401/4661/1708 3399/4663/1708 3514/4762/1708 
f 3514/4762/1708 3402/4658/1708 3401/4661/1708 
f 3514/4762/1708 3407/4651/1708 3404/4657/1708 
f 3404/4657/1708 3402/4658/1708 3514/4762/1708 
f 3399/4663/1708 3398/4665/1708 3514/4762/1708 
f 3422/4630/1708 3421/4628/1708 3514/4762/1708 
f 3424/4632/1708 3422/4630/1708 3514/4762/1708 
f 3421/4628/1708 3419/4624/1708 3514/4762/1708 
f 3514/4762/1708 3419/4624/1708 3416/4763/1708 
f 3514/4762/1708 3427/4633/1708 3424/4632/1708 
f 3431/4645/1708 3430/4643/1708 3514/4762/1708 
f 3434/4636/1708 3431/4645/1708 3514/4762/1708 
f 3398/4640/1708 3432/4641/1708 3514/4762/1708 
f 3434/4636/1708 3514/4762/1708 3432/4641/1708 
f 3427/4633/1708 3514/4762/1708 3430/4643/1708 
# 232 faces

#
# object _Revolve__1877_
#

v  -78.4251 62.4547 63.6547
v  -78.4251 50.3763 59.7302
v  -82.3496 61.8636 63.4627
v  -85.8900 60.1480 62.9052
v  -88.6996 57.4758 62.0370
v  -90.5035 54.1088 60.9429
v  -91.1251 50.3763 59.7302
v  -82.3496 38.8891 55.9978
v  -85.8900 40.6047 56.5552
v  -88.6996 43.2768 57.4234
v  -90.5035 46.6439 58.5175
v  -78.4251 38.2979 55.8057
v  -70.9603 60.1480 62.9052
v  -68.1506 57.4758 62.0370
v  -66.3467 54.1088 60.9429
v  -74.5006 61.8636 63.4627
v  -65.7251 50.3763 59.7302
v  -66.3467 46.6439 58.5175
v  -68.1506 43.2768 57.4234
v  -70.9603 40.6047 56.5552
v  -74.5006 38.8891 55.9978
v  -84.9559 53.0690 76.6294
v  -78.4251 45.6669 74.2243
v  -81.9000 54.7469 77.1746
v  -87.2239 50.4983 75.7941
v  -88.4308 47.3448 74.7695
v  -78.4251 55.3296 77.3639
v  -81.9000 36.5869 71.2740
v  -78.4251 36.0042 71.0847
v  -84.9559 38.2648 71.8192
v  -88.4308 43.9890 73.6791
v  -87.2239 40.8355 72.6545
v  -69.6263 50.4983 75.7941
v  -71.8944 53.0690 76.6294
v  -74.9502 54.7469 77.1746
v  -68.4195 47.3448 74.7695
v  -69.6263 40.8355 72.6545
v  -68.4195 43.9890 73.6791
v  -71.8944 38.2648 71.8192
v  -74.9502 36.5869 71.2740
v  -81.9000 38.1567 66.4427
v  -87.2239 42.4053 67.8231
v  -84.9559 39.8346 66.9879
v  -88.4308 45.5588 68.8478
v  -78.4251 37.5740 66.2533
v  -88.4308 48.9146 69.9381
v  -87.2239 52.0681 70.9628
v  -84.9559 54.6388 71.7980
v  -81.9000 56.3167 72.3432
v  -78.4251 56.8995 72.5326
v  -74.9502 56.3167 72.3432
v  -69.6263 52.0681 70.9628
v  -71.8944 54.6388 71.7980
v  -68.4195 48.9146 69.9381
v  -68.4195 45.5588 68.8478
v  -69.6263 42.4053 67.8231
v  -74.9502 38.1567 66.4427
v  -71.8944 39.8346 66.9879
v  -78.4251 58.1073 72.9250
v  -81.9572 57.5752 72.7521
v  -85.1435 56.0312 72.2505
v  -87.6722 53.6263 71.4690
v  -89.2957 50.5959 70.4844
v  -89.8551 47.2367 69.3930
v  -85.1435 38.4422 66.5354
v  -81.9572 36.8982 66.0338
v  -78.4251 36.3661 65.8609
v  -89.2957 43.8775 68.3015
v  -87.6722 40.8472 67.3168
v  -69.1781 53.6263 71.4690
v  -71.7067 56.0312 72.2505
v  -67.5546 50.5959 70.4844
v  -66.9951 47.2367 69.3930
v  -74.8931 57.5752 72.7521
v  -67.5546 43.8775 68.3015
v  -69.1781 40.8472 67.3168
v  -71.7067 38.4422 66.5354
v  -74.8931 36.8982 66.0338
v  -81.9572 38.4680 61.2024
v  -89.2957 45.4473 63.4701
v  -87.6722 42.4170 62.4855
v  -85.1435 40.0120 61.7041
v  -78.4251 37.9360 61.0295
v  -89.8551 48.8065 64.5616
v  -89.2957 52.1657 65.6531
v  -87.6722 55.1961 66.6377
v  -85.1435 57.6010 67.4191
v  -81.9572 59.1451 67.9208
v  -78.4251 59.6771 68.0937
v  -74.8931 59.1451 67.9208
v  -67.5546 52.1657 65.6531
v  -69.1781 55.1961 66.6377
v  -71.7067 57.6010 67.4191
v  -66.9951 48.8065 64.5616
v  -69.1781 42.4170 62.4855
v  -74.8931 38.4680 61.2024
v  -71.7067 40.0120 61.7041
v  -67.5546 45.4473 63.4701
v  -78.4251 60.8849 68.4861
v  -82.3496 60.2938 68.2940
v  -85.8900 58.5782 67.7366
v  -88.6996 55.9060 66.8684
v  -90.5035 52.5390 65.7743
v  -91.1251 48.8065 64.5616
v  -85.8900 39.0349 61.3866
v  -82.3496 37.3193 60.8291
v  -78.4251 36.7281 60.6371
v  -90.5035 45.0741 63.3488
v  -88.6996 41.7070 62.2548
v  -68.1506 55.9060 66.8684
v  -66.3467 52.5390 65.7743
v  -65.7251 48.8065 64.5616
v  -74.5006 60.2938 68.2940
v  -70.9603 58.5782 67.7366
v  -66.3467 45.0741 63.3488
v  -68.1506 41.7070 62.2548
v  -70.9603 39.0349 61.3866
v  -74.5006 37.3193 60.8291
# 118 vertices

vn 0.0000 0.3090 -0.9511
vn -0.0000 -0.3090 0.9511
vn -0.3420 -0.8937 -0.2904
vn -0.0000 -0.9511 -0.3090
vn -0.8660 -0.4755 -0.1545
vn -0.6428 -0.7286 -0.2367
vn -0.9848 -0.1651 -0.0537
vn -0.9848 0.1651 0.0537
vn -0.8660 0.4755 0.1545
vn -0.6428 0.7286 0.2367
vn -0.3420 0.8937 0.2904
vn -0.0000 0.9511 0.3090
vn 0.3420 0.8937 0.2904
vn 0.8660 0.4755 0.1545
vn 0.6428 0.7286 0.2367
vn 0.9848 0.1651 0.0537
vn 0.9848 -0.1651 -0.0537
vn 0.8660 -0.4755 -0.1545
vn 0.3420 -0.8937 -0.2904
vn 0.6428 -0.7286 -0.2367
vn -0.3090 -0.9045 -0.2939
vn -0.8090 -0.5590 -0.1816
vn -0.9511 -0.2939 -0.0955
vn -0.5878 -0.7694 -0.2500
vn -1.0000 -0.0000 -0.0000
vn -0.9511 0.2939 0.0955
vn -0.8090 0.5590 0.1816
vn -0.5878 0.7694 0.2500
vn -0.3090 0.9045 0.2939
vn 0.3090 0.9045 0.2939
vn 0.8090 0.5590 0.1816
vn 0.9511 0.2939 0.0955
vn 0.5878 0.7694 0.2500
vn 1.0000 0.0000 0.0000
vn 0.9511 -0.2939 -0.0955
vn 0.8090 -0.5590 -0.1816
vn 0.3090 -0.9045 -0.2939
vn 0.5878 -0.7694 -0.2500
# 38 vertex normals

vt -0.0000 5.9096 0.0000
vt -0.0000 5.4929 0.0000
vt 0.1288 5.8892 0.0000
vt 0.2449 5.8300 0.0000
vt 0.3371 5.7378 0.0000
vt 0.3963 5.6217 0.0000
vt 0.4167 5.4929 0.0000
vt 0.1288 5.0966 0.0000
vt 0.2449 5.1558 0.0000
vt 0.3371 5.2480 0.0000
vt 0.3963 5.3641 0.0000
vt -0.0000 5.0762 0.0000
vt -0.2449 5.8300 0.0000
vt -0.3371 5.7378 0.0000
vt -0.3963 5.6217 0.0000
vt -0.1288 5.8892 0.0000
vt -0.4167 5.4929 0.0000
vt -0.3963 5.3641 0.0000
vt -0.3371 5.2480 0.0000
vt -0.2449 5.1558 0.0000
vt -0.1288 5.0966 0.0000
vt -0.2143 5.7482 0.0000
vt 0.0000 5.4929 0.0000
vt -0.1140 5.8061 0.0000
vt -0.2887 5.6596 0.0000
vt -0.3283 5.5508 0.0000
vt 0.0000 5.8262 0.0000
vt -0.1140 5.1797 0.0000
vt 0.0000 5.1596 0.0000
vt -0.2143 5.2375 0.0000
vt -0.3283 5.4350 0.0000
vt -0.2887 5.3262 0.0000
vt 0.2887 5.6596 0.0000
vt 0.2143 5.7482 0.0000
vt 0.1140 5.8061 0.0000
vt 0.3283 5.5508 0.0000
vt 0.2887 5.3262 0.0000
vt 0.3283 5.4350 0.0000
vt 0.2143 5.2375 0.0000
vt 0.1140 5.1797 0.0000
vt 0.1164 -0.8333 0.0000
vt 0.0000 -1.0000 0.0000
vt 0.1164 -1.0000 0.0000
vt 0.3491 -0.8333 0.0000
vt 0.2327 -1.0000 0.0000
vt 0.3491 -1.0000 0.0000
vt 0.2327 -0.8333 0.0000
vt 0.4654 -1.0000 0.0000
vt 0.4654 -0.8333 0.0000
vt 0.0000 -0.8333 0.0000
vt 0.5818 -0.8333 0.0000
vt 0.5818 -1.0000 0.0000
vt 0.6981 -1.0000 0.0000
vt 0.6981 -0.8333 0.0000
vt 0.8145 -0.8333 0.0000
vt 0.8145 -1.0000 0.0000
vt 0.9308 -1.0000 0.0000
vt 0.9308 -0.8333 0.0000
vt 1.0472 -1.0000 0.0000
vt 1.0472 -0.8333 0.0000
vt -0.9308 -0.8333 0.0000
vt -1.0472 -1.0000 0.0000
vt -0.9308 -1.0000 0.0000
vt -0.6981 -0.8333 0.0000
vt -0.8145 -1.0000 0.0000
vt -0.6981 -1.0000 0.0000
vt -0.8145 -0.8333 0.0000
vt -0.5818 -1.0000 0.0000
vt -0.5818 -0.8333 0.0000
vt -1.0472 -0.8333 0.0000
vt -0.4654 -0.8333 0.0000
vt -0.3491 -0.8333 0.0000
vt -0.4654 -1.0000 0.0000
vt -0.3491 -1.0000 0.0000
vt -0.1164 -0.8333 0.0000
vt -0.2327 -1.0000 0.0000
vt -0.1164 -1.0000 0.0000
vt -0.2327 -0.8333 0.0000
vt 0.0000 5.8679 0.0000
vt -0.1159 5.8495 0.0000
vt -0.2204 5.7963 0.0000
vt -0.3034 5.7133 0.0000
vt -0.3566 5.6088 0.0000
vt -0.3750 5.4929 0.0000
vt -0.2204 5.1895 0.0000
vt -0.1159 5.1363 0.0000
vt 0.0000 5.1179 0.0000
vt -0.3566 5.3770 0.0000
vt -0.3034 5.2725 0.0000
vt 0.3034 5.7133 0.0000
vt 0.2204 5.7963 0.0000
vt 0.3566 5.6088 0.0000
vt 0.3750 5.4929 0.0000
vt 0.1159 5.8495 0.0000
vt 0.3566 5.3770 0.0000
vt 0.3034 5.2725 0.0000
vt 0.2204 5.1895 0.0000
vt 0.1159 5.1363 0.0000
vt 0.1178 -0.8333 0.0000
vt 0.1178 -0.6667 0.0000
vt 0.3534 -0.8333 0.0000
vt 0.4712 -0.8333 0.0000
vt 0.4712 -0.6667 0.0000
vt 0.2356 -0.8333 0.0000
vt 0.3534 -0.6667 0.0000
vt 0.2356 -0.6667 0.0000
vt 0.0000 -0.6667 0.0000
vt 0.5890 -0.6667 0.0000
vt 0.5890 -0.8333 0.0000
vt 0.7069 -0.6667 0.0000
vt 0.7069 -0.8333 0.0000
vt 0.8247 -0.6667 0.0000
vt 0.8247 -0.8333 0.0000
vt 0.9425 -0.8333 0.0000
vt 0.9425 -0.6667 0.0000
vt 1.0603 -0.8333 0.0000
vt 1.0603 -0.6667 0.0000
vt 1.1781 -0.8333 0.0000
vt 1.1781 -0.6667 0.0000
vt -1.1781 -0.8333 0.0000
vt -1.0603 -0.8333 0.0000
vt -1.0603 -0.6667 0.0000
vt -0.8247 -0.8333 0.0000
vt -0.7069 -0.8333 0.0000
vt -0.7069 -0.6667 0.0000
vt -0.9425 -0.8333 0.0000
vt -0.8247 -0.6667 0.0000
vt -0.9425 -0.6667 0.0000
vt -1.1781 -0.6667 0.0000
vt -0.5890 -0.6667 0.0000
vt -0.5890 -0.8333 0.0000
vt -0.4712 -0.8333 0.0000
vt -0.3534 -0.8333 0.0000
vt -0.3534 -0.6667 0.0000
vt -0.1178 -0.6667 0.0000
vt -0.2356 -0.8333 0.0000
vt -0.1178 -0.8333 0.0000
vt -0.2356 -0.6667 0.0000
vt -0.4712 -0.6667 0.0000
vt 0.0000 5.9096 0.0000
vt 0.0000 5.0762 0.0000
vt 0.1309 -0.6667 0.0000
vt 0.1309 -0.5000 0.0000
vt 0.3927 -0.6667 0.0000
vt 0.5236 -0.6667 0.0000
vt 0.5236 -0.5000 0.0000
vt 0.2618 -0.6667 0.0000
vt 0.3927 -0.5000 0.0000
vt 0.2618 -0.5000 0.0000
vt 0.0000 -0.5000 0.0000
vt 0.6545 -0.5000 0.0000
vt 0.6545 -0.6667 0.0000
vt 0.7854 -0.5000 0.0000
vt 0.7854 -0.6667 0.0000
vt 1.0472 -0.6667 0.0000
vt 0.9163 -0.5000 0.0000
vt 0.9163 -0.6667 0.0000
vt 1.0472 -0.5000 0.0000
vt 1.1781 -0.5000 0.0000
vt 1.3090 -0.6667 0.0000
vt 1.3090 -0.5000 0.0000
vt -1.3090 -0.6667 0.0000
vt -1.1781 -0.5000 0.0000
vt -0.9163 -0.6667 0.0000
vt -0.7854 -0.6667 0.0000
vt -0.7854 -0.5000 0.0000
vt -1.0472 -0.6667 0.0000
vt -0.9163 -0.5000 0.0000
vt -1.0472 -0.5000 0.0000
vt -1.3090 -0.5000 0.0000
vt -0.6545 -0.5000 0.0000
vt -0.6545 -0.6667 0.0000
vt -0.5236 -0.6667 0.0000
vt -0.3927 -0.6667 0.0000
vt -0.3927 -0.5000 0.0000
vt -0.1309 -0.6667 0.0000
vt -0.2618 -0.6667 0.0000
vt -0.1309 -0.5000 0.0000
vt -0.2618 -0.5000 0.0000
vt -0.5236 -0.5000 0.0000
# 180 texture coords

g _Revolve__1877_
usemtl plastic
s off
f 3515/4764/1709 3516/4765/1709 3517/4766/1709 
f 3517/4766/1709 3516/4765/1709 3518/4767/1709 
f 3516/4765/1709 3519/4768/1709 3518/4767/1709 
f 3519/4768/1709 3516/4765/1709 3520/4769/1709 
f 3516/4765/1709 3521/4770/1709 3520/4769/1709 
f 3516/4765/1709 3522/4771/1709 3523/4772/1709 
f 3523/4772/1709 3524/4773/1709 3516/4765/1709 
f 3525/4774/1709 3521/4770/1709 3516/4765/1709 
f 3516/4765/1709 3524/4773/1709 3525/4774/1709 
f 3516/4765/1709 3526/4775/1709 3522/4771/1709 
f 3516/4765/1709 3527/4776/1709 3528/4777/1709 
f 3516/4765/1709 3528/4777/1709 3529/4778/1709 
f 3516/4765/1709 3530/4779/1709 3527/4776/1709 
f 3515/4764/1709 3530/4779/1709 3516/4765/1709 
f 3529/4778/1709 3531/4780/1709 3516/4765/1709 
f 3516/4765/1709 3532/4781/1709 3533/4782/1709 
f 3516/4765/1709 3533/4782/1709 3534/4783/1709 
f 3516/4765/1709 3535/4784/1709 3526/4775/1709 
f 3535/4784/1709 3516/4765/1709 3534/4783/1709 
f 3532/4781/1709 3516/4765/1709 3531/4780/1709 
f 3536/4785/1710 3537/4786/1710 3538/4787/1710 
f 3539/4788/1710 3537/4786/1710 3536/4785/1710 
f 3537/4786/1710 3539/4788/1710 3540/4789/1710 
f 3537/4786/1710 3541/4790/1710 3538/4787/1710 
f 3542/4791/1710 3543/4792/1710 3537/4786/1710 
f 3544/4793/1710 3542/4791/1710 3537/4786/1710 
f 3545/4794/1710 3546/4795/1710 3537/4786/1710 
f 3544/4793/1710 3537/4786/1710 3546/4795/1710 
f 3540/4789/1710 3545/4794/1710 3537/4786/1710 
f 3547/4796/1710 3548/4797/1710 3537/4786/1710 
f 3548/4797/1710 3549/4798/1710 3537/4786/1710 
f 3537/4786/1710 3549/4798/1710 3541/4790/1710 
f 3550/4799/1710 3547/4796/1710 3537/4786/1710 
f 3551/4800/1710 3552/4801/1710 3537/4786/1710 
f 3553/4802/1710 3551/4800/1710 3537/4786/1710 
f 3543/4792/1710 3554/4803/1710 3537/4786/1710 
f 3553/4802/1710 3537/4786/1710 3554/4803/1710 
f 3550/4799/1710 3537/4786/1710 3552/4801/1710 
f 3555/4804/1711 3543/4805/1712 3542/4806/1711 
f 3556/4807/1713 3544/4808/1714 3546/4809/1713 
f 3542/4806/1711 3544/4808/1714 3557/4810/1714 
f 3546/4809/1713 3545/4811/1715 3558/4812/1715 
f 3559/4813/1712 3543/4805/1712 3555/4804/1711 
f 3544/4808/1714 3556/4807/1713 3557/4810/1714 
f 3557/4810/1714 3555/4804/1711 3542/4806/1711 
f 3556/4807/1713 3546/4809/1713 3558/4812/1715 
f 3545/4811/1715 3560/4814/1716 3558/4812/1715 
f 3540/4815/1716 3539/4816/1717 3561/4817/1717 
f 3562/4818/1718 3536/4819/1718 3538/4820/1719 
f 3536/4819/1718 3561/4817/1717 3539/4816/1717 
f 3563/4821/1719 3538/4820/1719 3541/4822/1720 
f 3561/4817/1717 3560/4814/1716 3540/4815/1716 
f 3536/4819/1718 3562/4818/1718 3561/4817/1717 
f 3538/4820/1719 3563/4821/1719 3562/4818/1718 
f 3541/4822/1720 3564/4823/1720 3563/4821/1719 
f 3540/4815/1716 3560/4814/1716 3545/4811/1715 
f 3565/4824/1721 3541/4825/1720 3549/4826/1721 
f 3566/4827/1722 3548/4828/1723 3547/4829/1722 
f 3549/4826/1721 3548/4828/1723 3567/4830/1723 
f 3547/4829/1722 3550/4831/1724 3568/4832/1724 
f 3564/4833/1720 3541/4825/1720 3565/4824/1721 
f 3548/4828/1723 3566/4827/1722 3567/4830/1723 
f 3567/4830/1723 3565/4824/1721 3549/4826/1721 
f 3566/4827/1722 3547/4829/1722 3568/4832/1724 
f 3550/4831/1724 3569/4834/1725 3568/4832/1724 
f 3570/4835/1726 3552/4836/1725 3551/4837/1726 
f 3571/4838/1727 3553/4839/1728 3554/4840/1727 
f 3571/4838/1727 3554/4840/1727 3543/4805/1712 
f 3572/4841/1728 3551/4837/1726 3553/4839/1728 
f 3569/4834/1725 3552/4836/1725 3570/4835/1726 
f 3571/4838/1727 3572/4841/1728 3553/4839/1728 
f 3559/4813/1712 3571/4838/1727 3543/4805/1712 
f 3551/4837/1726 3572/4841/1728 3570/4835/1726 
f 3552/4836/1725 3569/4834/1725 3550/4831/1724 
f 3564/4790/1710 3573/4842/1710 3574/4843/1710 
f 3575/4844/1710 3563/4787/1710 3574/4843/1710 
f 3574/4843/1710 3563/4787/1710 3564/4790/1710 
f 3562/4785/1710 3563/4787/1710 3575/4844/1710 
f 3576/4845/1710 3562/4785/1710 3575/4844/1710 
f 3577/4846/1710 3560/4789/1710 3561/4788/1710 
f 3561/4788/1710 3562/4785/1710 3576/4845/1710 
f 3578/4847/1710 3560/4789/1710 3577/4846/1710 
f 3576/4845/1710 3577/4846/1710 3561/4788/1710 
f 3555/4791/1710 3557/4793/1710 3579/4848/1710 
f 3580/4849/1710 3581/4850/1710 3559/4792/1710 
f 3555/4791/1710 3580/4849/1710 3559/4792/1710 
f 3580/4849/1710 3555/4791/1710 3579/4848/1710 
f 3582/4851/1710 3558/4794/1710 3578/4847/1710 
f 3558/4794/1710 3560/4789/1710 3578/4847/1710 
f 3556/4795/1710 3558/4794/1710 3582/4851/1710 
f 3556/4795/1710 3583/4852/1710 3557/4793/1710 
f 3582/4851/1710 3583/4852/1710 3556/4795/1710 
f 3557/4793/1710 3583/4852/1710 3579/4848/1710 
f 3584/4853/1710 3585/4854/1710 3567/4797/1710 
f 3568/4799/1710 3586/4855/1710 3566/4796/1710 
f 3584/4853/1710 3566/4796/1710 3586/4855/1710 
f 3587/4856/1710 3586/4855/1710 3568/4799/1710 
f 3566/4796/1710 3584/4853/1710 3567/4797/1710 
f 3564/4790/1710 3588/4857/1710 3573/4842/1710 
f 3588/4857/1710 3564/4790/1710 3565/4798/1710 
f 3585/4854/1710 3588/4857/1710 3565/4798/1710 
f 3565/4798/1710 3567/4797/1710 3585/4854/1710 
f 3589/4858/1710 3587/4856/1710 3569/4801/1710 
f 3570/4800/1710 3590/4859/1710 3589/4858/1710 
f 3572/4802/1710 3590/4859/1710 3570/4800/1710 
f 3569/4801/1710 3570/4800/1710 3589/4858/1710 
f 3571/4803/1710 3591/4860/1710 3572/4802/1710 
f 3590/4859/1710 3572/4802/1710 3591/4860/1710 
f 3592/4861/1710 3591/4860/1710 3571/4803/1710 
f 3581/4850/1710 3592/4861/1710 3559/4792/1710 
f 3571/4803/1710 3559/4792/1710 3592/4861/1710 
f 3587/4856/1710 3568/4799/1710 3569/4801/1710 
f 3581/4813/1712 3580/4862/1729 3593/4863/1729 
f 3583/4864/1730 3582/4865/1731 3594/4866/1731 
f 3579/4867/1732 3583/4864/1730 3595/4868/1730 
f 3580/4862/1729 3579/4867/1732 3596/4869/1732 
f 3580/4862/1729 3596/4869/1732 3593/4863/1729 
f 3593/4863/1729 3597/4870/1712 3581/4813/1712 
f 3583/4864/1730 3594/4866/1731 3595/4868/1730 
f 3595/4868/1730 3596/4869/1732 3579/4867/1732 
f 3582/4865/1731 3598/4871/1733 3594/4866/1731 
f 3582/4865/1731 3578/4872/1733 3598/4871/1733 
f 3599/4873/1734 3578/4872/1733 3577/4874/1734 
f 3600/4875/1735 3576/4876/1735 3575/4877/1736 
f 3599/4873/1734 3577/4874/1734 3576/4876/1735 
f 3601/4878/1736 3575/4877/1736 3574/4879/1737 
f 3599/4873/1734 3576/4876/1735 3600/4875/1735 
f 3600/4875/1735 3575/4877/1736 3601/4878/1736 
f 3602/4880/1737 3573/4881/1720 3603/4882/1720 
f 3602/4880/1737 3601/4878/1736 3574/4879/1737 
f 3602/4880/1737 3574/4879/1737 3573/4881/1720 
f 3578/4872/1733 3599/4873/1734 3598/4871/1733 
f 3573/4883/1720 3588/4884/1738 3604/4885/1738 
f 3584/4886/1739 3586/4887/1740 3605/4888/1740 
f 3585/4889/1741 3584/4886/1739 3606/4890/1739 
f 3588/4884/1738 3585/4889/1741 3607/4891/1741 
f 3588/4884/1738 3607/4891/1741 3604/4885/1738 
f 3604/4885/1738 3603/4892/1720 3573/4883/1720 
f 3584/4886/1739 3605/4888/1740 3606/4890/1739 
f 3606/4890/1739 3607/4891/1741 3585/4889/1741 
f 3586/4887/1740 3608/4893/1742 3605/4888/1740 
f 3586/4887/1740 3587/4894/1742 3608/4893/1742 
f 3589/4895/1743 3590/4896/1744 3609/4897/1744 
f 3610/4898/1745 3591/4899/1746 3592/4900/1745 
f 3590/4896/1744 3591/4899/1746 3611/4901/1746 
f 3581/4813/1712 3610/4898/1745 3592/4900/1745 
f 3589/4895/1743 3612/4902/1743 3587/4894/1742 
f 3589/4895/1743 3609/4897/1744 3612/4902/1743 
f 3587/4894/1742 3612/4902/1743 3608/4893/1742 
f 3609/4897/1744 3590/4896/1744 3611/4901/1746 
f 3611/4901/1746 3591/4899/1746 3610/4898/1745 
f 3581/4813/1712 3597/4870/1712 3610/4898/1745 
f 3603/4842/1710 3613/4903/1710 3614/4779/1710 
f 3615/4776/1710 3602/4843/1710 3614/4779/1710 
f 3614/4779/1710 3602/4843/1710 3603/4842/1710 
f 3601/4844/1710 3602/4843/1710 3615/4776/1710 
f 3615/4776/1710 3616/4777/1710 3601/4844/1710 
f 3616/4777/1710 3600/4845/1710 3601/4844/1710 
f 3617/4778/1710 3600/4845/1710 3616/4777/1710 
f 3599/4846/1710 3617/4778/1710 3618/4780/1710 
f 3600/4845/1710 3617/4778/1710 3599/4846/1710 
f 3598/4847/1710 3599/4846/1710 3618/4780/1710 
f 3593/4849/1710 3596/4848/1710 3619/4783/1710 
f 3620/4784/1710 3621/4904/1710 3597/4850/1710 
f 3593/4849/1710 3620/4784/1710 3597/4850/1710 
f 3620/4784/1710 3593/4849/1710 3619/4783/1710 
f 3622/4781/1710 3594/4851/1710 3618/4780/1710 
f 3594/4851/1710 3598/4847/1710 3618/4780/1710 
f 3595/4852/1710 3594/4851/1710 3622/4781/1710 
f 3595/4852/1710 3623/4782/1710 3596/4848/1710 
f 3619/4783/1710 3596/4848/1710 3623/4782/1710 
f 3622/4781/1710 3623/4782/1710 3595/4852/1710 
f 3607/4854/1710 3606/4853/1710 3624/4768/1710 
f 3625/4769/1710 3624/4768/1710 3606/4853/1710 
f 3608/4856/1710 3626/4770/1710 3605/4855/1710 
f 3625/4769/1710 3605/4855/1710 3626/4770/1710 
f 3606/4853/1710 3605/4855/1710 3625/4769/1710 
f 3603/4842/1710 3627/4766/1710 3613/4903/1710 
f 3604/4857/1710 3627/4766/1710 3603/4842/1710 
f 3607/4854/1710 3628/4767/1710 3604/4857/1710 
f 3627/4766/1710 3604/4857/1710 3628/4767/1710 
f 3624/4768/1710 3628/4767/1710 3607/4854/1710 
f 3629/4774/1710 3626/4770/1710 3612/4858/1710 
f 3609/4859/1710 3630/4773/1710 3629/4774/1710 
f 3611/4860/1710 3630/4773/1710 3609/4859/1710 
f 3612/4858/1710 3609/4859/1710 3629/4774/1710 
f 3610/4861/1710 3631/4772/1710 3611/4860/1710 
f 3630/4773/1710 3611/4860/1710 3631/4772/1710 
f 3632/4771/1710 3631/4772/1710 3610/4861/1710 
f 3621/4904/1710 3632/4771/1710 3597/4850/1710 
f 3610/4861/1710 3597/4850/1710 3632/4771/1710 
f 3626/4770/1710 3608/4856/1710 3612/4858/1710 
f 3621/4870/1712 3620/4905/1729 3522/4906/1729 
f 3623/4907/1730 3622/4908/1731 3525/4909/1731 
f 3619/4910/1732 3623/4907/1730 3524/4911/1730 
f 3620/4905/1729 3619/4910/1732 3523/4912/1732 
f 3620/4905/1729 3523/4912/1732 3522/4906/1729 
f 3522/4906/1729 3526/4913/1712 3621/4870/1712 
f 3623/4907/1730 3525/4909/1731 3524/4911/1730 
f 3524/4911/1730 3523/4912/1732 3619/4910/1732 
f 3622/4908/1731 3521/4914/1733 3525/4909/1731 
f 3622/4908/1731 3618/4915/1733 3521/4914/1733 
f 3520/4916/1734 3618/4915/1733 3617/4917/1734 
f 3615/4918/1736 3519/4919/1735 3616/4920/1735 
f 3617/4917/1734 3616/4920/1735 3519/4919/1735 
f 3518/4921/1736 3615/4918/1736 3614/4882/1737 
f 3520/4916/1734 3617/4917/1734 3519/4919/1735 
f 3519/4919/1735 3615/4918/1736 3518/4921/1736 
f 3517/4922/1737 3613/4923/1720 3515/4924/1720 
f 3517/4922/1737 3518/4921/1736 3614/4882/1737 
f 3517/4922/1737 3614/4882/1737 3613/4923/1720 
f 3618/4915/1733 3520/4916/1734 3521/4914/1733 
f 3613/4925/1720 3627/4892/1738 3530/4926/1738 
f 3624/4927/1739 3625/4928/1740 3529/4929/1740 
f 3628/4930/1741 3624/4927/1739 3528/4931/1739 
f 3627/4892/1738 3628/4930/1741 3527/4932/1741 
f 3627/4892/1738 3527/4932/1741 3530/4926/1738 
f 3530/4926/1738 3515/4933/1720 3613/4925/1720 
f 3624/4927/1739 3529/4929/1740 3528/4931/1739 
f 3528/4931/1739 3527/4932/1741 3628/4930/1741 
f 3625/4928/1740 3531/4934/1742 3529/4929/1740 
f 3625/4928/1740 3626/4935/1742 3531/4934/1742 
f 3629/4936/1743 3630/4937/1744 3533/4938/1744 
f 3632/4939/1745 3621/4870/1712 3526/4913/1712 
f 3631/4940/1746 3632/4939/1745 3535/4941/1745 
f 3630/4937/1744 3631/4940/1746 3534/4942/1746 
f 3629/4936/1743 3532/4943/1743 3626/4935/1742 
f 3629/4936/1743 3533/4938/1744 3532/4943/1743 
f 3626/4935/1742 3532/4943/1743 3531/4934/1742 
f 3534/4942/1746 3533/4938/1744 3630/4937/1744 
f 3631/4940/1746 3535/4941/1745 3534/4942/1746 
f 3632/4939/1745 3526/4913/1712 3535/4941/1745 
# 232 faces

#
# object _Extrusion__1889_
#

v  -79.4857 49.5503 59.4618
v  -78.0588 48.8968 59.2495
v  -77.5496 49.1300 59.3253
v  -77.0714 50.0744 59.6321
v  -79.1333 49.1300 59.3253
v  -78.6240 48.8968 59.2495
v  -79.6114 50.0744 59.6321
v  -77.1972 49.5503 59.4618
v  -78.6240 51.2519 60.0147
v  -77.1972 50.5984 59.8024
v  -78.0588 51.2519 60.0147
v  -77.5496 51.0187 59.9389
v  -79.1333 51.0187 59.9389
v  -79.4857 50.5984 59.8024
v  -78.6240 56.7463 43.1049
v  -78.0588 56.7463 43.1049
v  -77.5496 56.5130 43.0291
v  -77.1972 56.0928 42.8926
v  -79.1333 56.5130 43.0291
v  -79.6114 55.5687 42.7223
v  -79.4857 56.0928 42.8926
v  -77.0714 55.5687 42.7223
v  -77.1972 55.0446 42.5520
v  -77.5496 54.6244 42.4155
v  -78.0588 54.3911 42.3397
v  -79.1333 54.6244 42.4155
v  -79.4857 55.0446 42.5520
v  -78.6240 54.3911 42.3397
v  -79.3096 51.6796 52.0319
v  -78.3414 51.6137 50.7848
v  -79.6114 53.9196 47.7977
v  -77.0714 53.9196 47.7977
v  -77.3733 51.6796 52.0319
v  -77.3733 53.2430 52.5399
v  -78.3415 54.0294 51.5697
v  -79.3096 53.2430 52.5399
# 36 vertices

vn 0.0000 -0.3090 0.9511
vn -0.0000 0.3090 -0.9511
vn -0.7623 -0.6155 -0.2000
vn -0.9010 -0.4126 -0.1341
vn -0.6235 -0.7436 -0.2416
vn -0.2225 -0.9272 -0.3013
vn -0.0000 -0.9511 -0.3090
vn -1.0000 -0.0000 0.0000
vn 0.2225 -0.9272 -0.3013
vn 0.6235 -0.7436 -0.2416
vn 0.9010 -0.4126 -0.1341
vn 1.0000 -0.0000 -0.0000
vn 0.7623 -0.6155 -0.2000
vn 0.7623 0.6155 0.2000
vn 0.9010 0.4126 0.1341
vn 0.6235 0.7436 0.2416
vn 0.2225 0.9272 0.3013
vn -0.0000 0.9511 0.3090
vn -0.6235 0.7436 0.2416
vn -0.2225 0.9272 0.3013
vn -0.7623 0.6155 0.2000
vn -0.9010 0.4126 0.1341
# 22 vertex normals

vt 0.0950 0.9192 0.0000
vt 0.1418 0.8966 0.0000
vt 0.1585 0.9047 0.0000
vt 0.1742 0.9372 0.0000
vt 0.1065 0.9047 0.0000
vt 0.1232 0.8966 0.0000
vt 0.0908 0.9372 0.0000
vt 0.1700 0.9192 0.0000
vt 0.1232 0.9779 0.0000
vt 0.1700 0.9553 0.0000
vt 0.1418 0.9779 0.0000
vt 0.1585 0.9698 0.0000
vt 0.1065 0.9698 0.0000
vt 0.0950 0.9553 0.0000
vt -0.1232 0.9779 0.0000
vt -0.1418 0.9779 0.0000
vt -0.1585 0.9698 0.0000
vt -0.1700 0.9553 0.0000
vt -0.1065 0.9698 0.0000
vt -0.0908 0.9372 0.0000
vt -0.0950 0.9553 0.0000
vt -0.1742 0.9372 0.0000
vt -0.1700 0.9192 0.0000
vt -0.1585 0.9047 0.0000
vt -0.1418 0.8966 0.0000
vt -0.1065 0.9047 0.0000
vt -0.0950 0.9192 0.0000
vt -0.1232 0.8966 0.0000
vt -0.0568 -1.4978 0.0000
vt -0.0157 -1.1702 0.0000
vt -0.0343 -1.1685 0.0000
vt -0.0529 -1.1668 0.0000
vt -0.0892 -1.4563 0.0000
vt -0.1069 -1.7476 0.0000
vt 0.0030 -1.1720 0.0000
vt -0.0133 -1.3463 0.0000
vt -0.0715 -1.1651 0.0000
vt -0.0901 -1.1633 0.0000
vt -0.0697 -1.7511 0.0000
vt -0.0511 -1.7528 0.0000
vt -0.0883 -1.7493 0.0000
vt -0.1088 -1.1616 0.0000
vt -0.1436 -1.3342 0.0000
vt -0.1287 -1.4911 0.0000
vt -0.1274 -1.1599 0.0000
vt -0.1814 -1.7407 0.0000
vt -0.1628 -1.7424 0.0000
vt -0.1256 -1.7459 0.0000
vt -0.1442 -1.7441 0.0000
vt -0.1871 -1.4856 0.0000
vt -0.1460 -1.1581 0.0000
vt -0.1646 -1.1564 0.0000
vt -0.2373 -1.7355 0.0000
vt -0.2196 -1.4442 0.0000
vt -0.2205 -1.1512 0.0000
vt -0.2019 -1.1529 0.0000
vt -0.2591 -1.4789 0.0000
vt -0.3117 -1.7286 0.0000
vt -0.2931 -1.7303 0.0000
vt -0.1832 -1.1547 0.0000
vt -0.2559 -1.7338 0.0000
vt -0.2745 -1.7320 0.0000
vt -0.2000 -1.7389 0.0000
vt -0.2391 -1.1495 0.0000
vt -0.2739 -1.3221 0.0000
vt -0.2186 -1.7372 0.0000
vt -0.2577 -1.1477 0.0000
# 67 texture coords

g _Extrusion__1889_
usemtl metal
s off
f 3633/4944/1747 3634/4945/1747 3635/4946/1747 
f 3635/4946/1747 3636/4947/1747 3633/4944/1747 
f 3637/4948/1747 3638/4949/1747 3633/4944/1747 
f 3633/4944/1747 3638/4949/1747 3634/4945/1747 
f 3633/4944/1747 3636/4947/1747 3639/4950/1747 
f 3635/4946/1747 3640/4951/1747 3636/4947/1747 
f 3641/4952/1747 3636/4947/1747 3642/4953/1747 
f 3643/4954/1747 3642/4953/1747 3644/4955/1747 
f 3639/4950/1747 3645/4956/1747 3646/4957/1747 
f 3639/4950/1747 3641/4952/1747 3645/4956/1747 
f 3642/4953/1747 3643/4954/1747 3641/4952/1747 
f 3639/4950/1747 3636/4947/1747 3641/4952/1747 
f 3647/4958/1748 3648/4959/1748 3649/4960/1748 
f 3647/4958/1748 3649/4960/1748 3650/4961/1748 
f 3651/4962/1748 3647/4958/1748 3652/4963/1748 
f 3652/4963/1748 3653/4964/1748 3651/4962/1748 
f 3652/4963/1748 3647/4958/1748 3654/4965/1748 
f 3647/4958/1748 3650/4961/1748 3654/4965/1748 
f 3654/4965/1748 3655/4966/1748 3656/4967/1748 
f 3654/4965/1748 3656/4967/1748 3657/4968/1748 
f 3658/4969/1748 3659/4970/1748 3657/4968/1748 
f 3657/4968/1748 3660/4971/1748 3658/4969/1748 
f 3652/4963/1748 3657/4968/1748 3659/4970/1748 
f 3657/4968/1748 3652/4963/1748 3654/4965/1748 
f 3661/4972/1749 3659/4973/1750 3658/4974/1751 
f 3660/4975/1752 3662/4976/1753 3658/4974/1751 
f 3662/4976/1753 3638/4977/1752 3661/4972/1749 
f 3661/4972/1749 3658/4974/1751 3662/4976/1753 
f 3652/4978/1754 3659/4973/1750 3663/4979/1754 
f 3662/4976/1753 3657/4980/1755 3656/4981/1756 
f 3661/4972/1749 3633/4982/1750 3639/4983/1754 
f 3639/4983/1754 3663/4979/1754 3661/4972/1749 
f 3661/4972/1749 3638/4977/1752 3637/4984/1751 
f 3660/4975/1752 3657/4980/1755 3662/4976/1753 
f 3655/4985/1757 3664/4986/1758 3665/4987/1759 
f 3633/4982/1750 3661/4972/1749 3637/4984/1751 
f 3654/4988/1758 3664/4986/1758 3655/4985/1757 
f 3665/4987/1759 3636/4989/1758 3640/4990/1757 
f 3665/4987/1759 3634/4991/1755 3662/4976/1753 
f 3656/4981/1756 3665/4987/1759 3662/4976/1753 
f 3635/4992/1756 3665/4987/1759 3640/4990/1757 
f 3655/4985/1757 3665/4987/1759 3656/4981/1756 
f 3634/4991/1755 3665/4987/1759 3635/4992/1756 
f 3665/4987/1759 3664/4986/1758 3636/4989/1758 
f 3634/4991/1755 3638/4977/1752 3662/4976/1753 
f 3661/4972/1749 3663/4979/1754 3659/4973/1750 
f 3666/4993/1760 3650/4994/1761 3649/4995/1762 
f 3666/4993/1760 3664/4986/1758 3650/4994/1761 
f 3643/4996/1763 3666/4993/1760 3667/4997/1764 
f 3651/4998/1765 3667/4997/1764 3647/4999/1766 
f 3668/5000/1767 3639/5001/1754 3646/5002/1768 
f 3648/5003/1763 3667/4997/1764 3649/4995/1762 
f 3641/5004/1766 3668/5000/1767 3645/5005/1765 
f 3654/4988/1758 3650/4994/1761 3664/4986/1758 
f 3666/4993/1760 3649/4995/1762 3667/4997/1764 
f 3636/4989/1758 3666/4993/1760 3642/5006/1761 
f 3636/4989/1758 3664/4986/1758 3666/4993/1760 
f 3641/5004/1766 3643/4996/1763 3667/4997/1764 
f 3647/4999/1766 3667/4997/1764 3648/5003/1763 
f 3653/5007/1768 3663/5008/1754 3668/5000/1767 
f 3668/5000/1767 3663/5008/1754 3639/5001/1754 
f 3642/5006/1761 3666/4993/1760 3644/5009/1762 
f 3652/5010/1754 3663/5008/1754 3653/5007/1768 
f 3667/4997/1764 3668/5000/1767 3641/5004/1766 
f 3645/5005/1765 3668/5000/1767 3646/5002/1768 
f 3653/5007/1768 3668/5000/1767 3651/4998/1765 
f 3651/4998/1765 3668/5000/1767 3667/4997/1764 
f 3666/4993/1760 3643/4996/1763 3644/5009/1762 
# 68 faces

#
# object _Revolve__1893_
#

v  -97.6249 88.8759 14.1349
v  -96.1669 88.5971 14.0550
v  -97.6249 87.8257 17.7973
v  -96.1669 102.6892 18.0958
v  -97.6249 101.3602 21.6783
v  -96.0049 101.6700 21.7671
v  -98.8610 89.6698 14.3626
v  -98.8610 88.6197 18.0250
v  -100.0970 89.4136 18.2526
v  -102.3289 94.5930 19.7378
v  -102.0389 94.2416 15.6735
v  -102.0389 93.1914 19.3359
v  -101.7488 98.4463 16.8792
v  -100.9229 98.5843 20.8823
v  -100.9229 99.6344 17.2199
v  -100.9229 90.6017 18.5933
v  -101.7488 91.7899 18.9340
v  -100.9229 91.6519 14.9309
v  -100.0970 100.8226 17.5606
v  -94.7089 88.3184 13.9751
v  -96.0049 87.5160 17.7085
v  -100.0970 90.4637 14.5902
v  -101.7488 92.8401 15.2716
v  -102.3289 95.6432 16.0754
v  -94.7089 101.9178 21.8382
v  -94.7089 102.9680 18.1758
v  -100.0970 99.7724 21.2230
v  -94.7089 87.2682 17.6375
v  -98.8610 101.6165 17.7882
v  -97.6249 102.4104 18.0159
v  -102.0389 97.0447 16.4773
v  -102.0389 95.9945 20.1397
v  -98.8610 100.5663 21.4506
v  -101.7488 97.3961 20.5416
v  -91.7928 102.4104 18.0159
v  -93.2509 102.6892 18.0958
v  -91.7928 101.3602 21.6783
v  -90.5568 101.6165 17.7882
v  -90.5568 100.5663 21.4506
v  -89.3207 99.7724 21.2230
v  -87.6689 91.7899 18.9340
v  -87.3789 94.2416 15.6735
v  -87.3789 93.1914 19.3359
v  -88.4948 98.5843 20.8823
v  -87.6689 97.3961 20.5416
v  -88.4948 99.6344 17.2199
v  -87.6689 98.4463 16.8792
v  -87.3789 95.9945 20.1397
v  -93.4129 101.6700 21.7671
v  -89.3207 100.8226 17.5606
v  -87.3789 97.0447 16.4773
v  -87.0889 95.6432 16.0754
v  -87.0889 94.5930 19.7378
v  -89.3207 89.4136 18.2526
v  -88.4948 91.6519 14.9309
v  -88.4948 90.6017 18.5933
v  -93.4129 88.5662 14.0461
v  -90.5568 89.6698 14.3626
v  -90.5568 88.6197 18.0250
v  -91.7928 87.8257 17.7973
v  -91.7928 88.8759 14.1349
v  -89.3207 90.4637 14.5902
v  -93.2509 87.5470 17.7174
v  -87.6689 92.8401 15.2716
v  -94.7089 101.7472 17.8257
v  -97.1389 101.2825 17.6925
v  -99.1990 99.9594 17.3130
v  -100.5755 97.9791 16.7452
v  -101.0589 95.6432 16.0754
v  -97.1389 90.0038 14.4583
v  -94.7089 89.5392 14.3251
v  -100.5755 93.3073 15.4056
v  -99.1990 91.3270 14.8378
v  -90.2188 99.9594 17.3130
v  -88.3589 95.6432 16.0754
v  -88.8422 97.9791 16.7452
v  -92.2788 101.2825 17.6925
v  -88.8422 93.3073 15.4056
v  -90.2188 91.3270 14.8378
v  -92.2788 90.0038 14.4583
v  -97.1389 90.8790 11.4063
v  -95.9239 90.6466 11.3397
v  -98.1690 91.5405 11.5960
v  -98.1690 90.6654 14.6480
v  -99.1990 100.8345 14.2610
v  -99.8873 99.8444 13.9771
v  -95.8920 101.5210 17.7608
v  -94.7089 102.6223 14.7737
v  -99.8873 92.3171 15.1217
v  -99.8873 93.1923 12.0697
v  -100.5755 98.8542 13.6932
v  -99.8873 98.9692 17.0291
v  -94.7089 90.4143 11.2731
v  -95.8920 89.7654 14.3900
v  -99.1990 92.2021 11.7858
v  -100.8172 95.3504 12.6885
v  -100.5755 94.1824 12.3536
v  -100.8172 94.4752 15.7405
v  -101.0589 96.5183 13.0234
v  -98.1690 101.4961 14.4507
v  -98.1690 100.6209 17.5027
v  -95.9239 102.3900 14.7071
v  -97.1389 102.1577 14.6405
v  -100.8172 97.6863 13.3583
v  -100.8172 96.8111 16.4103
v  -92.2788 102.1577 14.6405
v  -93.4939 102.3900 14.7071
v  -91.2488 101.4961 14.4507
v  -91.2488 100.6209 17.5027
v  -88.6006 95.3504 12.6885
v  -88.6006 94.4752 15.7405
v  -89.5305 98.9692 17.0291
v  -89.5305 99.8444 13.9771
v  -88.8422 98.8542 13.6932
v  -88.6006 96.8111 16.4103
v  -93.5258 101.5210 17.7608
v  -90.2188 100.8345 14.2610
v  -88.6006 97.6863 13.3583
v  -88.3589 96.5183 13.0234
v  -89.5305 93.1923 12.0697
v  -89.5305 92.3171 15.1217
v  -93.5258 90.6405 11.3380
v  -91.2488 91.5405 11.5960
v  -91.2488 90.6654 14.6480
v  -92.2788 90.8790 11.4063
v  -90.2188 92.2021 11.7858
v  -93.4939 89.7715 14.3917
v  -88.8422 94.1824 12.3536
v  -94.7089 101.4015 14.4236
v  -96.9130 100.9179 14.2850
v  -98.6806 99.5630 13.8964
v  -99.6615 97.6049 13.3350
v  -96.9130 92.1187 11.7618
v  -94.7089 91.6351 11.6232
v  -99.6615 95.4317 12.7118
v  -98.6806 93.4737 12.1504
v  -90.7372 99.5630 13.8964
v  -92.5047 100.9179 14.2850
v  -89.7562 97.6049 13.3350
v  -89.7562 95.4317 12.7118
v  -90.7372 93.4737 12.1504
v  -92.5047 92.1187 11.7618
v  -96.9130 92.8188 9.3202
v  -95.8109 92.5770 9.2509
v  -97.7968 93.4963 9.5145
v  -97.7968 92.7962 11.9561
v  -98.6806 100.2631 11.4548
v  -97.7968 100.9406 11.6491
v  -99.1711 94.4527 12.4311
v  -99.1711 95.1528 9.9895
v  -99.6615 96.1318 10.2702
v  -99.6615 96.5183 13.0234
v  -99.6615 97.2184 10.5818
v  -94.7089 92.3352 9.1816
v  -95.7587 91.8654 11.6892
v  -99.6615 98.3051 10.8934
v  -99.1711 98.5839 13.6157
v  -99.1711 99.2841 11.1741
v  -98.6806 94.1738 9.7088
v  -94.7089 102.1016 11.9820
v  -95.7587 101.8713 11.9160
v  -96.9130 101.6181 11.8434
v  -97.7968 100.2404 14.0907
v  -95.8109 101.1597 14.3543
v  -92.5047 101.6181 11.8434
v  -93.6068 101.8598 11.9127
v  -91.6210 100.9406 11.6491
v  -91.6210 100.2404 14.0907
v  -92.5047 92.8188 9.3202
v  -93.6068 91.8769 11.6925
v  -93.6591 92.5656 9.2476
v  -90.2467 98.5839 13.6157
v  -90.2467 99.2841 11.1741
v  -93.6591 101.1712 14.3576
v  -90.7372 100.2631 11.4548
v  -89.7562 97.2184 10.5818
v  -89.7562 96.5183 13.0234
v  -90.2467 95.1528 9.9895
v  -90.2467 94.4527 12.4311
v  -90.7372 94.1738 9.7088
v  -91.6210 92.7962 11.9561
v  -91.6210 93.4963 9.5145
v  -89.7562 96.1318 10.2702
v  -89.7562 98.3051 10.8934
v  -94.7089 97.2184 10.5818
v  -94.7089 94.5930 19.7378
# 186 vertices

vn -0.3827 -0.8881 -0.2547
vn -0.1951 -0.9428 -0.2703
vn -0.1951 0.9428 0.2703
vn -0.3827 0.8881 0.2547
vn -0.1736 0.9467 0.2714
vn -0.5556 -0.7993 -0.2292
vn -0.7071 -0.6797 -0.1949
vn -1.0000 -0.0000 0.0000
vn -0.9808 -0.1875 -0.0538
vn -0.9239 0.3679 0.1055
vn -0.8315 0.5340 0.1531
vn -0.8315 -0.5340 -0.1531
vn -0.9239 -0.3679 -0.1055
vn -0.7071 0.6797 0.1949
vn 0.0000 -0.9613 -0.2756
vn -0.1736 -0.9467 -0.2714
vn -0.0000 0.9613 0.2756
vn -0.5556 0.7993 0.2292
vn -0.9808 0.1875 0.0538
vn 0.3827 0.8881 0.2547
vn 0.1951 0.9428 0.2703
vn 0.5556 0.7993 0.2292
vn 0.7071 0.6797 0.1949
vn 0.9239 -0.3679 -0.1055
vn 0.9808 -0.1875 -0.0538
vn 0.8315 0.5340 0.1531
vn 0.9239 0.3679 0.1055
vn 0.9808 0.1875 0.0538
vn 0.1736 0.9467 0.2714
vn 1.0000 0.0000 0.0000
vn 0.7071 -0.6797 -0.1949
vn 0.8315 -0.5340 -0.1531
vn 0.1736 -0.9467 -0.2714
vn 0.5556 -0.7993 -0.2292
vn 0.3827 -0.8881 -0.2547
vn 0.1951 -0.9428 -0.2703
vn -0.0000 0.2756 -0.9613
vn -0.1900 0.9437 0.2706
vn -0.1900 -0.9437 -0.2706
vn 0.1900 0.9437 0.2706
vn 0.1900 -0.9437 -0.2706
vn -0.4339 -0.8661 -0.2483
vn -0.2225 -0.9372 -0.2687
vn -0.6235 -0.7515 -0.2155
vn -0.7818 -0.5993 -0.1719
vn -0.7818 0.5993 0.1719
vn -0.6235 0.7515 0.2155
vn -0.9010 -0.4171 -0.1196
vn -0.9749 -0.2139 -0.0613
vn -0.2121 -0.9394 -0.2694
vn -0.9749 0.2139 0.0613
vn -0.9010 0.4171 0.1196
vn -0.2121 0.9394 0.2694
vn -0.4339 0.8661 0.2483
vn -0.2225 0.9372 0.2687
vn 0.4339 0.8661 0.2483
vn 0.2225 0.9372 0.2687
vn 0.6235 0.7515 0.2155
vn 0.7818 0.5993 0.1719
vn 0.4339 -0.8661 -0.2483
vn 0.2225 -0.9372 -0.2687
vn 0.2121 -0.9394 -0.2694
vn 0.9010 0.4171 0.1196
vn 0.9749 0.2139 0.0613
vn 0.2121 0.9394 0.2694
vn 0.9749 -0.2139 -0.0613
vn 0.7818 -0.5993 -0.1719
vn 0.9010 -0.4171 -0.1196
vn 0.6235 -0.7515 -0.2155
vn 0.0000 -0.2756 0.9613
# 70 vertex normals

vt 0.0982 0.7292 0.0000
vt 0.0491 0.7292 0.0000
vt 0.0982 0.6042 0.0000
vt 0.7363 0.7292 0.0000
vt 0.6872 0.6042 0.0000
vt 0.7418 0.6042 0.0000
vt 0.1473 0.7292 0.0000
vt 0.1473 0.6042 0.0000
vt 0.1963 0.6042 0.0000
vt 0.3927 0.6042 0.0000
vt 0.3436 0.7292 0.0000
vt 0.3436 0.6042 0.0000
vt 0.4909 0.7292 0.0000
vt 0.5400 0.6042 0.0000
vt 0.5400 0.7292 0.0000
vt 0.2454 0.6042 0.0000
vt 0.2945 0.6042 0.0000
vt 0.2454 0.7292 0.0000
vt 0.5890 0.7292 0.0000
vt 0.0000 0.7292 0.0000
vt 0.0436 0.6042 0.0000
vt 0.1963 0.7292 0.0000
vt 0.2945 0.7292 0.0000
vt 0.3927 0.7292 0.0000
vt 0.7854 0.6042 0.0000
vt 0.7854 0.7292 0.0000
vt 0.5890 0.6042 0.0000
vt 0.0000 0.6042 0.0000
vt 0.6381 0.7292 0.0000
vt 0.6872 0.7292 0.0000
vt 0.4418 0.7292 0.0000
vt 0.4418 0.6042 0.0000
vt 0.6381 0.6042 0.0000
vt 0.4909 0.6042 0.0000
vt -0.6872 0.7292 0.0000
vt -0.7363 0.7292 0.0000
vt -0.6872 0.6042 0.0000
vt -0.6381 0.7292 0.0000
vt -0.6381 0.6042 0.0000
vt -0.5890 0.6042 0.0000
vt -0.2945 0.6042 0.0000
vt -0.3436 0.7292 0.0000
vt -0.3436 0.6042 0.0000
vt -0.5400 0.6042 0.0000
vt -0.4909 0.6042 0.0000
vt -0.5400 0.7292 0.0000
vt -0.4909 0.7292 0.0000
vt -0.4418 0.6042 0.0000
vt -0.7854 0.7292 0.0000
vt -0.7418 0.6042 0.0000
vt -0.5890 0.7292 0.0000
vt -0.4418 0.7292 0.0000
vt -0.3927 0.7292 0.0000
vt -0.3927 0.6042 0.0000
vt -0.1963 0.6042 0.0000
vt -0.2454 0.7292 0.0000
vt -0.2454 0.6042 0.0000
vt -0.0436 0.7292 0.0000
vt -0.1473 0.7292 0.0000
vt -0.1473 0.6042 0.0000
vt -0.0982 0.6042 0.0000
vt -0.0982 0.7292 0.0000
vt -0.1963 0.7292 0.0000
vt -0.0491 0.6042 0.0000
vt -0.7854 0.6042 0.0000
vt -0.2945 0.7292 0.0000
vt 0.0957 5.7239 0.0000
vt 0.0000 5.7429 0.0000
vt 0.0000 5.7012 0.0000
vt 0.0797 5.6854 0.0000
vt 0.1768 5.6697 0.0000
vt 0.1473 5.6402 0.0000
vt 0.2310 5.5886 0.0000
vt 0.2500 5.4929 0.0000
vt 0.1925 5.5726 0.0000
vt 0.2083 5.4929 0.0000
vt 0.0797 5.3004 0.0000
vt 0.0000 5.2846 0.0000
vt 0.0957 5.2619 0.0000
vt 0.0000 5.2429 0.0000
vt 0.1768 5.3161 0.0000
vt 0.1925 5.4132 0.0000
vt 0.2310 5.3972 0.0000
vt 0.1473 5.3456 0.0000
vt -0.1473 5.6402 0.0000
vt -0.1768 5.6697 0.0000
vt -0.2310 5.5886 0.0000
vt -0.2500 5.4929 0.0000
vt -0.2083 5.4929 0.0000
vt -0.1925 5.5726 0.0000
vt -0.0957 5.7239 0.0000
vt -0.0797 5.6854 0.0000
vt -0.1925 5.4132 0.0000
vt -0.2310 5.3972 0.0000
vt -0.1473 5.3456 0.0000
vt -0.1768 5.3161 0.0000
vt -0.0797 5.3004 0.0000
vt -0.0957 5.2619 0.0000
vt -0.0000 5.2429 0.0000
vt 0.0818 0.8333 0.0000
vt 0.0409 0.8333 0.0000
vt 0.0818 0.7292 0.0000
vt 0.1227 0.8333 0.0000
vt 0.1227 0.7292 0.0000
vt 0.1636 0.7292 0.0000
vt 0.4909 0.8333 0.0000
vt 0.4500 0.8333 0.0000
vt 0.6147 0.7292 0.0000
vt 0.6545 0.7292 0.0000
vt 0.6545 0.8333 0.0000
vt 0.2045 0.7292 0.0000
vt 0.2045 0.8333 0.0000
vt 0.4091 0.8333 0.0000
vt 0.4500 0.7292 0.0000
vt 0.0000 0.8333 0.0000
vt 0.0398 0.7292 0.0000
vt 0.1636 0.8333 0.0000
vt 0.2863 0.8333 0.0000
vt 0.2454 0.8333 0.0000
vt 0.2863 0.7292 0.0000
vt 0.3272 0.7292 0.0000
vt 0.3272 0.8333 0.0000
vt 0.5318 0.8333 0.0000
vt 0.5318 0.7292 0.0000
vt 0.5727 0.7292 0.0000
vt 0.6136 0.8333 0.0000
vt 0.5727 0.8333 0.0000
vt 0.3682 0.8333 0.0000
vt 0.3682 0.7292 0.0000
vt 0.4091 0.7292 0.0000
vt -0.5727 0.8333 0.0000
vt -0.6136 0.8333 0.0000
vt -0.5727 0.7292 0.0000
vt -0.5318 0.8333 0.0000
vt -0.5318 0.7292 0.0000
vt -0.2863 0.8333 0.0000
vt -0.2863 0.7292 0.0000
vt -0.4500 0.7292 0.0000
vt -0.4091 0.7292 0.0000
vt -0.4500 0.8333 0.0000
vt -0.4091 0.8333 0.0000
vt -0.3682 0.7292 0.0000
vt -0.6545 0.8333 0.0000
vt -0.6147 0.7292 0.0000
vt -0.4909 0.8333 0.0000
vt -0.3682 0.8333 0.0000
vt -0.3272 0.8333 0.0000
vt -0.3272 0.7292 0.0000
vt -0.1636 0.7292 0.0000
vt -0.2045 0.8333 0.0000
vt -0.2045 0.7292 0.0000
vt -0.0398 0.8333 0.0000
vt -0.1227 0.8333 0.0000
vt -0.1227 0.7292 0.0000
vt -0.0818 0.7292 0.0000
vt -0.0818 0.8333 0.0000
vt -0.1636 0.8333 0.0000
vt -0.0409 0.7292 0.0000
vt -0.6545 0.7292 0.0000
vt -0.2454 0.8333 0.0000
vt 0.0000 5.6596 0.0000
vt 0.0723 5.6431 0.0000
vt 0.1303 5.5968 0.0000
vt 0.1625 5.5300 0.0000
vt 0.0723 5.3427 0.0000
vt 0.0000 5.3262 0.0000
vt 0.1625 5.4558 0.0000
vt 0.1303 5.3890 0.0000
vt -0.1303 5.5968 0.0000
vt -0.0723 5.6431 0.0000
vt -0.1625 5.5300 0.0000
vt -0.1625 5.4558 0.0000
vt -0.1303 5.3890 0.0000
vt -0.0723 5.3427 0.0000
vt 0.0748 0.9167 0.0000
vt 0.0374 0.9167 0.0000
vt 0.0748 0.8333 0.0000
vt 0.1122 0.9167 0.0000
vt 0.1122 0.8333 0.0000
vt 0.1496 0.8333 0.0000
vt 0.3740 0.9167 0.0000
vt 0.3740 0.8333 0.0000
vt 0.4114 0.9167 0.0000
vt 0.1870 0.8333 0.0000
vt 0.2244 0.8333 0.0000
vt 0.1870 0.9167 0.0000
vt 0.2244 0.9167 0.0000
vt 0.2618 0.8333 0.0000
vt 0.2618 0.9167 0.0000
vt 0.0000 0.9167 0.0000
vt 0.0356 0.8333 0.0000
vt 0.2992 0.9167 0.0000
vt 0.3366 0.8333 0.0000
vt 0.3366 0.9167 0.0000
vt 0.1496 0.9167 0.0000
vt 0.2992 0.8333 0.0000
vt 0.5236 0.8333 0.0000
vt 0.5236 0.9167 0.0000
vt 0.4880 0.9167 0.0000
vt 0.4488 0.9167 0.0000
vt 0.4114 0.8333 0.0000
vt 0.4488 0.8333 0.0000
vt 0.4862 0.8333 0.0000
vt -0.4488 0.9167 0.0000
vt -0.4862 0.9167 0.0000
vt -0.4488 0.8333 0.0000
vt -0.4114 0.9167 0.0000
vt -0.4114 0.8333 0.0000
vt -0.3740 0.8333 0.0000
vt -0.0748 0.9167 0.0000
vt -0.0374 0.8333 0.0000
vt -0.0356 0.9167 0.0000
vt -0.3366 0.8333 0.0000
vt -0.2992 0.8333 0.0000
vt -0.3366 0.9167 0.0000
vt -0.4880 0.8333 0.0000
vt -0.5236 0.9167 0.0000
vt -0.3740 0.9167 0.0000
vt -0.2618 0.9167 0.0000
vt -0.2618 0.8333 0.0000
vt -0.2244 0.8333 0.0000
vt -0.5236 0.8333 0.0000
vt -0.1496 0.8333 0.0000
vt -0.1870 0.9167 0.0000
vt -0.1870 0.8333 0.0000
vt -0.1496 0.9167 0.0000
vt -0.1122 0.8333 0.0000
vt -0.1122 0.9167 0.0000
vt -0.0748 0.8333 0.0000
vt -0.2244 0.9167 0.0000
vt -0.2992 0.9167 0.0000
vt 0.0000 5.4929 0.0000
vt -0.0000 5.4929 0.0000
vt -0.0000 5.7429 0.0000
# 234 texture coords

g _Revolve__1893_
usemtl plastic
s off
f 3669/5011/1769 3670/5012/1770 3671/5013/1769 
f 3672/5014/1771 3673/5015/1772 3674/5016/1773 
f 3675/5017/1774 3676/5018/1774 3677/5019/1775 
f 3678/5020/1776 3679/5021/1777 3680/5022/1777 
f 3681/5023/1778 3682/5024/1779 3683/5025/1779 
f 3684/5026/1780 3685/5027/1781 3686/5028/1780 
f 3687/5029/1782 3683/5025/1779 3682/5024/1779 
f 3670/5012/1770 3688/5030/1783 3689/5031/1784 
f 3677/5019/1775 3684/5026/1780 3690/5032/1775 
f 3676/5018/1774 3669/5011/1769 3671/5013/1769 
f 3679/5021/1777 3691/5033/1781 3680/5022/1777 
f 3691/5033/1781 3685/5027/1781 3680/5022/1777 
f 3692/5034/1776 3679/5021/1777 3678/5020/1776 
f 3685/5027/1781 3691/5033/1781 3686/5028/1780 
f 3690/5032/1775 3684/5026/1780 3686/5028/1780 
f 3674/5016/1773 3693/5035/1785 3694/5036/1785 
f 3682/5024/1779 3695/5037/1782 3687/5029/1782 
f 3688/5030/1783 3696/5038/1783 3689/5031/1784 
f 3695/5037/1782 3697/5039/1786 3687/5029/1782 
f 3671/5013/1769 3670/5012/1770 3689/5031/1784 
f 3669/5011/1769 3676/5018/1774 3675/5017/1774 
f 3673/5015/1772 3672/5014/1771 3698/5040/1772 
f 3677/5019/1775 3690/5032/1775 3675/5017/1774 
f 3699/5041/1787 3692/5034/1776 3700/5042/1787 
f 3701/5043/1786 3673/5015/1772 3698/5040/1772 
f 3682/5024/1779 3681/5023/1778 3702/5044/1778 
f 3701/5043/1786 3698/5040/1772 3697/5039/1786 
f 3702/5044/1778 3699/5041/1787 3700/5042/1787 
f 3674/5016/1773 3694/5036/1785 3672/5014/1771 
f 3697/5039/1786 3695/5037/1782 3701/5043/1786 
f 3702/5044/1778 3681/5023/1778 3699/5041/1787 
f 3692/5034/1776 3678/5020/1776 3700/5042/1787 
f 3703/5045/1788 3704/5046/1789 3705/5047/1788 
f 3706/5048/1790 3707/5049/1790 3708/5050/1791 
f 3709/5051/1792 3710/5052/1793 3711/5053/1793 
f 3712/5054/1794 3713/5055/1795 3714/5056/1794 
f 3715/5057/1795 3713/5055/1795 3716/5058/1796 
f 3704/5046/1789 3694/5059/1785 3717/5060/1797 
f 3708/5050/1791 3712/5054/1794 3718/5061/1791 
f 3707/5049/1790 3703/5045/1788 3705/5047/1788 
f 3719/5062/1796 3715/5057/1795 3716/5058/1796 
f 3718/5061/1791 3712/5054/1794 3714/5056/1794 
f 3720/5063/1798 3719/5062/1796 3721/5064/1798 
f 3713/5055/1795 3715/5057/1795 3714/5056/1794 
f 3720/5063/1798 3721/5064/1798 3711/5053/1793 
f 3721/5064/1798 3719/5062/1796 3716/5058/1796 
f 3722/5065/1799 3723/5066/1800 3724/5067/1800 
f 3696/5038/1783 3688/5030/1783 3725/5068/1801 
f 3726/5069/1802 3727/5070/1802 3728/5071/1803 
f 3728/5071/1803 3729/5072/1803 3726/5069/1802 
f 3730/5073/1799 3727/5070/1802 3726/5069/1802 
f 3731/5074/1804 3696/5038/1783 3725/5068/1801 
f 3708/5050/1791 3718/5061/1791 3706/5048/1790 
f 3711/5053/1793 3710/5052/1793 3720/5063/1798 
f 3694/5059/1785 3693/5075/1785 3717/5060/1797 
f 3727/5070/1802 3730/5073/1799 3722/5065/1799 
f 3731/5074/1804 3729/5072/1803 3728/5071/1803 
f 3705/5047/1788 3704/5046/1789 3717/5060/1797 
f 3732/5076/1792 3709/5051/1792 3724/5067/1800 
f 3703/5045/1788 3707/5049/1790 3706/5048/1790 
f 3732/5076/1792 3724/5067/1800 3723/5066/1800 
f 3709/5051/1792 3732/5076/1792 3710/5052/1793 
f 3729/5072/1803 3731/5074/1804 3725/5068/1801 
f 3722/5065/1799 3730/5073/1799 3723/5066/1800 
f 3698/5077/1805 3694/5078/1805 3733/5079/1805 
f 3733/5079/1805 3734/5080/1805 3698/5077/1805 
f 3698/5077/1805 3734/5080/1805 3687/5081/1805 
f 3687/5081/1805 3735/5082/1805 3681/5083/1805 
f 3735/5082/1805 3687/5081/1805 3734/5080/1805 
f 3692/5084/1805 3681/5083/1805 3736/5085/1805 
f 3736/5085/1805 3681/5083/1805 3735/5082/1805 
f 3692/5084/1805 3736/5085/1805 3737/5086/1805 
f 3738/5087/1805 3739/5088/1805 3669/5089/1805 
f 3688/5090/1805 3669/5089/1805 3739/5088/1805 
f 3738/5087/1805 3669/5089/1805 3690/5091/1805 
f 3692/5084/1805 3740/5092/1805 3691/5093/1805 
f 3692/5084/1805 3737/5086/1805 3740/5092/1805 
f 3691/5093/1805 3741/5094/1805 3690/5091/1805 
f 3741/5094/1805 3691/5093/1805 3740/5092/1805 
f 3690/5091/1805 3741/5094/1805 3738/5087/1805 
f 3742/5095/1805 3718/5096/1805 3715/5097/1805 
f 3720/5098/1805 3743/5099/1805 3744/5100/1805 
f 3744/5100/1805 3715/5097/1805 3720/5098/1805 
f 3742/5095/1805 3715/5097/1805 3744/5100/1805 
f 3694/5078/1805 3703/5101/1805 3733/5079/1805 
f 3745/5102/1805 3733/5079/1805 3703/5101/1805 
f 3745/5102/1805 3703/5101/1805 3718/5096/1805 
f 3718/5096/1805 3742/5095/1805 3745/5102/1805 
f 3746/5103/1805 3720/5098/1805 3732/5104/1805 
f 3746/5103/1805 3732/5104/1805 3747/5105/1805 
f 3747/5105/1805 3732/5104/1805 3730/5106/1805 
f 3747/5105/1805 3730/5106/1805 3748/5107/1805 
f 3739/5088/1805 3729/5108/1805 3688/5109/1805 
f 3729/5108/1805 3739/5088/1805 3748/5107/1805 
f 3730/5106/1805 3729/5108/1805 3748/5107/1805 
f 3746/5103/1805 3743/5099/1805 3720/5098/1805 
f 3749/5110/1769 3750/5111/1770 3738/5112/1769 
f 3751/5113/1774 3752/5114/1774 3741/5115/1775 
f 3735/5023/1782 3753/5116/1782 3754/5117/1779 
f 3755/5118/1806 3733/5119/1785 3756/5120/1785 
f 3757/5121/1780 3740/5028/1781 3758/5122/1780 
f 3759/5123/1778 3760/5124/1779 3754/5117/1779 
f 3750/5111/1770 3761/5125/1783 3762/5126/1807 
f 3741/5115/1775 3757/5121/1780 3763/5127/1775 
f 3752/5114/1774 3749/5110/1769 3738/5112/1769 
f 3764/5128/1777 3765/5129/1781 3766/5130/1777 
f 3737/5131/1776 3764/5128/1777 3766/5130/1777 
f 3767/5132/1776 3764/5128/1777 3737/5131/1776 
f 3763/5127/1775 3757/5121/1780 3758/5122/1780 
f 3765/5129/1781 3740/5028/1781 3766/5130/1777 
f 3768/5133/1786 3735/5023/1782 3769/5134/1786 
f 3754/5117/1779 3760/5124/1779 3735/5023/1782 
f 3761/5125/1783 3739/5030/1783 3762/5126/1807 
f 3734/5135/1772 3770/5136/1771 3771/5137/1772 
f 3741/5115/1775 3763/5127/1775 3751/5113/1774 
f 3740/5028/1781 3765/5129/1781 3758/5122/1780 
f 3735/5023/1782 3768/5133/1786 3753/5116/1782 
f 3738/5112/1769 3750/5111/1770 3762/5126/1807 
f 3772/5138/1787 3767/5132/1776 3773/5139/1787 
f 3770/5136/1771 3734/5135/1772 3755/5118/1806 
f 3760/5124/1779 3759/5123/1778 3736/5140/1778 
f 3769/5134/1786 3771/5137/1772 3768/5133/1786 
f 3767/5132/1776 3737/5131/1776 3773/5139/1787 
f 3755/5118/1806 3756/5120/1785 3770/5136/1771 
f 3749/5110/1769 3752/5114/1774 3751/5113/1774 
f 3736/5140/1778 3772/5138/1787 3773/5139/1787 
f 3736/5140/1778 3759/5123/1778 3772/5138/1787 
f 3769/5134/1786 3734/5135/1772 3771/5137/1772 
f 3774/5141/1788 3775/5142/1789 3745/5143/1788 
f 3776/5144/1790 3777/5145/1790 3742/5057/1791 
f 3746/5066/1792 3778/5146/1793 3779/5147/1793 
f 3780/5148/1794 3744/5149/1795 3781/5150/1794 
f 3782/5151/1795 3744/5149/1795 3783/5152/1796 
f 3775/5142/1789 3756/5153/1785 3784/5154/1808 
f 3742/5057/1791 3780/5148/1794 3785/5155/1791 
f 3777/5145/1790 3774/5141/1788 3745/5143/1788 
f 3786/5156/1796 3782/5151/1795 3783/5152/1796 
f 3785/5155/1791 3780/5148/1794 3781/5150/1794 
f 3787/5157/1798 3786/5156/1796 3743/5158/1798 
f 3744/5149/1795 3782/5151/1795 3781/5150/1794 
f 3787/5157/1798 3743/5158/1798 3779/5147/1793 
f 3743/5158/1798 3786/5156/1796 3783/5152/1796 
f 3747/5159/1799 3788/5160/1800 3789/5161/1800 
f 3739/5030/1783 3761/5125/1783 3790/5162/1809 
f 3791/5163/1802 3792/5164/1802 3748/5165/1803 
f 3748/5165/1803 3793/5166/1803 3791/5163/1802 
f 3794/5167/1799 3792/5164/1802 3791/5163/1802 
f 3795/5168/1804 3739/5030/1783 3790/5162/1809 
f 3742/5057/1791 3785/5155/1791 3776/5144/1790 
f 3779/5147/1793 3778/5146/1793 3787/5157/1798 
f 3756/5153/1785 3733/5169/1785 3784/5154/1808 
f 3792/5164/1802 3794/5167/1799 3747/5159/1799 
f 3795/5168/1804 3793/5166/1803 3748/5165/1803 
f 3745/5143/1788 3775/5142/1789 3784/5154/1808 
f 3796/5170/1792 3746/5066/1792 3789/5161/1800 
f 3774/5141/1788 3777/5145/1790 3776/5144/1790 
f 3796/5170/1792 3789/5161/1800 3788/5160/1800 
f 3746/5066/1792 3796/5170/1792 3778/5146/1793 
f 3793/5166/1803 3795/5168/1804 3790/5162/1809 
f 3747/5159/1799 3794/5167/1799 3788/5160/1800 
f 3771/5080/1805 3756/5079/1805 3797/5171/1805 
f 3797/5171/1805 3798/5172/1805 3771/5080/1805 
f 3771/5080/1805 3798/5172/1805 3753/5082/1805 
f 3753/5082/1805 3799/5173/1805 3759/5085/1805 
f 3799/5173/1805 3753/5082/1805 3798/5172/1805 
f 3759/5085/1805 3800/5174/1805 3767/5086/1805 
f 3800/5174/1805 3759/5085/1805 3799/5173/1805 
f 3801/5175/1805 3802/5176/1805 3749/5087/1805 
f 3761/5088/1805 3749/5087/1805 3802/5176/1805 
f 3801/5175/1805 3749/5087/1805 3763/5094/1805 
f 3767/5086/1805 3803/5177/1805 3765/5092/1805 
f 3767/5086/1805 3800/5174/1805 3803/5177/1805 
f 3765/5092/1805 3804/5178/1805 3763/5094/1805 
f 3804/5178/1805 3765/5092/1805 3803/5177/1805 
f 3763/5094/1805 3804/5178/1805 3801/5175/1805 
f 3785/5095/1805 3805/5179/1805 3806/5180/1805 
f 3805/5179/1805 3785/5095/1805 3782/5100/1805 
f 3782/5100/1805 3807/5181/1805 3805/5179/1805 
f 3807/5181/1805 3782/5100/1805 3787/5099/1805 
f 3756/5079/1805 3774/5102/1805 3797/5171/1805 
f 3806/5180/1805 3797/5171/1805 3774/5102/1805 
f 3774/5102/1805 3785/5095/1805 3806/5180/1805 
f 3808/5182/1805 3787/5099/1805 3796/5103/1805 
f 3808/5182/1805 3796/5103/1805 3809/5183/1805 
f 3809/5183/1805 3796/5103/1805 3794/5105/1805 
f 3809/5183/1805 3794/5105/1805 3810/5184/1805 
f 3802/5176/1805 3793/5107/1805 3761/5088/1805 
f 3793/5107/1805 3802/5176/1805 3810/5184/1805 
f 3794/5105/1805 3793/5107/1805 3810/5184/1805 
f 3808/5182/1805 3807/5181/1805 3787/5099/1805 
f 3811/5185/1810 3812/5186/1811 3801/5187/1810 
f 3813/5188/1812 3814/5189/1812 3804/5190/1813 
f 3815/5191/1814 3799/5192/1814 3816/5193/1815 
f 3817/5194/1816 3803/5195/1817 3818/5196/1816 
f 3819/5197/1817 3820/5198/1776 3821/5199/1776 
f 3812/5186/1811 3822/5200/1783 3823/5201/1818 
f 3824/5202/1819 3825/5203/1820 3826/5204/1820 
f 3814/5189/1812 3811/5185/1810 3801/5187/1810 
f 3817/5194/1816 3827/5205/1813 3804/5190/1813 
f 3799/5192/1814 3815/5191/1814 3826/5204/1820 
f 3821/5199/1776 3820/5198/1776 3800/5206/1819 
f 3800/5206/1819 3824/5202/1819 3821/5199/1776 
f 3799/5192/1814 3826/5204/1820 3825/5203/1820 
f 3811/5185/1810 3814/5189/1812 3813/5188/1812 
f 3797/5207/1785 3828/5208/1785 3829/5209/1821 
f 3801/5187/1810 3812/5186/1811 3823/5201/1818 
f 3827/5205/1813 3817/5194/1816 3818/5196/1816 
f 3830/5210/1822 3831/5211/1815 3798/5212/1822 
f 3804/5190/1813 3827/5205/1813 3813/5188/1812 
f 3824/5202/1819 3800/5206/1819 3825/5203/1820 
f 3822/5200/1783 3802/5125/1783 3823/5201/1818 
f 3797/5207/1785 3829/5209/1821 3832/5213/1823 
f 3831/5211/1815 3830/5210/1822 3816/5193/1815 
f 3803/5195/1817 3819/5197/1817 3818/5196/1816 
f 3798/5212/1822 3832/5213/1823 3830/5210/1822 
f 3803/5195/1817 3820/5198/1776 3819/5197/1817 
f 3816/5193/1815 3799/5192/1814 3831/5211/1815 
f 3830/5210/1822 3832/5213/1823 3829/5209/1821 
f 3833/5214/1824 3834/5215/1825 3806/5216/1824 
f 3835/5217/1826 3836/5218/1826 3805/5219/1827 
f 3837/5220/1828 3838/5221/1829 3839/5222/1830 
f 3840/5223/1831 3807/5224/1832 3841/5225/1831 
f 3806/5216/1824 3834/5215/1825 3842/5226/1833 
f 3834/5215/1825 3828/5227/1785 3842/5226/1833 
f 3833/5214/1824 3836/5218/1826 3835/5217/1826 
f 3836/5218/1826 3833/5214/1824 3806/5216/1824 
f 3840/5223/1831 3843/5228/1827 3805/5219/1827 
f 3805/5219/1827 3843/5228/1827 3835/5217/1826 
f 3844/5229/1798 3845/5230/1798 3808/5231/1834 
f 3828/5227/1785 3797/5232/1785 3842/5226/1833 
f 3809/5233/1835 3846/5234/1836 3847/5235/1836 
f 3848/5236/1835 3849/5237/1837 3850/5238/1837 
f 3850/5238/1837 3849/5237/1837 3810/5239/1828 
f 3851/5240/1834 3847/5235/1836 3846/5234/1836 
f 3810/5239/1828 3837/5220/1828 3850/5238/1837 
f 3838/5221/1829 3802/5125/1783 3839/5222/1830 
f 3843/5228/1827 3840/5223/1831 3841/5225/1831 
f 3851/5240/1834 3808/5231/1834 3847/5235/1836 
f 3852/5241/1832 3845/5230/1798 3844/5229/1798 
f 3849/5237/1837 3848/5236/1835 3809/5233/1835 
f 3838/5221/1829 3837/5220/1828 3810/5239/1828 
f 3808/5231/1834 3851/5240/1834 3844/5229/1798 
f 3809/5233/1835 3848/5236/1835 3846/5234/1836 
f 3807/5224/1832 3845/5230/1798 3852/5241/1832 
f 3802/5125/1783 3822/5200/1783 3839/5222/1830 
f 3807/5224/1832 3852/5241/1832 3841/5225/1831 
f 3853/5242/1805 3815/5173/1805 3830/5172/1805 
f 3853/5242/1805 3824/5174/1805 3815/5173/1805 
f 3830/5172/1805 3828/5171/1805 3853/5242/1805 
f 3853/5242/1805 3822/5176/1805 3811/5175/1805 
f 3853/5242/1805 3827/5178/1805 3819/5177/1805 
f 3827/5178/1805 3853/5242/1805 3811/5175/1805 
f 3853/5242/1805 3819/5177/1805 3824/5174/1805 
f 3833/5180/1805 3843/5179/1805 3853/5242/1805 
f 3853/5242/1805 3828/5171/1805 3833/5180/1805 
f 3853/5242/1805 3843/5179/1805 3852/5181/1805 
f 3851/5182/1805 3848/5183/1805 3853/5242/1805 
f 3853/5242/1805 3837/5184/1805 3822/5176/1805 
f 3837/5184/1805 3853/5242/1805 3848/5183/1805 
f 3851/5182/1805 3853/5242/1805 3852/5181/1805 
f 3673/5101/1838 3854/5243/1838 3693/5244/1838 
f 3673/5101/1838 3695/5096/1838 3854/5243/1838 
f 3702/5097/1838 3854/5243/1838 3695/5096/1838 
f 3702/5097/1838 3678/5098/1838 3854/5243/1838 
f 3671/5108/1838 3854/5243/1838 3677/5106/1838 
f 3854/5243/1838 3678/5098/1838 3685/5104/1838 
f 3685/5104/1838 3677/5106/1838 3854/5243/1838 
f 3671/5108/1838 3696/5109/1838 3854/5243/1838 
f 3708/5081/1838 3854/5243/1838 3713/5083/1838 
f 3708/5081/1838 3705/5077/1838 3854/5243/1838 
f 3854/5243/1838 3705/5077/1838 3693/5244/1838 
f 3854/5243/1838 3721/5084/1838 3713/5083/1838 
f 3854/5243/1838 3722/5091/1838 3709/5093/1838 
f 3696/5090/1838 3728/5089/1838 3854/5243/1838 
f 3722/5091/1838 3854/5243/1838 3728/5089/1838 
f 3721/5084/1838 3854/5243/1838 3709/5093/1838 
# 276 faces

#
# object _Extrusion__1905_
#

v  -94.3426 88.1968 36.4003
v  -93.8334 88.4325 36.4678
v  -93.4810 88.8573 36.5896
v  -94.9078 90.5771 37.0828
v  -95.7694 88.8573 36.5896
v  -94.9078 88.1968 36.4003
v  -95.4170 88.4325 36.4678
v  -93.3552 89.3870 36.7415
v  -94.3426 90.5771 37.0828
v  -93.8334 90.3414 37.0152
v  -95.7694 89.9166 36.8934
v  -95.8952 89.3870 36.7415
v  -95.4170 90.3414 37.0152
v  -93.4810 89.9166 36.8934
v  -93.3552 94.2878 19.6503
v  -94.3426 95.4780 19.9916
v  -93.8334 95.2422 19.9240
v  -93.4810 93.7581 19.4984
v  -94.9078 95.4780 19.9916
v  -95.4170 95.2422 19.9240
v  -95.7694 94.8175 19.8022
v  -95.7694 93.7581 19.4984
v  -95.8952 94.2878 19.6503
v  -93.4810 94.8175 19.8022
v  -94.3426 93.0976 19.3090
v  -93.8334 93.3333 19.3766
v  -95.4170 93.3333 19.3766
v  -94.9078 93.0976 19.3090
v  -95.5934 90.7260 29.0899
v  -94.6252 90.6166 27.8459
v  -95.8952 92.8168 24.7802
v  -93.3552 92.8168 24.7802
v  -93.6570 90.7260 29.0899
v  -93.6570 92.3061 29.5430
v  -94.6252 93.0582 28.5460
v  -95.5934 92.3061 29.5430
# 36 vertices

vn 0.0000 -0.2756 0.9613
vn -0.0000 0.2756 -0.9613
vn -0.7623 -0.6221 -0.1784
vn -0.9010 -0.4171 -0.1196
vn -0.6235 -0.7515 -0.2155
vn -0.2225 -0.9372 -0.2687
vn -0.0000 -0.9613 -0.2756
vn -1.0000 -0.0000 0.0000
vn 0.2225 -0.9372 -0.2687
vn 0.6235 -0.7515 -0.2155
vn 0.9010 -0.4171 -0.1196
vn 1.0000 -0.0000 -0.0000
vn 0.7623 -0.6221 -0.1784
vn 0.7623 0.6221 0.1784
vn 0.9010 0.4171 0.1196
vn 0.6235 0.7515 0.2155
vn 0.2225 0.9372 0.2687
vn -0.0000 0.9613 0.2756
vn -0.6235 0.7515 0.2155
vn -0.2225 0.9372 0.2687
vn -0.7623 0.6221 0.1784
vn -0.9010 0.4171 0.1196
# 22 vertex normals

vt 0.1418 0.8966 0.0000
vt 0.1585 0.9047 0.0000
vt 0.1700 0.9192 0.0000
vt 0.1232 0.9779 0.0000
vt 0.0950 0.9192 0.0000
vt 0.1232 0.8966 0.0000
vt 0.1065 0.9047 0.0000
vt 0.1742 0.9372 0.0000
vt 0.1418 0.9779 0.0000
vt 0.1585 0.9698 0.0000
vt 0.0950 0.9553 0.0000
vt 0.0908 0.9372 0.0000
vt 0.1065 0.9698 0.0000
vt 0.1700 0.9553 0.0000
vt -0.1742 0.9372 0.0000
vt -0.1418 0.9779 0.0000
vt -0.1585 0.9698 0.0000
vt -0.1700 0.9192 0.0000
vt -0.1232 0.9779 0.0000
vt -0.1065 0.9698 0.0000
vt -0.0950 0.9553 0.0000
vt -0.0950 0.9192 0.0000
vt -0.0908 0.9372 0.0000
vt -0.1700 0.9553 0.0000
vt -0.1418 0.8966 0.0000
vt -0.1585 0.9047 0.0000
vt -0.1065 0.9047 0.0000
vt -0.1232 0.8966 0.0000
vt -0.0752 -1.4969 0.0000
vt -0.0300 -1.1700 0.0000
vt -0.0486 -1.1680 0.0000
vt -0.0672 -1.1660 0.0000
vt -0.1071 -1.4551 0.0000
vt -0.1284 -1.7462 0.0000
vt -0.0114 -1.1719 0.0000
vt -0.0298 -1.3460 0.0000
vt -0.0858 -1.1641 0.0000
vt -0.1044 -1.1621 0.0000
vt -0.0912 -1.7501 0.0000
vt -0.0726 -1.7520 0.0000
vt -0.1098 -1.7481 0.0000
vt -0.1230 -1.1602 0.0000
vt -0.1599 -1.3323 0.0000
vt -0.1470 -1.4894 0.0000
vt -0.1416 -1.1582 0.0000
vt -0.2027 -1.7383 0.0000
vt -0.1841 -1.7403 0.0000
vt -0.1470 -1.7442 0.0000
vt -0.1656 -1.7422 0.0000
vt -0.2053 -1.4832 0.0000
vt -0.1602 -1.1562 0.0000
vt -0.1788 -1.1543 0.0000
vt -0.2585 -1.7324 0.0000
vt -0.2373 -1.4414 0.0000
vt -0.2346 -1.1484 0.0000
vt -0.2160 -1.1504 0.0000
vt -0.2772 -1.4757 0.0000
vt -0.3329 -1.7246 0.0000
vt -0.3143 -1.7266 0.0000
vt -0.1974 -1.1523 0.0000
vt -0.2771 -1.7305 0.0000
vt -0.2957 -1.7285 0.0000
vt -0.2213 -1.7364 0.0000
vt -0.2532 -1.1464 0.0000
vt -0.2901 -1.3186 0.0000
vt -0.2399 -1.7344 0.0000
vt -0.2718 -1.1445 0.0000
# 67 texture coords

g _Extrusion__1905_
usemtl metal
s off
f 3855/5245/1839 3856/5246/1839 3857/5247/1839 
f 3858/5248/1839 3859/5249/1839 3857/5247/1839 
f 3860/5250/1839 3855/5245/1839 3861/5251/1839 
f 3859/5249/1839 3861/5251/1839 3855/5245/1839 
f 3855/5245/1839 3857/5247/1839 3859/5249/1839 
f 3857/5247/1839 3862/5252/1839 3863/5253/1839 
f 3864/5254/1839 3863/5253/1839 3862/5252/1839 
f 3863/5253/1839 3858/5248/1839 3857/5247/1839 
f 3859/5249/1839 3865/5255/1839 3866/5256/1839 
f 3858/5248/1839 3867/5257/1839 3865/5255/1839 
f 3858/5248/1839 3865/5255/1839 3859/5249/1839 
f 3864/5254/1839 3862/5252/1839 3868/5258/1839 
f 3869/5259/1840 3870/5260/1840 3871/5261/1840 
f 3872/5262/1840 3873/5263/1840 3870/5260/1840 
f 3874/5264/1840 3873/5263/1840 3875/5265/1840 
f 3876/5266/1840 3875/5265/1840 3873/5263/1840 
f 3875/5265/1840 3876/5266/1840 3877/5267/1840 
f 3878/5268/1840 3869/5259/1840 3871/5261/1840 
f 3873/5263/1840 3872/5262/1840 3876/5266/1840 
f 3879/5269/1840 3872/5262/1840 3880/5270/1840 
f 3881/5271/1840 3876/5266/1840 3879/5269/1840 
f 3879/5269/1840 3882/5272/1840 3881/5271/1840 
f 3876/5266/1840 3872/5262/1840 3879/5269/1840 
f 3872/5262/1840 3870/5260/1840 3869/5259/1840 
f 3883/5273/1841 3876/5274/1842 3881/5275/1843 
f 3882/5276/1844 3884/5277/1845 3881/5275/1843 
f 3884/5277/1845 3860/5278/1844 3883/5273/1841 
f 3883/5273/1841 3881/5275/1843 3884/5277/1845 
f 3877/5279/1846 3876/5274/1842 3885/5280/1846 
f 3884/5277/1845 3879/5281/1847 3880/5282/1848 
f 3883/5273/1841 3859/5283/1842 3866/5284/1846 
f 3866/5284/1846 3885/5280/1846 3883/5273/1841 
f 3883/5273/1841 3860/5278/1844 3861/5285/1843 
f 3882/5276/1844 3879/5281/1847 3884/5277/1845 
f 3872/5286/1849 3886/5287/1850 3887/5288/1851 
f 3859/5283/1842 3883/5273/1841 3861/5285/1843 
f 3869/5289/1850 3886/5287/1850 3872/5286/1849 
f 3887/5288/1851 3862/5290/1850 3857/5291/1849 
f 3887/5288/1851 3855/5292/1847 3884/5277/1845 
f 3880/5282/1848 3887/5288/1851 3884/5277/1845 
f 3856/5293/1848 3887/5288/1851 3857/5291/1849 
f 3872/5286/1849 3887/5288/1851 3880/5282/1848 
f 3855/5292/1847 3887/5288/1851 3856/5293/1848 
f 3887/5288/1851 3886/5287/1850 3862/5290/1850 
f 3855/5292/1847 3860/5278/1844 3884/5277/1845 
f 3883/5273/1841 3885/5280/1846 3876/5274/1842 
f 3888/5294/1852 3878/5295/1853 3871/5296/1854 
f 3888/5294/1852 3886/5287/1850 3878/5295/1853 
f 3863/5297/1855 3888/5294/1852 3889/5298/1856 
f 3874/5299/1857 3889/5298/1856 3873/5300/1858 
f 3890/5301/1859 3866/5302/1846 3865/5303/1860 
f 3870/5304/1855 3889/5298/1856 3871/5296/1854 
f 3858/5305/1858 3890/5301/1859 3867/5306/1857 
f 3869/5289/1850 3878/5295/1853 3886/5287/1850 
f 3888/5294/1852 3871/5296/1854 3889/5298/1856 
f 3862/5290/1850 3888/5294/1852 3868/5307/1853 
f 3862/5290/1850 3886/5287/1850 3888/5294/1852 
f 3858/5305/1858 3863/5297/1855 3889/5298/1856 
f 3873/5300/1858 3889/5298/1856 3870/5304/1855 
f 3875/5308/1860 3885/5309/1846 3890/5301/1859 
f 3890/5301/1859 3885/5309/1846 3866/5302/1846 
f 3868/5307/1853 3888/5294/1852 3864/5310/1854 
f 3877/5311/1846 3885/5309/1846 3875/5308/1860 
f 3889/5298/1856 3890/5301/1859 3858/5305/1858 
f 3867/5306/1857 3890/5301/1859 3865/5303/1860 
f 3875/5308/1860 3890/5301/1859 3874/5299/1857 
f 3874/5299/1857 3890/5301/1859 3889/5298/1856 
f 3888/5294/1852 3863/5297/1855 3864/5310/1854 
# 68 faces

#
# object _Revolve__1909_
#

v  -94.7089 97.0170 38.9294
v  -94.7089 89.6922 36.8290
v  -97.6249 96.4594 38.7695
v  -100.0970 94.8716 38.3142
v  -101.7488 92.4952 37.6328
v  -102.3289 89.6922 36.8290
v  -100.0970 84.5127 35.3439
v  -97.6249 82.9249 34.8886
v  -101.7488 86.8891 36.0253
v  -94.7089 82.3673 34.7287
v  -87.6689 92.4952 37.6328
v  -89.3207 94.8716 38.3142
v  -91.7928 96.4594 38.7695
v  -87.0889 89.6922 36.8290
v  -87.6689 86.8891 36.0253
v  -89.3207 84.5127 35.3439
v  -91.7928 82.9249 34.8886
v  -96.9130 91.4663 47.2466
v  -98.6806 90.1113 46.8581
v  -94.7089 87.0667 45.9851
v  -99.6615 88.1533 46.2966
v  -94.7089 91.9499 47.3853
v  -96.9130 82.6671 44.7235
v  -94.7089 82.1835 44.5848
v  -99.6615 85.9801 45.6735
v  -98.6806 84.0221 45.1120
v  -90.7372 90.1113 46.8581
v  -92.5047 91.4663 47.2466
v  -89.7562 88.1533 46.2966
v  -90.7372 84.0221 45.1120
v  -89.7562 85.9801 45.6735
v  -92.5047 82.6671 44.7235
v  -96.9130 83.3672 42.2819
v  -95.8109 82.4253 44.6542
v  -97.7968 84.0447 42.4762
v  -96.9130 92.1665 44.8050
v  -97.7968 91.4890 44.6108
v  -98.6806 90.8115 44.4165
v  -97.7968 90.7888 47.0524
v  -99.1711 85.7012 42.9511
v  -98.6806 84.7222 42.6704
v  -99.6615 87.0667 45.9851
v  -99.6615 88.8534 43.8550
v  -99.6615 87.7668 43.5435
v  -95.7587 83.1140 42.2093
v  -99.1711 89.8325 44.1358
v  -99.1711 89.1323 46.5774
v  -97.7968 83.3446 44.9178
v  -99.1711 85.0011 45.3927
v  -99.6615 86.6802 43.2319
v  -95.8109 92.4082 44.8744
v  -94.7089 82.8836 42.1432
v  -95.7587 91.7196 47.3192
v  -94.7089 92.6500 44.9437
v  -92.5047 92.1665 44.8050
v  -93.6068 91.7081 47.3160
v  -91.6210 91.4890 44.6108
v  -93.6068 83.1254 42.2126
v  -93.6591 82.4138 44.6509
v  -90.2467 89.8325 44.1358
v  -90.7372 90.8115 44.4165
v  -93.6591 92.4197 44.8777
v  -91.6210 90.7888 47.0524
v  -90.2467 89.1323 46.5774
v  -89.7562 88.8534 43.8550
v  -89.7562 86.6802 43.2319
v  -89.7562 87.0667 45.9851
v  -90.2467 85.7012 42.9511
v  -91.6210 84.0447 42.4762
v  -91.6210 83.3446 44.9178
v  -90.7372 84.7222 42.6704
v  -90.2467 85.0011 45.3927
v  -92.5047 83.3672 42.2819
v  -89.7562 87.7668 43.5435
v  -94.7089 93.8708 45.2937
v  -97.1389 93.4062 45.1605
v  -99.1990 92.0830 44.7811
v  -100.5755 90.1027 44.2133
v  -101.0589 87.7668 43.5435
v  -97.1389 82.1275 41.9264
v  -94.7089 81.6628 41.7932
v  -99.1990 83.4506 42.3058
v  -100.5755 85.4309 42.8736
v  -90.2188 92.0830 44.7811
v  -88.8422 90.1027 44.2133
v  -88.3589 87.7668 43.5435
v  -92.2788 93.4062 45.1605
v  -88.8422 85.4309 42.8736
v  -90.2188 83.4506 42.3058
v  -92.2788 82.1275 41.9264
v  -97.1389 83.0026 38.8744
v  -95.9239 81.8951 41.8598
v  -99.8873 91.9680 41.4452
v  -99.8873 91.0929 44.4972
v  -99.8873 85.3159 39.5377
v  -99.1990 84.3258 39.2538
v  -100.8172 86.5989 43.2086
v  -101.0589 88.6420 40.4915
v  -100.8172 87.4740 40.1565
v  -99.1990 92.9582 41.7291
v  -98.1690 92.7446 44.9708
v  -98.1690 93.6198 41.9188
v  -98.1690 83.6642 39.0641
v  -94.7089 94.7460 42.2417
v  -95.8920 94.5198 42.1769
v  -95.8920 82.7642 38.8060
v  -99.8873 84.4408 42.5897
v  -100.5755 86.3061 39.8216
v  -98.1690 82.7891 42.1161
v  -100.5755 90.9779 41.1613
v  -97.1389 94.2813 42.1085
v  -100.8172 89.8099 40.8264
v  -95.9239 93.6385 45.2271
v  -100.8172 88.9348 43.8784
v  -94.7089 82.5380 38.7411
v  -92.2788 94.2813 42.1085
v  -93.4939 93.6385 45.2271
v  -91.2488 92.7446 44.9708
v  -90.2188 92.9582 41.7291
v  -89.5305 91.9680 41.4452
v  -91.2488 93.6198 41.9188
v  -88.6006 88.9348 43.8784
v  -88.3589 88.6420 40.4915
v  -88.6006 89.8099 40.8264
v  -88.8422 90.9779 41.1613
v  -93.5258 94.5198 42.1769
v  -89.5305 91.0929 44.4972
v  -93.4939 82.7703 38.8078
v  -93.5258 81.8890 41.8580
v  -89.5305 84.4408 42.5897
v  -90.2188 84.3258 39.2538
v  -89.5305 85.3159 39.5377
v  -88.8422 86.3061 39.8216
v  -92.2788 83.0026 38.8744
v  -91.2488 83.6642 39.0641
v  -88.6006 86.5989 43.2086
v  -88.6006 87.4740 40.1565
v  -91.2488 82.7891 42.1161
v  -94.7089 95.9668 42.5918
v  -97.6249 95.4092 42.4319
v  -100.0970 93.8214 41.9766
v  -101.7488 91.4451 41.2952
v  -102.3289 88.6420 40.4915
v  -97.6249 81.8747 38.5510
v  -94.7089 81.3172 38.3911
v  -100.0970 83.4626 39.0063
v  -101.7488 85.8389 39.6877
v  -87.6689 91.4451 41.2952
v  -89.3207 93.8214 41.9766
v  -87.0889 88.6420 40.4915
v  -91.7928 95.4092 42.4319
v  -87.6689 85.8389 39.6877
v  -89.3207 83.4626 39.0063
v  -91.7928 81.8747 38.5510
v  -96.1669 81.5959 38.4710
v  -102.0389 88.2906 36.4272
v  -100.9229 85.7009 35.6846
v  -98.8610 82.6686 38.7786
v  -102.0389 90.0435 40.8933
v  -98.8610 83.7188 35.1162
v  -100.9229 93.6834 37.9735
v  -100.9229 92.6332 41.6359
v  -96.0049 82.6152 34.7997
v  -100.9229 84.6507 39.3470
v  -102.0389 87.2404 40.0896
v  -102.0389 91.0937 37.2309
v  -98.8610 95.6655 38.5419
v  -98.8610 94.6153 42.2043
v  -96.1669 96.7382 38.8495
v  -96.1669 95.6880 42.5119
v  -93.2509 95.6880 42.5119
v  -90.5568 94.6153 42.2043
v  -88.4948 93.6834 37.9735
v  -90.5568 95.6655 38.5419
v  -87.3789 90.0435 40.8933
v  -87.3789 91.0937 37.2309
v  -93.4129 96.7692 38.8583
v  -88.4948 92.6332 41.6359
v  -93.2509 82.6461 34.8086
v  -93.4129 81.5650 38.4622
v  -88.4948 84.6507 39.3470
v  -88.4948 85.7009 35.6846
v  -90.5568 83.7188 35.1162
v  -87.3789 87.2404 40.0896
v  -87.3789 88.2906 36.4272
v  -90.5568 82.6686 38.7786
# 186 vertices

vn 0.0000 0.2756 -0.9613
vn -0.0000 -0.2756 0.9613
vn -0.4339 -0.8661 -0.2483
vn -0.2225 -0.9372 -0.2687
vn -0.6235 -0.7515 -0.2155
vn -0.4339 0.8661 0.2483
vn -0.6235 0.7515 0.2155
vn -0.7818 0.5993 0.1719
vn -0.7818 -0.5993 -0.1719
vn -0.9010 -0.4171 -0.1196
vn -1.0000 -0.0000 -0.0000
vn -0.9749 0.2139 0.0613
vn -0.2121 -0.9394 -0.2694
vn -0.0000 -0.9613 -0.2756
vn -0.9010 0.4171 0.1196
vn -0.9749 -0.2139 -0.0613
vn -0.2225 0.9372 0.2687
vn -0.2121 0.9394 0.2694
vn -0.0000 0.9613 0.2756
vn 0.4339 0.8661 0.2483
vn 0.2225 0.9372 0.2687
vn 0.6235 0.7515 0.2155
vn 0.2225 -0.9372 -0.2687
vn 0.4339 -0.8661 -0.2483
vn 0.2121 -0.9394 -0.2694
vn 0.7818 0.5993 0.1719
vn 0.9010 0.4171 0.1196
vn 0.2121 0.9394 0.2694
vn 0.9749 0.2139 0.0613
vn 0.9749 -0.2139 -0.0613
vn 1.0000 0.0000 0.0000
vn 0.9010 -0.4171 -0.1196
vn 0.6235 -0.7515 -0.2155
vn 0.7818 -0.5993 -0.1719
vn -0.3827 -0.8881 -0.2547
vn -0.1951 -0.9428 -0.2703
vn -0.8315 0.5340 0.1531
vn -0.9239 0.3679 0.1055
vn -0.7071 -0.6797 -0.1949
vn -0.8315 -0.5340 -0.1531
vn -0.9808 -0.1875 -0.0538
vn -0.7071 0.6797 0.1949
vn -0.5556 0.7993 0.2292
vn -0.5556 -0.7993 -0.2292
vn -0.1900 0.9437 0.2706
vn -0.1900 -0.9437 -0.2706
vn -0.9239 -0.3679 -0.1055
vn -0.3827 0.8881 0.2547
vn -0.9808 0.1875 0.0538
vn -0.1951 0.9428 0.2703
vn 0.3827 0.8881 0.2547
vn 0.1951 0.9428 0.2703
vn 0.5556 0.7993 0.2292
vn 0.7071 0.6797 0.1949
vn 0.8315 0.5340 0.1531
vn 0.9808 0.1875 0.0538
vn 0.9239 0.3679 0.1055
vn 0.1900 0.9437 0.2706
vn 0.1951 -0.9428 -0.2703
vn 0.3827 -0.8881 -0.2547
vn 0.1900 -0.9437 -0.2706
vn 0.8315 -0.5340 -0.1531
vn 0.7071 -0.6797 -0.1949
vn 0.9239 -0.3679 -0.1055
vn 0.5556 -0.7993 -0.2292
vn 0.9808 -0.1875 -0.0538
vn -0.1736 -0.9467 -0.2714
vn 0.1736 0.9467 0.2714
vn 0.1736 -0.9467 -0.2714
# 69 vertex normals

vt -0.0000 5.7429 0.0000
vt -0.0000 5.4929 0.0000
vt 0.0957 5.7239 0.0000
vt 0.1768 5.6697 0.0000
vt 0.2310 5.5886 0.0000
vt 0.2500 5.4929 0.0000
vt 0.1768 5.3161 0.0000
vt 0.0957 5.2619 0.0000
vt 0.2310 5.3972 0.0000
vt -0.0000 5.2429 0.0000
vt -0.2310 5.5886 0.0000
vt -0.1768 5.6697 0.0000
vt -0.0957 5.7239 0.0000
vt -0.2500 5.4929 0.0000
vt -0.2310 5.3972 0.0000
vt -0.1768 5.3161 0.0000
vt -0.0957 5.2619 0.0000
vt -0.0723 5.6431 0.0000
vt -0.1303 5.5968 0.0000
vt 0.0000 5.4929 0.0000
vt -0.1625 5.5300 0.0000
vt 0.0000 5.6596 0.0000
vt -0.0723 5.3427 0.0000
vt 0.0000 5.3262 0.0000
vt -0.1625 5.4558 0.0000
vt -0.1303 5.3890 0.0000
vt 0.1303 5.5968 0.0000
vt 0.0723 5.6431 0.0000
vt 0.1625 5.5300 0.0000
vt 0.1303 5.3890 0.0000
vt 0.1625 5.4558 0.0000
vt 0.0723 5.3427 0.0000
vt 0.0748 -0.8333 0.0000
vt 0.0374 -0.9167 0.0000
vt 0.0748 -0.9167 0.0000
vt 0.1122 -0.8333 0.0000
vt 0.4488 -0.9167 0.0000
vt 0.4488 -0.8333 0.0000
vt 0.4114 -0.8333 0.0000
vt 0.3740 -0.8333 0.0000
vt 0.4114 -0.9167 0.0000
vt 0.1496 -0.9167 0.0000
vt 0.1870 -0.8333 0.0000
vt 0.1496 -0.8333 0.0000
vt 0.2618 -0.9167 0.0000
vt 0.2992 -0.8333 0.0000
vt 0.2618 -0.8333 0.0000
vt 0.0356 -0.8333 0.0000
vt 0.0000 -0.9167 0.0000
vt 0.3366 -0.8333 0.0000
vt 0.2992 -0.9167 0.0000
vt 0.3366 -0.9167 0.0000
vt 0.1122 -0.9167 0.0000
vt 0.1870 -0.9167 0.0000
vt 0.2244 -0.8333 0.0000
vt 0.2244 -0.9167 0.0000
vt 0.4862 -0.8333 0.0000
vt 0.0000 -0.8333 0.0000
vt 0.4880 -0.9167 0.0000
vt 0.5236 -0.8333 0.0000
vt 0.3740 -0.9167 0.0000
vt 0.5236 -0.9167 0.0000
vt -0.4488 -0.8333 0.0000
vt -0.4862 -0.9167 0.0000
vt -0.4488 -0.9167 0.0000
vt -0.4114 -0.8333 0.0000
vt -0.0374 -0.8333 0.0000
vt -0.0748 -0.9167 0.0000
vt -0.0356 -0.9167 0.0000
vt -0.3740 -0.9167 0.0000
vt -0.3366 -0.8333 0.0000
vt -0.3740 -0.8333 0.0000
vt -0.5236 -0.9167 0.0000
vt -0.4880 -0.8333 0.0000
vt -0.5236 -0.8333 0.0000
vt -0.4114 -0.9167 0.0000
vt -0.3366 -0.9167 0.0000
vt -0.2992 -0.8333 0.0000
vt -0.2244 -0.8333 0.0000
vt -0.2618 -0.9167 0.0000
vt -0.2244 -0.9167 0.0000
vt -0.1870 -0.8333 0.0000
vt -0.1122 -0.8333 0.0000
vt -0.1496 -0.9167 0.0000
vt -0.1122 -0.9167 0.0000
vt -0.1496 -0.8333 0.0000
vt -0.1870 -0.9167 0.0000
vt -0.0748 -0.8333 0.0000
vt -0.2618 -0.8333 0.0000
vt -0.2992 -0.9167 0.0000
vt 0.0000 5.7012 0.0000
vt -0.0797 5.6854 0.0000
vt -0.1473 5.6402 0.0000
vt -0.1925 5.5726 0.0000
vt -0.2083 5.4929 0.0000
vt -0.0797 5.3004 0.0000
vt 0.0000 5.2846 0.0000
vt -0.1473 5.3456 0.0000
vt -0.1925 5.4132 0.0000
vt 0.1473 5.6402 0.0000
vt 0.1925 5.5726 0.0000
vt 0.2083 5.4929 0.0000
vt 0.0797 5.6854 0.0000
vt 0.1925 5.4132 0.0000
vt 0.1473 5.3456 0.0000
vt 0.0797 5.3004 0.0000
vt 0.0818 -0.7292 0.0000
vt 0.0409 -0.8333 0.0000
vt 0.0818 -0.8333 0.0000
vt 0.4500 -0.7292 0.0000
vt 0.4091 -0.8333 0.0000
vt 0.4500 -0.8333 0.0000
vt 0.1636 -0.8333 0.0000
vt 0.2045 -0.7292 0.0000
vt 0.1636 -0.7292 0.0000
vt 0.2863 -0.8333 0.0000
vt 0.3272 -0.7292 0.0000
vt 0.2863 -0.7292 0.0000
vt 0.4909 -0.7292 0.0000
vt 0.5318 -0.8333 0.0000
vt 0.5318 -0.7292 0.0000
vt 0.1227 -0.7292 0.0000
vt 0.6545 -0.8333 0.0000
vt 0.6545 -0.7292 0.0000
vt 0.6147 -0.7292 0.0000
vt 0.0398 -0.7292 0.0000
vt 0.2045 -0.8333 0.0000
vt 0.2454 -0.7292 0.0000
vt 0.1227 -0.8333 0.0000
vt 0.2454 -0.8333 0.0000
vt 0.3272 -0.8333 0.0000
vt 0.4909 -0.8333 0.0000
vt 0.4091 -0.7292 0.0000
vt 0.5727 -0.8333 0.0000
vt 0.5727 -0.7292 0.0000
vt 0.3682 -0.7292 0.0000
vt 0.6136 -0.8333 0.0000
vt 0.3682 -0.8333 0.0000
vt 0.0000 -0.7292 0.0000
vt -0.5727 -0.7292 0.0000
vt -0.6136 -0.8333 0.0000
vt -0.5727 -0.8333 0.0000
vt -0.5318 -0.8333 0.0000
vt -0.4909 -0.8333 0.0000
vt -0.4909 -0.7292 0.0000
vt -0.4500 -0.7292 0.0000
vt -0.5318 -0.7292 0.0000
vt -0.3682 -0.8333 0.0000
vt -0.3272 -0.7292 0.0000
vt -0.3682 -0.7292 0.0000
vt -0.4091 -0.7292 0.0000
vt -0.4091 -0.8333 0.0000
vt -0.6147 -0.7292 0.0000
vt -0.6545 -0.8333 0.0000
vt -0.4500 -0.8333 0.0000
vt -0.0409 -0.7292 0.0000
vt -0.0818 -0.8333 0.0000
vt -0.0398 -0.8333 0.0000
vt -0.2045 -0.8333 0.0000
vt -0.1636 -0.8333 0.0000
vt -0.1636 -0.7292 0.0000
vt -0.3272 -0.8333 0.0000
vt -0.2045 -0.7292 0.0000
vt -0.2454 -0.8333 0.0000
vt -0.2454 -0.7292 0.0000
vt -0.0818 -0.7292 0.0000
vt -0.6545 -0.7292 0.0000
vt -0.1227 -0.7292 0.0000
vt -0.2863 -0.8333 0.0000
vt -0.2863 -0.7292 0.0000
vt -0.1227 -0.8333 0.0000
vt 0.0000 5.7429 0.0000
vt 0.0000 5.2429 0.0000
vt 0.0982 -0.6042 0.0000
vt 0.0491 -0.7292 0.0000
vt 0.0982 -0.7292 0.0000
vt 0.3436 -0.6042 0.0000
vt 0.2945 -0.6042 0.0000
vt 0.2945 -0.7292 0.0000
vt 0.1963 -0.7292 0.0000
vt 0.2454 -0.6042 0.0000
vt 0.1963 -0.6042 0.0000
vt 0.1473 -0.7292 0.0000
vt 0.4418 -0.7292 0.0000
vt 0.4909 -0.6042 0.0000
vt 0.1473 -0.6042 0.0000
vt 0.5400 -0.6042 0.0000
vt 0.5400 -0.7292 0.0000
vt 0.0436 -0.6042 0.0000
vt 0.3436 -0.7292 0.0000
vt 0.3927 -0.6042 0.0000
vt 0.3927 -0.7292 0.0000
vt 0.4418 -0.6042 0.0000
vt 0.5890 -0.7292 0.0000
vt 0.6872 -0.7292 0.0000
vt 0.6872 -0.6042 0.0000
vt 0.6381 -0.6042 0.0000
vt 0.6381 -0.7292 0.0000
vt 0.0000 -0.6042 0.0000
vt 0.5890 -0.6042 0.0000
vt 0.7363 -0.6042 0.0000
vt 0.7363 -0.7292 0.0000
vt 0.7854 -0.7292 0.0000
vt 0.7854 -0.6042 0.0000
vt -0.6872 -0.6042 0.0000
vt -0.7363 -0.7292 0.0000
vt -0.6872 -0.7292 0.0000
vt -0.6381 -0.7292 0.0000
vt -0.5890 -0.7292 0.0000
vt -0.5890 -0.6042 0.0000
vt -0.5400 -0.6042 0.0000
vt -0.6381 -0.6042 0.0000
vt -0.4418 -0.7292 0.0000
vt -0.3927 -0.6042 0.0000
vt -0.4418 -0.6042 0.0000
vt -0.4909 -0.6042 0.0000
vt -0.7418 -0.6042 0.0000
vt -0.7854 -0.7292 0.0000
vt -0.5400 -0.7292 0.0000
vt -0.0491 -0.6042 0.0000
vt -0.0982 -0.7292 0.0000
vt -0.0436 -0.7292 0.0000
vt -0.1963 -0.7292 0.0000
vt -0.1963 -0.6042 0.0000
vt -0.3927 -0.7292 0.0000
vt -0.2454 -0.6042 0.0000
vt -0.2945 -0.7292 0.0000
vt -0.2945 -0.6042 0.0000
vt -0.0982 -0.6042 0.0000
vt -0.7854 -0.6042 0.0000
vt -0.1473 -0.6042 0.0000
vt -0.3436 -0.7292 0.0000
vt -0.3436 -0.6042 0.0000
vt -0.1473 -0.7292 0.0000
# 234 texture coords

g _Revolve__1909_
usemtl plastic
s off
f 3891/5312/1861 3892/5313/1861 3893/5314/1861 
f 3892/5313/1861 3894/5315/1861 3893/5314/1861 
f 3894/5315/1861 3892/5313/1861 3895/5316/1861 
f 3892/5313/1861 3896/5317/1861 3895/5316/1861 
f 3897/5318/1861 3892/5313/1861 3898/5319/1861 
f 3899/5320/1861 3896/5317/1861 3892/5313/1861 
f 3892/5313/1861 3897/5318/1861 3899/5320/1861 
f 3892/5313/1861 3900/5321/1861 3898/5319/1861 
f 3901/5322/1861 3892/5313/1861 3902/5323/1861 
f 3892/5313/1861 3903/5324/1861 3902/5323/1861 
f 3891/5312/1861 3903/5324/1861 3892/5313/1861 
f 3901/5322/1861 3904/5325/1861 3892/5313/1861 
f 3905/5326/1861 3906/5327/1861 3892/5313/1861 
f 3892/5313/1861 3907/5328/1861 3900/5321/1861 
f 3907/5328/1861 3892/5313/1861 3906/5327/1861 
f 3905/5326/1861 3892/5313/1861 3904/5325/1861 
f 3908/5329/1862 3909/5330/1862 3910/5331/1862 
f 3909/5330/1862 3911/5332/1862 3910/5331/1862 
f 3910/5331/1862 3912/5333/1862 3908/5329/1862 
f 3913/5334/1862 3914/5335/1862 3910/5331/1862 
f 3915/5336/1862 3916/5337/1862 3910/5331/1862 
f 3913/5334/1862 3910/5331/1862 3916/5337/1862 
f 3911/5332/1862 3915/5336/1862 3910/5331/1862 
f 3910/5331/1862 3917/5338/1862 3918/5339/1862 
f 3918/5339/1862 3912/5333/1862 3910/5331/1862 
f 3919/5340/1862 3917/5338/1862 3910/5331/1862 
f 3910/5331/1862 3920/5341/1862 3921/5342/1862 
f 3914/5335/1862 3922/5343/1862 3910/5331/1862 
f 3920/5341/1862 3910/5331/1862 3922/5343/1862 
f 3919/5340/1862 3910/5331/1862 3921/5342/1862 
f 3923/5344/1863 3924/5345/1864 3913/5346/1863 
f 3913/5346/1863 3925/5347/1865 3923/5344/1863 
f 3908/5348/1866 3926/5349/1866 3927/5350/1867 
f 3928/5351/1868 3929/5352/1867 3927/5350/1867 
f 3916/5353/1869 3930/5354/1870 3931/5355/1869 
f 3932/5356/1871 3933/5357/1872 3934/5358/1871 
f 3935/5359/1873 3914/5360/1874 3924/5345/1864 
f 3936/5361/1875 3911/5362/1872 3937/5363/1875 
f 3938/5364/1865 3931/5355/1869 3925/5347/1865 
f 3939/5365/1870 3940/5366/1876 3930/5354/1870 
f 3934/5358/1871 3940/5366/1876 3915/5367/1876 
f 3933/5357/1872 3932/5356/1871 3911/5362/1872 
f 3911/5362/1872 3936/5361/1875 3933/5357/1872 
f 3938/5364/1865 3916/5353/1869 3931/5355/1869 
f 3908/5348/1866 3941/5368/1877 3926/5349/1866 
f 3923/5344/1863 3935/5359/1873 3924/5345/1864 
f 3939/5365/1870 3915/5367/1876 3940/5366/1876 
f 3908/5348/1866 3927/5350/1867 3929/5352/1867 
f 3925/5347/1865 3913/5346/1863 3938/5364/1865 
f 3937/5363/1875 3928/5351/1868 3936/5361/1875 
f 3914/5360/1874 3935/5359/1873 3942/5369/1874 
f 3943/5370/1878 3944/5371/1879 3941/5368/1877 
f 3909/5372/1868 3929/5352/1867 3928/5351/1868 
f 3930/5354/1870 3916/5353/1869 3939/5365/1870 
f 3941/5368/1877 3908/5348/1866 3943/5370/1878 
f 3934/5358/1871 3915/5367/1876 3932/5356/1871 
f 3943/5370/1878 3912/5373/1879 3944/5371/1879 
f 3937/5363/1875 3909/5372/1868 3928/5351/1868 
f 3945/5374/1880 3946/5375/1881 3918/5376/1880 
f 3918/5376/1880 3947/5377/1882 3945/5374/1880 
f 3948/5378/1883 3922/5379/1884 3949/5380/1885 
f 3949/5380/1885 3914/5360/1874 3942/5369/1874 
f 3917/5381/1886 3950/5382/1887 3951/5383/1886 
f 3912/5384/1879 3952/5385/1888 3944/5386/1879 
f 3952/5385/1888 3912/5384/1879 3946/5375/1881 
f 3947/5377/1882 3918/5376/1880 3953/5387/1882 
f 3953/5387/1882 3951/5383/1886 3947/5377/1882 
f 3954/5388/1887 3955/5389/1889 3950/5382/1887 
f 3945/5374/1880 3952/5385/1888 3946/5375/1881 
f 3956/5390/1890 3957/5391/1891 3921/5392/1890 
f 3921/5392/1890 3958/5393/1892 3956/5390/1890 
f 3959/5394/1893 3920/5395/1894 3960/5396/1893 
f 3920/5395/1894 3959/5394/1893 3961/5397/1894 
f 3958/5393/1892 3921/5392/1890 3962/5398/1892 
f 3962/5398/1892 3920/5395/1894 3961/5397/1894 
f 3922/5379/1884 3948/5378/1883 3963/5399/1884 
f 3950/5382/1887 3917/5381/1886 3954/5388/1887 
f 3962/5398/1892 3961/5397/1894 3958/5393/1892 
f 3957/5391/1891 3956/5390/1890 3964/5400/1891 
f 3960/5396/1893 3963/5399/1884 3959/5394/1893 
f 3949/5380/1885 3942/5369/1874 3948/5378/1883 
f 3954/5388/1887 3919/5401/1889 3955/5389/1889 
f 3964/5400/1891 3955/5389/1889 3919/5401/1889 
f 3964/5400/1891 3919/5401/1889 3957/5391/1891 
f 3960/5396/1893 3922/5379/1884 3963/5399/1884 
f 3953/5387/1882 3917/5381/1886 3951/5383/1886 
f 3944/5333/1862 3965/5402/1862 3966/5403/1862 
f 3966/5403/1862 3926/5329/1862 3944/5333/1862 
f 3967/5404/1862 3926/5329/1862 3966/5403/1862 
f 3968/5405/1862 3928/5330/1862 3967/5404/1862 
f 3926/5329/1862 3967/5404/1862 3928/5330/1862 
f 3969/5406/1862 3933/5332/1862 3968/5405/1862 
f 3928/5330/1862 3968/5405/1862 3933/5332/1862 
f 3970/5407/1862 3942/5335/1862 3923/5334/1862 
f 3942/5335/1862 3970/5407/1862 3971/5408/1862 
f 3972/5409/1862 3970/5407/1862 3923/5334/1862 
f 3973/5410/1862 3940/5336/1862 3969/5406/1862 
f 3940/5336/1862 3933/5332/1862 3969/5406/1862 
f 3972/5409/1862 3931/5337/1862 3973/5410/1862 
f 3940/5336/1862 3973/5410/1862 3931/5337/1862 
f 3923/5334/1862 3931/5337/1862 3972/5409/1862 
f 3945/5339/1862 3951/5338/1862 3974/5411/1862 
f 3975/5412/1862 3974/5411/1862 3951/5338/1862 
f 3951/5338/1862 3955/5340/1862 3975/5412/1862 
f 3976/5413/1862 3975/5412/1862 3955/5340/1862 
f 3944/5333/1862 3977/5414/1862 3965/5402/1862 
f 3977/5414/1862 3944/5333/1862 3945/5339/1862 
f 3945/5339/1862 3974/5411/1862 3977/5414/1862 
f 3978/5415/1862 3976/5413/1862 3956/5342/1862 
f 3961/5341/1862 3978/5415/1862 3956/5342/1862 
f 3979/5416/1862 3978/5415/1862 3961/5341/1862 
f 3963/5343/1862 3979/5416/1862 3961/5341/1862 
f 3971/5408/1862 3980/5417/1862 3942/5335/1862 
f 3963/5343/1862 3942/5335/1862 3980/5417/1862 
f 3963/5343/1862 3980/5417/1862 3979/5416/1862 
f 3976/5413/1862 3955/5340/1862 3956/5342/1862 
f 3981/5418/1895 3982/5419/1896 3970/5420/1895 
f 3983/5421/1897 3968/5422/1898 3984/5423/1897 
f 3972/5424/1899 3985/5425/1900 3986/5426/1899 
f 3987/5427/1901 3988/5428/1871 3989/5429/1901 
f 3990/5430/1902 3991/5431/1903 3992/5432/1903 
f 3970/5420/1895 3993/5433/1904 3981/5418/1895 
f 3965/5434/1879 3994/5435/1879 3995/5436/1905 
f 3996/5437/1906 3971/5369/1874 3982/5419/1896 
f 3997/5438/1900 3998/5439/1907 3985/5425/1900 
f 3999/5440/1904 3986/5426/1899 3993/5433/1904 
f 3999/5440/1904 3972/5424/1899 3986/5426/1899 
f 3989/5429/1901 3998/5439/1907 3973/5441/1907 
f 3988/5428/1871 3987/5427/1901 3969/5442/1871 
f 3984/5423/1897 3967/5443/1902 3990/5430/1902 
f 3989/5429/1901 3973/5441/1907 3987/5427/1901 
f 3968/5422/1898 3983/5421/1897 4000/5444/1898 
f 3985/5425/1900 3972/5424/1899 3997/5438/1900 
f 3966/5445/1908 3992/5432/1903 3991/5431/1903 
f 3966/5445/1908 4001/5446/1908 3992/5432/1903 
f 4002/5447/1909 3988/5428/1871 3969/5442/1871 
f 3965/5434/1879 3995/5436/1905 4003/5448/1910 
f 4000/5444/1898 4004/5449/1909 3968/5422/1898 
f 4002/5447/1909 3969/5442/1871 4004/5449/1909 
f 3981/5418/1895 3996/5437/1906 3982/5419/1896 
f 3984/5423/1897 3990/5430/1902 3983/5421/1897 
f 3990/5430/1902 3967/5443/1902 3991/5431/1903 
f 3971/5369/1874 3996/5437/1906 4005/5450/1874 
f 3966/5445/1908 4003/5448/1910 4001/5446/1908 
f 3997/5438/1900 3973/5441/1907 3998/5439/1907 
f 4004/5449/1909 4000/5444/1898 4002/5447/1909 
f 3993/5433/1904 3970/5420/1895 3999/5440/1904 
f 4001/5446/1908 4003/5448/1910 3995/5436/1905 
f 4006/5451/1911 4007/5452/1912 3977/5453/1911 
f 4008/5454/1913 3974/5455/1914 4009/5456/1914 
f 3974/5455/1914 4010/5457/1915 4009/5456/1914 
f 4011/5458/1913 3977/5453/1911 4008/5454/1913 
f 4012/5459/1916 4013/5460/1891 4014/5461/1916 
f 3977/5453/1911 4011/5458/1913 4006/5451/1911 
f 4014/5461/1916 4015/5462/1917 3975/5463/1917 
f 4016/5464/1918 3965/5465/1879 4007/5452/1912 
f 4017/5466/1915 4015/5462/1917 4010/5457/1915 
f 4008/5454/1913 4009/5456/1914 4011/5458/1913 
f 4018/5467/1919 3980/5468/1920 4019/5469/1921 
f 4020/5470/1922 3979/5471/1923 4021/5472/1923 
f 4013/5460/1891 4012/5459/1916 3976/5473/1891 
f 4022/5474/1922 3978/5475/1924 4020/5470/1922 
f 4014/5461/1916 3975/5463/1917 4012/5459/1916 
f 3978/5475/1924 4022/5474/1922 4023/5476/1924 
f 4006/5451/1911 4016/5464/1918 4007/5452/1912 
f 3980/5468/1920 4018/5467/1919 4024/5477/1920 
f 3965/5465/1879 4016/5464/1918 3994/5478/1879 
f 4010/5457/1915 3974/5455/1914 4017/5466/1915 
f 3979/5471/1923 4025/5479/1925 4021/5472/1923 
f 4023/5476/1924 4026/5480/1926 3978/5475/1924 
f 4027/5481/1926 3976/5473/1891 4026/5480/1926 
f 4020/5470/1922 4021/5472/1923 4022/5474/1922 
f 4028/5482/1925 4024/5477/1920 4025/5479/1925 
f 4026/5480/1926 4023/5476/1924 4027/5481/1926 
f 4028/5482/1925 3980/5468/1920 4024/5477/1920 
f 4019/5469/1921 4005/5450/1874 4018/5467/1919 
f 4025/5479/1925 3979/5471/1923 4028/5482/1925 
f 4027/5481/1926 4013/5460/1891 3976/5473/1891 
f 4017/5466/1915 3975/5463/1917 4015/5462/1917 
f 4019/5469/1921 3971/5369/1874 4005/5450/1874 
f 3994/5402/1862 4029/5483/1862 4030/5324/1862 
f 4030/5324/1862 4001/5403/1862 3994/5402/1862 
f 4031/5323/1862 4001/5403/1862 4030/5324/1862 
f 4032/5322/1862 3990/5404/1862 4031/5323/1862 
f 4001/5403/1862 4031/5323/1862 3990/5404/1862 
f 4000/5405/1862 4032/5322/1862 4033/5325/1862 
f 3990/5404/1862 4032/5322/1862 4000/5405/1862 
f 3988/5406/1862 4000/5405/1862 4033/5325/1862 
f 4034/5328/1862 4005/5408/1862 3981/5407/1862 
f 4005/5408/1862 4034/5328/1862 4035/5484/1862 
f 4036/5327/1862 4034/5328/1862 3981/5407/1862 
f 4037/5326/1862 3998/5410/1862 4033/5325/1862 
f 3998/5410/1862 3988/5406/1862 4033/5325/1862 
f 4036/5327/1862 3986/5409/1862 4037/5326/1862 
f 3998/5410/1862 4037/5326/1862 3986/5409/1862 
f 3981/5407/1862 3986/5409/1862 4036/5327/1862 
f 4038/5316/1862 4039/5315/1862 4009/5411/1862 
f 4015/5412/1862 4013/5413/1862 4040/5317/1862 
f 4040/5317/1862 4038/5316/1862 4015/5412/1862 
f 4015/5412/1862 4038/5316/1862 4009/5411/1862 
f 3994/5402/1862 4041/5314/1862 4029/5483/1862 
f 4041/5314/1862 3994/5402/1862 4006/5414/1862 
f 4039/5315/1862 4041/5314/1862 4006/5414/1862 
f 4006/5414/1862 4009/5411/1862 4039/5315/1862 
f 4042/5320/1862 4040/5317/1862 4023/5415/1862 
f 4021/5416/1862 4042/5320/1862 4023/5415/1862 
f 4043/5318/1862 4042/5320/1862 4021/5416/1862 
f 4024/5417/1862 4043/5318/1862 4021/5416/1862 
f 4035/5484/1862 4044/5319/1862 4005/5408/1862 
f 4024/5417/1862 4005/5408/1862 4044/5319/1862 
f 4024/5417/1862 4044/5319/1862 4043/5318/1862 
f 4040/5317/1862 4013/5413/1862 4023/5415/1862 
f 3898/5485/1895 4045/5486/1896 4034/5487/1895 
f 4046/5488/1901 3899/5489/1907 4037/5490/1907 
f 4036/5491/1899 4047/5492/1900 3897/5493/1899 
f 4048/5494/1904 4036/5491/1899 3897/5493/1899 
f 4049/5495/1909 4032/5430/1898 3895/5496/1898 
f 4034/5487/1895 4050/5497/1904 3898/5485/1895 
f 4051/5498/1897 4032/5430/1898 4052/5499/1897 
f 4053/5500/1927 4035/5450/1874 4045/5486/1896 
f 4054/5439/1900 3899/5489/1907 4047/5492/1900 
f 4048/5494/1904 3897/5493/1899 4050/5497/1904 
f 4050/5497/1904 4034/5487/1895 4048/5494/1904 
f 4055/5501/1901 3896/5502/1871 4046/5488/1901 
f 3896/5502/1871 4055/5501/1901 4033/5503/1871 
f 4056/5504/1909 4033/5503/1871 4049/5495/1909 
f 4046/5488/1901 4037/5490/1907 4055/5501/1901 
f 4033/5503/1871 4056/5504/1909 3896/5502/1871 
f 4054/5439/1900 4037/5490/1907 3899/5489/1907 
f 4031/5505/1902 4051/5498/1897 4052/5499/1897 
f 3895/5496/1898 4032/5430/1898 4051/5498/1897 
f 4030/5506/1908 3893/5507/1908 4057/5508/1903 
f 4058/5509/1903 4030/5506/1908 4057/5508/1903 
f 4035/5450/1874 4053/5500/1927 3900/5510/1874 
f 3894/5511/1902 4051/5498/1897 4031/5505/1902 
f 4059/5512/1910 3893/5507/1908 4060/5513/1910 
f 4058/5509/1903 3894/5511/1902 4031/5505/1902 
f 3893/5507/1908 4030/5506/1908 4060/5513/1910 
f 4047/5492/1900 4036/5491/1899 4054/5439/1900 
f 4029/5514/1879 3891/5515/1879 4059/5512/1910 
f 3898/5485/1895 4053/5500/1927 4045/5486/1896 
f 4029/5514/1879 4059/5512/1910 4060/5513/1910 
f 4049/5495/1909 3895/5496/1898 4056/5504/1909 
f 3894/5511/1902 4058/5509/1903 4057/5508/1903 
f 3903/5516/1911 4061/5517/1912 4041/5518/1911 
f 4062/5519/1913 4039/5520/1914 3902/5521/1914 
f 4039/5520/1914 4063/5522/1915 3902/5521/1914 
f 4064/5523/1913 4041/5518/1911 4062/5519/1913 
f 4065/5524/1916 3904/5525/1891 4066/5526/1916 
f 4041/5518/1911 4064/5523/1913 3903/5516/1911 
f 4066/5526/1916 3901/5527/1917 4038/5456/1917 
f 4067/5528/1928 4029/5529/1879 4061/5517/1912 
f 4068/5530/1915 3901/5527/1917 4063/5522/1915 
f 4062/5519/1913 3902/5521/1914 4064/5523/1913 
f 4069/5531/1919 4044/5532/1920 4070/5533/1929 
f 4071/5476/1922 4043/5534/1923 3906/5535/1923 
f 3904/5525/1891 4065/5524/1916 4040/5536/1891 
f 4072/5537/1922 4042/5538/1924 4071/5476/1922 
f 4066/5526/1916 4038/5456/1917 4065/5524/1916 
f 4042/5538/1924 4072/5537/1922 3905/5539/1924 
f 3903/5516/1911 4067/5528/1928 4061/5517/1912 
f 4044/5532/1920 4069/5531/1919 3907/5540/1920 
f 4029/5529/1879 4067/5528/1928 3891/5541/1879 
f 4063/5522/1915 4039/5520/1914 4068/5530/1915 
f 4043/5534/1923 4073/5542/1925 3906/5535/1923 
f 3905/5539/1924 4074/5543/1926 4042/5538/1924 
f 4075/5544/1926 4040/5536/1891 4074/5543/1926 
f 4071/5476/1922 3906/5535/1923 4072/5537/1922 
f 4076/5545/1925 3907/5540/1920 4073/5542/1925 
f 4074/5543/1926 3905/5539/1924 4075/5544/1926 
f 4076/5545/1925 4044/5532/1920 3907/5540/1920 
f 4070/5533/1929 3900/5510/1874 4069/5531/1919 
f 4073/5542/1925 4043/5534/1923 4076/5545/1925 
f 4075/5544/1926 3904/5525/1891 4040/5536/1891 
f 4068/5530/1915 4038/5456/1917 3901/5527/1917 
f 4070/5533/1929 4035/5450/1874 3900/5510/1874 
# 276 faces

#
# object _Revolve__1920_
#

v  -81.7499 88.8759 14.1349
v  -80.2919 88.5971 14.0550
v  -81.7499 87.8257 17.7973
v  -80.2919 102.6892 18.0958
v  -81.7499 101.3602 21.6783
v  -80.1299 101.6700 21.7671
v  -82.9860 89.6698 14.3626
v  -82.9860 88.6197 18.0250
v  -84.2220 89.4136 18.2526
v  -86.4539 94.5930 19.7378
v  -86.1639 94.2416 15.6735
v  -86.1639 93.1914 19.3359
v  -85.8738 98.4463 16.8792
v  -85.0479 98.5843 20.8823
v  -85.0479 99.6344 17.2199
v  -85.0479 90.6017 18.5933
v  -85.8738 91.7899 18.9340
v  -85.0479 91.6519 14.9309
v  -84.2220 100.8226 17.5606
v  -78.8339 88.3184 13.9751
v  -80.1299 87.5160 17.7085
v  -84.2220 90.4637 14.5902
v  -85.8738 92.8401 15.2716
v  -86.4539 95.6432 16.0754
v  -78.8339 101.9178 21.8382
v  -78.8339 102.9680 18.1758
v  -84.2220 99.7724 21.2230
v  -78.8339 87.2682 17.6375
v  -82.9860 101.6165 17.7882
v  -81.7499 102.4104 18.0159
v  -86.1639 97.0447 16.4773
v  -86.1639 95.9945 20.1397
v  -82.9860 100.5663 21.4506
v  -85.8738 97.3961 20.5416
v  -75.9178 102.4104 18.0159
v  -77.3759 102.6892 18.0958
v  -75.9178 101.3602 21.6783
v  -74.6818 101.6165 17.7882
v  -74.6818 100.5663 21.4506
v  -73.4457 99.7724 21.2230
v  -71.7939 91.7899 18.9340
v  -71.5039 94.2416 15.6735
v  -71.5039 93.1914 19.3359
v  -72.6198 98.5843 20.8823
v  -71.7939 97.3961 20.5416
v  -72.6198 99.6344 17.2199
v  -71.7939 98.4463 16.8792
v  -71.5039 95.9945 20.1397
v  -77.5379 101.6700 21.7671
v  -73.4457 100.8226 17.5606
v  -71.5039 97.0447 16.4773
v  -71.2139 95.6432 16.0754
v  -71.2139 94.5930 19.7378
v  -73.4457 89.4136 18.2526
v  -72.6198 91.6519 14.9309
v  -72.6198 90.6017 18.5933
v  -77.5379 88.5662 14.0461
v  -74.6818 89.6698 14.3626
v  -74.6818 88.6197 18.0250
v  -75.9178 87.8257 17.7973
v  -75.9178 88.8759 14.1349
v  -73.4457 90.4637 14.5902
v  -77.3759 87.5470 17.7174
v  -71.7939 92.8401 15.2716
v  -78.8339 101.7472 17.8257
v  -81.2639 101.2825 17.6925
v  -83.3240 99.9594 17.3130
v  -84.7005 97.9791 16.7452
v  -85.1839 95.6432 16.0754
v  -81.2639 90.0038 14.4583
v  -78.8339 89.5392 14.3251
v  -84.7005 93.3073 15.4056
v  -83.3240 91.3270 14.8378
v  -74.3438 99.9594 17.3130
v  -72.4839 95.6432 16.0754
v  -72.9672 97.9791 16.7452
v  -76.4038 101.2825 17.6925
v  -72.9672 93.3073 15.4056
v  -74.3438 91.3270 14.8378
v  -76.4038 90.0038 14.4583
v  -81.2639 90.8790 11.4063
v  -80.0489 90.6466 11.3397
v  -82.2940 91.5405 11.5960
v  -82.2940 90.6654 14.6480
v  -83.3240 100.8345 14.2610
v  -84.0123 99.8444 13.9771
v  -80.0170 101.5210 17.7608
v  -78.8339 102.6223 14.7737
v  -84.0123 92.3171 15.1217
v  -84.0123 93.1923 12.0697
v  -84.7005 98.8542 13.6932
v  -84.0123 98.9692 17.0291
v  -78.8339 90.4143 11.2731
v  -80.0170 89.7654 14.3900
v  -83.3240 92.2021 11.7858
v  -84.9422 95.3504 12.6885
v  -84.7005 94.1824 12.3536
v  -84.9422 94.4752 15.7405
v  -85.1839 96.5183 13.0234
v  -82.2940 101.4961 14.4507
v  -82.2940 100.6209 17.5027
v  -80.0489 102.3900 14.7071
v  -81.2639 102.1577 14.6405
v  -84.9422 97.6863 13.3583
v  -84.9422 96.8111 16.4103
v  -76.4038 102.1577 14.6405
v  -77.6189 102.3900 14.7071
v  -75.3738 101.4961 14.4507
v  -75.3738 100.6209 17.5027
v  -72.7256 95.3504 12.6885
v  -72.7256 94.4752 15.7405
v  -73.6555 98.9692 17.0291
v  -73.6555 99.8444 13.9771
v  -72.9672 98.8542 13.6932
v  -72.7256 96.8111 16.4103
v  -77.6508 101.5210 17.7608
v  -74.3438 100.8345 14.2610
v  -72.7256 97.6863 13.3583
v  -72.4839 96.5183 13.0234
v  -73.6555 93.1923 12.0697
v  -73.6555 92.3171 15.1217
v  -77.6508 90.6405 11.3380
v  -75.3738 91.5405 11.5960
v  -75.3738 90.6654 14.6480
v  -76.4038 90.8790 11.4063
v  -74.3438 92.2021 11.7858
v  -77.6189 89.7715 14.3917
v  -72.9672 94.1824 12.3536
v  -78.8339 101.4015 14.4236
v  -81.0380 100.9179 14.2850
v  -82.8056 99.5630 13.8964
v  -83.7865 97.6049 13.3350
v  -81.0380 92.1187 11.7618
v  -78.8339 91.6351 11.6232
v  -83.7865 95.4317 12.7118
v  -82.8056 93.4737 12.1504
v  -74.8622 99.5630 13.8964
v  -76.6297 100.9179 14.2850
v  -73.8812 97.6049 13.3350
v  -73.8812 95.4317 12.7118
v  -74.8622 93.4737 12.1504
v  -76.6297 92.1187 11.7618
v  -81.0380 92.8188 9.3202
v  -79.9359 92.5770 9.2509
v  -81.9218 93.4963 9.5145
v  -81.9218 92.7962 11.9561
v  -82.8056 100.2631 11.4548
v  -81.9218 100.9406 11.6491
v  -83.2961 94.4527 12.4311
v  -83.2961 95.1528 9.9895
v  -83.7865 96.1318 10.2702
v  -83.7865 96.5183 13.0234
v  -83.7865 97.2184 10.5818
v  -78.8339 92.3352 9.1816
v  -79.8837 91.8654 11.6892
v  -83.7865 98.3051 10.8934
v  -83.2961 98.5839 13.6157
v  -83.2961 99.2841 11.1741
v  -82.8056 94.1738 9.7088
v  -78.8339 102.1016 11.9820
v  -79.8837 101.8713 11.9160
v  -81.0380 101.6181 11.8434
v  -81.9218 100.2404 14.0907
v  -79.9359 101.1597 14.3543
v  -76.6297 101.6181 11.8434
v  -77.7318 101.8598 11.9127
v  -75.7460 100.9406 11.6491
v  -75.7460 100.2404 14.0907
v  -76.6297 92.8188 9.3202
v  -77.7318 91.8769 11.6925
v  -77.7841 92.5656 9.2476
v  -74.3717 98.5839 13.6157
v  -74.3717 99.2841 11.1741
v  -77.7841 101.1712 14.3576
v  -74.8622 100.2631 11.4548
v  -73.8812 97.2184 10.5818
v  -73.8812 96.5183 13.0234
v  -74.3717 95.1528 9.9895
v  -74.3717 94.4527 12.4311
v  -74.8622 94.1738 9.7088
v  -75.7460 92.7962 11.9561
v  -75.7460 93.4963 9.5145
v  -73.8812 96.1318 10.2702
v  -73.8812 98.3051 10.8934
v  -78.8339 97.2184 10.5818
v  -78.8339 94.5930 19.7378
# 186 vertices

vn -0.3827 -0.8881 -0.2547
vn -0.1951 -0.9428 -0.2703
vn -0.1951 0.9428 0.2703
vn -0.3827 0.8881 0.2547
vn -0.1736 0.9467 0.2714
vn -0.5556 -0.7993 -0.2292
vn -0.7071 -0.6797 -0.1949
vn -1.0000 -0.0000 0.0000
vn -0.9808 -0.1875 -0.0538
vn -0.9239 0.3679 0.1055
vn -0.8315 0.5340 0.1531
vn -0.8315 -0.5340 -0.1531
vn -0.9239 -0.3679 -0.1055
vn -0.7071 0.6797 0.1949
vn 0.0000 -0.9613 -0.2756
vn -0.1736 -0.9467 -0.2714
vn -0.0000 0.9613 0.2756
vn -0.5556 0.7993 0.2292
vn -0.9808 0.1875 0.0538
vn 0.3827 0.8881 0.2547
vn 0.1951 0.9428 0.2703
vn 0.5556 0.7993 0.2292
vn 0.7071 0.6797 0.1949
vn 0.9239 -0.3679 -0.1055
vn 0.9808 -0.1875 -0.0538
vn 0.8315 0.5340 0.1531
vn 0.9239 0.3679 0.1055
vn 0.9808 0.1875 0.0538
vn 0.1736 0.9467 0.2714
vn 1.0000 0.0000 0.0000
vn 0.7071 -0.6797 -0.1949
vn 0.8315 -0.5340 -0.1531
vn 0.1736 -0.9467 -0.2714
vn 0.5556 -0.7993 -0.2292
vn 0.3827 -0.8881 -0.2547
vn 0.1951 -0.9428 -0.2703
vn -0.0000 0.2756 -0.9613
vn -0.1900 0.9437 0.2706
vn -0.1900 -0.9437 -0.2706
vn 0.1900 0.9437 0.2706
vn 0.1900 -0.9437 -0.2706
vn -0.4339 -0.8661 -0.2483
vn -0.2225 -0.9372 -0.2687
vn -0.6235 -0.7515 -0.2155
vn -0.7818 -0.5993 -0.1719
vn -0.7818 0.5993 0.1719
vn -0.6235 0.7515 0.2155
vn -0.9010 -0.4171 -0.1196
vn -0.9749 -0.2139 -0.0613
vn -0.2121 -0.9394 -0.2694
vn -0.9749 0.2139 0.0613
vn -0.9010 0.4171 0.1196
vn -0.2121 0.9394 0.2694
vn -0.4339 0.8661 0.2483
vn -0.2225 0.9372 0.2687
vn 0.4339 0.8661 0.2483
vn 0.2225 0.9372 0.2687
vn 0.6235 0.7515 0.2155
vn 0.7818 0.5993 0.1719
vn 0.4339 -0.8661 -0.2483
vn 0.2225 -0.9372 -0.2687
vn 0.2121 -0.9394 -0.2694
vn 0.9010 0.4171 0.1196
vn 0.9749 0.2139 0.0613
vn 0.2121 0.9394 0.2694
vn 0.9749 -0.2139 -0.0613
vn 0.7818 -0.5993 -0.1719
vn 0.9010 -0.4171 -0.1196
vn 0.6235 -0.7515 -0.2155
vn 0.0000 -0.2756 0.9613
# 70 vertex normals

vt 0.0982 0.7292 0.0000
vt 0.0491 0.7292 0.0000
vt 0.0982 0.6042 0.0000
vt 0.7363 0.7292 0.0000
vt 0.6872 0.6042 0.0000
vt 0.7418 0.6042 0.0000
vt 0.1473 0.7292 0.0000
vt 0.1473 0.6042 0.0000
vt 0.1963 0.6042 0.0000
vt 0.3927 0.6042 0.0000
vt 0.3436 0.7292 0.0000
vt 0.3436 0.6042 0.0000
vt 0.4909 0.7292 0.0000
vt 0.5400 0.6042 0.0000
vt 0.5400 0.7292 0.0000
vt 0.2454 0.6042 0.0000
vt 0.2945 0.6042 0.0000
vt 0.2454 0.7292 0.0000
vt 0.5890 0.7292 0.0000
vt 0.0000 0.7292 0.0000
vt 0.0436 0.6042 0.0000
vt 0.1963 0.7292 0.0000
vt 0.2945 0.7292 0.0000
vt 0.3927 0.7292 0.0000
vt 0.7854 0.6042 0.0000
vt 0.7854 0.7292 0.0000
vt 0.5890 0.6042 0.0000
vt 0.0000 0.6042 0.0000
vt 0.6381 0.7292 0.0000
vt 0.6872 0.7292 0.0000
vt 0.4418 0.7292 0.0000
vt 0.4418 0.6042 0.0000
vt 0.6381 0.6042 0.0000
vt 0.4909 0.6042 0.0000
vt -0.6872 0.7292 0.0000
vt -0.7363 0.7292 0.0000
vt -0.6872 0.6042 0.0000
vt -0.6381 0.7292 0.0000
vt -0.6381 0.6042 0.0000
vt -0.5890 0.6042 0.0000
vt -0.2945 0.6042 0.0000
vt -0.3436 0.7292 0.0000
vt -0.3436 0.6042 0.0000
vt -0.5400 0.6042 0.0000
vt -0.4909 0.6042 0.0000
vt -0.5400 0.7292 0.0000
vt -0.4909 0.7292 0.0000
vt -0.4418 0.6042 0.0000
vt -0.7854 0.7292 0.0000
vt -0.7418 0.6042 0.0000
vt -0.5890 0.7292 0.0000
vt -0.4418 0.7292 0.0000
vt -0.3927 0.7292 0.0000
vt -0.3927 0.6042 0.0000
vt -0.1963 0.6042 0.0000
vt -0.2454 0.7292 0.0000
vt -0.2454 0.6042 0.0000
vt -0.0436 0.7292 0.0000
vt -0.1473 0.7292 0.0000
vt -0.1473 0.6042 0.0000
vt -0.0982 0.6042 0.0000
vt -0.0982 0.7292 0.0000
vt -0.1963 0.7292 0.0000
vt -0.0491 0.6042 0.0000
vt -0.7854 0.6042 0.0000
vt -0.2945 0.7292 0.0000
vt 0.0957 5.7239 0.0000
vt 0.0000 5.7429 0.0000
vt 0.0000 5.7012 0.0000
vt 0.0797 5.6854 0.0000
vt 0.1768 5.6697 0.0000
vt 0.1473 5.6402 0.0000
vt 0.2310 5.5886 0.0000
vt 0.2500 5.4929 0.0000
vt 0.1925 5.5726 0.0000
vt 0.2083 5.4929 0.0000
vt 0.0797 5.3004 0.0000
vt 0.0000 5.2846 0.0000
vt 0.0957 5.2619 0.0000
vt 0.0000 5.2429 0.0000
vt 0.1768 5.3161 0.0000
vt 0.1925 5.4132 0.0000
vt 0.2310 5.3972 0.0000
vt 0.1473 5.3456 0.0000
vt -0.1473 5.6402 0.0000
vt -0.1768 5.6697 0.0000
vt -0.2310 5.5886 0.0000
vt -0.2500 5.4929 0.0000
vt -0.2083 5.4929 0.0000
vt -0.1925 5.5726 0.0000
vt -0.0957 5.7239 0.0000
vt -0.0797 5.6854 0.0000
vt -0.1925 5.4132 0.0000
vt -0.2310 5.3972 0.0000
vt -0.1473 5.3456 0.0000
vt -0.1768 5.3161 0.0000
vt -0.0797 5.3004 0.0000
vt -0.0957 5.2619 0.0000
vt 0.0818 0.8333 0.0000
vt 0.0409 0.8333 0.0000
vt 0.0818 0.7292 0.0000
vt 0.1227 0.8333 0.0000
vt 0.1227 0.7292 0.0000
vt 0.1636 0.7292 0.0000
vt 0.4909 0.8333 0.0000
vt 0.4500 0.8333 0.0000
vt 0.6147 0.7292 0.0000
vt 0.6545 0.7292 0.0000
vt 0.6545 0.8333 0.0000
vt 0.2045 0.7292 0.0000
vt 0.2045 0.8333 0.0000
vt 0.4091 0.8333 0.0000
vt 0.4500 0.7292 0.0000
vt 0.0000 0.8333 0.0000
vt 0.0398 0.7292 0.0000
vt 0.1636 0.8333 0.0000
vt 0.2863 0.8333 0.0000
vt 0.2454 0.8333 0.0000
vt 0.2863 0.7292 0.0000
vt 0.3272 0.7292 0.0000
vt 0.3272 0.8333 0.0000
vt 0.5318 0.8333 0.0000
vt 0.5318 0.7292 0.0000
vt 0.5727 0.7292 0.0000
vt 0.6136 0.8333 0.0000
vt 0.5727 0.8333 0.0000
vt 0.3682 0.8333 0.0000
vt 0.3682 0.7292 0.0000
vt 0.4091 0.7292 0.0000
vt -0.5727 0.8333 0.0000
vt -0.6136 0.8333 0.0000
vt -0.5727 0.7292 0.0000
vt -0.5318 0.8333 0.0000
vt -0.5318 0.7292 0.0000
vt -0.2863 0.8333 0.0000
vt -0.2863 0.7292 0.0000
vt -0.4500 0.7292 0.0000
vt -0.4091 0.7292 0.0000
vt -0.4500 0.8333 0.0000
vt -0.4091 0.8333 0.0000
vt -0.3682 0.7292 0.0000
vt -0.6545 0.8333 0.0000
vt -0.6147 0.7292 0.0000
vt -0.4909 0.8333 0.0000
vt -0.3682 0.8333 0.0000
vt -0.3272 0.8333 0.0000
vt -0.3272 0.7292 0.0000
vt -0.1636 0.7292 0.0000
vt -0.2045 0.8333 0.0000
vt -0.2045 0.7292 0.0000
vt -0.0398 0.8333 0.0000
vt -0.1227 0.8333 0.0000
vt -0.1227 0.7292 0.0000
vt -0.0818 0.7292 0.0000
vt -0.0818 0.8333 0.0000
vt -0.1636 0.8333 0.0000
vt -0.0409 0.7292 0.0000
vt -0.6545 0.7292 0.0000
vt -0.2454 0.8333 0.0000
vt 0.0000 5.6596 0.0000
vt 0.0723 5.6431 0.0000
vt 0.1303 5.5968 0.0000
vt 0.1625 5.5300 0.0000
vt 0.0723 5.3427 0.0000
vt 0.0000 5.3262 0.0000
vt 0.1625 5.4558 0.0000
vt 0.1303 5.3890 0.0000
vt -0.1303 5.5968 0.0000
vt -0.0723 5.6431 0.0000
vt -0.1625 5.5300 0.0000
vt -0.1625 5.4558 0.0000
vt -0.1303 5.3890 0.0000
vt -0.0723 5.3427 0.0000
vt 0.0748 0.9167 0.0000
vt 0.0374 0.9167 0.0000
vt 0.0748 0.8333 0.0000
vt 0.1122 0.9167 0.0000
vt 0.1122 0.8333 0.0000
vt 0.1496 0.8333 0.0000
vt 0.3740 0.9167 0.0000
vt 0.3740 0.8333 0.0000
vt 0.4114 0.9167 0.0000
vt 0.1870 0.8333 0.0000
vt 0.2244 0.8333 0.0000
vt 0.1870 0.9167 0.0000
vt 0.2244 0.9167 0.0000
vt 0.2618 0.8333 0.0000
vt 0.2618 0.9167 0.0000
vt 0.0000 0.9167 0.0000
vt 0.0356 0.8333 0.0000
vt 0.2992 0.9167 0.0000
vt 0.3366 0.8333 0.0000
vt 0.3366 0.9167 0.0000
vt 0.1496 0.9167 0.0000
vt 0.2992 0.8333 0.0000
vt 0.5236 0.8333 0.0000
vt 0.5236 0.9167 0.0000
vt 0.4880 0.9167 0.0000
vt 0.4488 0.9167 0.0000
vt 0.4114 0.8333 0.0000
vt 0.4488 0.8333 0.0000
vt 0.4862 0.8333 0.0000
vt -0.4488 0.9167 0.0000
vt -0.4862 0.9167 0.0000
vt -0.4488 0.8333 0.0000
vt -0.4114 0.9167 0.0000
vt -0.4114 0.8333 0.0000
vt -0.3740 0.8333 0.0000
vt -0.0748 0.9167 0.0000
vt -0.0374 0.8333 0.0000
vt -0.0356 0.9167 0.0000
vt -0.3366 0.8333 0.0000
vt -0.2992 0.8333 0.0000
vt -0.3366 0.9167 0.0000
vt -0.4880 0.8333 0.0000
vt -0.5236 0.9167 0.0000
vt -0.3740 0.9167 0.0000
vt -0.2618 0.9167 0.0000
vt -0.2618 0.8333 0.0000
vt -0.2244 0.8333 0.0000
vt -0.5236 0.8333 0.0000
vt -0.1496 0.8333 0.0000
vt -0.1870 0.9167 0.0000
vt -0.1870 0.8333 0.0000
vt -0.1496 0.9167 0.0000
vt -0.1122 0.8333 0.0000
vt -0.1122 0.9167 0.0000
vt -0.0748 0.8333 0.0000
vt -0.2244 0.9167 0.0000
vt -0.2992 0.9167 0.0000
vt 0.0000 5.4929 0.0000
vt -0.0000 5.4929 0.0000
vt -0.0000 5.7429 0.0000
vt -0.0000 5.2429 0.0000
# 234 texture coords

g _Revolve__1920_
usemtl plastic
s off
f 4077/5546/1930 4078/5547/1931 4079/5548/1930 
f 4080/5549/1932 4081/5550/1933 4082/5551/1934 
f 4083/5552/1935 4084/5553/1935 4085/5554/1936 
f 4086/5555/1937 4087/5556/1938 4088/5557/1938 
f 4089/5558/1939 4090/5559/1940 4091/5560/1940 
f 4092/5561/1941 4093/5562/1942 4094/5563/1941 
f 4095/5564/1943 4091/5560/1940 4090/5559/1940 
f 4078/5547/1931 4096/5565/1944 4097/5566/1945 
f 4085/5554/1936 4092/5561/1941 4098/5567/1936 
f 4084/5553/1935 4077/5546/1930 4079/5548/1930 
f 4087/5556/1938 4099/5568/1942 4088/5557/1938 
f 4099/5568/1942 4093/5562/1942 4088/5557/1938 
f 4100/5569/1937 4087/5556/1938 4086/5555/1937 
f 4093/5562/1942 4099/5568/1942 4094/5563/1941 
f 4098/5567/1936 4092/5561/1941 4094/5563/1941 
f 4082/5551/1934 4101/5570/1946 4102/5571/1946 
f 4090/5559/1940 4103/5572/1943 4095/5564/1943 
f 4096/5565/1944 4104/5573/1944 4097/5566/1945 
f 4103/5572/1943 4105/5574/1947 4095/5564/1943 
f 4079/5548/1930 4078/5547/1931 4097/5566/1945 
f 4077/5546/1930 4084/5553/1935 4083/5552/1935 
f 4081/5550/1933 4080/5549/1932 4106/5575/1933 
f 4085/5554/1936 4098/5567/1936 4083/5552/1935 
f 4107/5576/1948 4100/5569/1937 4108/5577/1948 
f 4109/5578/1947 4081/5550/1933 4106/5575/1933 
f 4090/5559/1940 4089/5558/1939 4110/5579/1939 
f 4109/5578/1947 4106/5575/1933 4105/5574/1947 
f 4110/5579/1939 4107/5576/1948 4108/5577/1948 
f 4082/5551/1934 4102/5571/1946 4080/5549/1932 
f 4105/5574/1947 4103/5572/1943 4109/5578/1947 
f 4110/5579/1939 4089/5558/1939 4107/5576/1948 
f 4100/5569/1937 4086/5555/1937 4108/5577/1948 
f 4111/5580/1949 4112/5581/1950 4113/5582/1949 
f 4114/5583/1951 4115/5584/1951 4116/5585/1952 
f 4117/5586/1953 4118/5587/1954 4119/5588/1954 
f 4120/5589/1955 4121/5590/1956 4122/5591/1955 
f 4123/5592/1956 4121/5590/1956 4124/5593/1957 
f 4112/5581/1950 4102/5594/1946 4125/5595/1958 
f 4116/5585/1952 4120/5589/1955 4126/5596/1952 
f 4115/5584/1951 4111/5580/1949 4113/5582/1949 
f 4127/5597/1957 4123/5592/1956 4124/5593/1957 
f 4126/5596/1952 4120/5589/1955 4122/5591/1955 
f 4128/5598/1959 4127/5597/1957 4129/5599/1959 
f 4121/5590/1956 4123/5592/1956 4122/5591/1955 
f 4128/5598/1959 4129/5599/1959 4119/5588/1954 
f 4129/5599/1959 4127/5597/1957 4124/5593/1957 
f 4130/5600/1960 4131/5601/1961 4132/5602/1961 
f 4104/5573/1944 4096/5565/1944 4133/5603/1962 
f 4134/5604/1963 4135/5605/1963 4136/5606/1964 
f 4136/5606/1964 4137/5607/1964 4134/5604/1963 
f 4138/5608/1960 4135/5605/1963 4134/5604/1963 
f 4139/5609/1965 4104/5573/1944 4133/5603/1962 
f 4116/5585/1952 4126/5596/1952 4114/5583/1951 
f 4119/5588/1954 4118/5587/1954 4128/5598/1959 
f 4102/5594/1946 4101/5610/1946 4125/5595/1958 
f 4135/5605/1963 4138/5608/1960 4130/5600/1960 
f 4139/5609/1965 4137/5607/1964 4136/5606/1964 
f 4113/5582/1949 4112/5581/1950 4125/5595/1958 
f 4140/5611/1953 4117/5586/1953 4132/5602/1961 
f 4111/5580/1949 4115/5584/1951 4114/5583/1951 
f 4140/5611/1953 4132/5602/1961 4131/5601/1961 
f 4117/5586/1953 4140/5611/1953 4118/5587/1954 
f 4137/5607/1964 4139/5609/1965 4133/5603/1962 
f 4130/5600/1960 4138/5608/1960 4131/5601/1961 
f 4106/5612/1966 4102/5613/1966 4141/5614/1966 
f 4141/5614/1966 4142/5615/1966 4106/5612/1966 
f 4106/5612/1966 4142/5615/1966 4095/5616/1966 
f 4095/5616/1966 4143/5617/1966 4089/5618/1966 
f 4143/5617/1966 4095/5616/1966 4142/5615/1966 
f 4100/5619/1966 4089/5618/1966 4144/5620/1966 
f 4144/5620/1966 4089/5618/1966 4143/5617/1966 
f 4100/5619/1966 4144/5620/1966 4145/5621/1966 
f 4146/5622/1966 4147/5623/1966 4077/5624/1966 
f 4096/5625/1966 4077/5624/1966 4147/5623/1966 
f 4146/5622/1966 4077/5624/1966 4098/5626/1966 
f 4100/5619/1966 4148/5627/1966 4099/5628/1966 
f 4100/5619/1966 4145/5621/1966 4148/5627/1966 
f 4099/5628/1966 4149/5629/1966 4098/5626/1966 
f 4149/5629/1966 4099/5628/1966 4148/5627/1966 
f 4098/5626/1966 4149/5629/1966 4146/5622/1966 
f 4150/5630/1966 4126/5631/1966 4123/5632/1966 
f 4128/5633/1966 4151/5634/1966 4152/5635/1966 
f 4152/5635/1966 4123/5632/1966 4128/5633/1966 
f 4150/5630/1966 4123/5632/1966 4152/5635/1966 
f 4102/5613/1966 4111/5636/1966 4141/5614/1966 
f 4153/5637/1966 4141/5614/1966 4111/5636/1966 
f 4153/5637/1966 4111/5636/1966 4126/5631/1966 
f 4126/5631/1966 4150/5630/1966 4153/5637/1966 
f 4154/5638/1966 4128/5633/1966 4140/5639/1966 
f 4154/5638/1966 4140/5639/1966 4155/5640/1966 
f 4155/5640/1966 4140/5639/1966 4138/5641/1966 
f 4155/5640/1966 4138/5641/1966 4156/5642/1966 
f 4147/5623/1966 4137/5643/1966 4096/5625/1966 
f 4137/5643/1966 4147/5623/1966 4156/5642/1966 
f 4138/5641/1966 4137/5643/1966 4156/5642/1966 
f 4154/5638/1966 4151/5634/1966 4128/5633/1966 
f 4157/5644/1930 4158/5645/1931 4146/5646/1930 
f 4159/5647/1935 4160/5648/1935 4149/5649/1936 
f 4143/5558/1943 4161/5650/1943 4162/5651/1940 
f 4163/5652/1967 4141/5653/1946 4164/5654/1946 
f 4165/5655/1941 4148/5563/1942 4166/5656/1941 
f 4167/5657/1939 4168/5658/1940 4162/5651/1940 
f 4158/5645/1931 4169/5659/1944 4170/5660/1968 
f 4149/5649/1936 4165/5655/1941 4171/5661/1936 
f 4160/5648/1935 4157/5644/1930 4146/5646/1930 
f 4172/5662/1938 4173/5663/1942 4174/5664/1938 
f 4145/5665/1937 4172/5662/1938 4174/5664/1938 
f 4175/5666/1937 4172/5662/1938 4145/5665/1937 
f 4171/5661/1936 4165/5655/1941 4166/5656/1941 
f 4173/5663/1942 4148/5563/1942 4174/5664/1938 
f 4176/5667/1947 4143/5558/1943 4177/5668/1947 
f 4162/5651/1940 4168/5658/1940 4143/5558/1943 
f 4169/5659/1944 4147/5565/1944 4170/5660/1968 
f 4142/5669/1933 4178/5670/1932 4179/5671/1933 
f 4149/5649/1936 4171/5661/1936 4159/5647/1935 
f 4148/5563/1942 4173/5663/1942 4166/5656/1941 
f 4143/5558/1943 4176/5667/1947 4161/5650/1943 
f 4146/5646/1930 4158/5645/1931 4170/5660/1968 
f 4180/5672/1948 4175/5666/1937 4181/5673/1948 
f 4178/5670/1932 4142/5669/1933 4163/5652/1967 
f 4168/5658/1940 4167/5657/1939 4144/5674/1939 
f 4177/5668/1947 4179/5671/1933 4176/5667/1947 
f 4175/5666/1937 4145/5665/1937 4181/5673/1948 
f 4163/5652/1967 4164/5654/1946 4178/5670/1932 
f 4157/5644/1930 4160/5648/1935 4159/5647/1935 
f 4144/5674/1939 4180/5672/1948 4181/5673/1948 
f 4144/5674/1939 4167/5657/1939 4180/5672/1948 
f 4177/5668/1947 4142/5669/1933 4179/5671/1933 
f 4182/5675/1949 4183/5676/1950 4153/5677/1949 
f 4184/5678/1951 4185/5679/1951 4150/5592/1952 
f 4154/5601/1953 4186/5680/1954 4187/5681/1954 
f 4188/5682/1955 4152/5683/1956 4189/5684/1955 
f 4190/5685/1956 4152/5683/1956 4191/5686/1957 
f 4183/5676/1950 4164/5687/1946 4192/5688/1969 
f 4150/5592/1952 4188/5682/1955 4193/5689/1952 
f 4185/5679/1951 4182/5675/1949 4153/5677/1949 
f 4194/5690/1957 4190/5685/1956 4191/5686/1957 
f 4193/5689/1952 4188/5682/1955 4189/5684/1955 
f 4195/5691/1959 4194/5690/1957 4151/5692/1959 
f 4152/5683/1956 4190/5685/1956 4189/5684/1955 
f 4195/5691/1959 4151/5692/1959 4187/5681/1954 
f 4151/5692/1959 4194/5690/1957 4191/5686/1957 
f 4155/5693/1960 4196/5694/1961 4197/5695/1961 
f 4147/5565/1944 4169/5659/1944 4198/5696/1970 
f 4199/5697/1963 4200/5698/1963 4156/5699/1964 
f 4156/5699/1964 4201/5700/1964 4199/5697/1963 
f 4202/5701/1960 4200/5698/1963 4199/5697/1963 
f 4203/5702/1965 4147/5565/1944 4198/5696/1970 
f 4150/5592/1952 4193/5689/1952 4184/5678/1951 
f 4187/5681/1954 4186/5680/1954 4195/5691/1959 
f 4164/5687/1946 4141/5703/1946 4192/5688/1969 
f 4200/5698/1963 4202/5701/1960 4155/5693/1960 
f 4203/5702/1965 4201/5700/1964 4156/5699/1964 
f 4153/5677/1949 4183/5676/1950 4192/5688/1969 
f 4204/5704/1953 4154/5601/1953 4197/5695/1961 
f 4182/5675/1949 4185/5679/1951 4184/5678/1951 
f 4204/5704/1953 4197/5695/1961 4196/5694/1961 
f 4154/5601/1953 4204/5704/1953 4186/5680/1954 
f 4201/5700/1964 4203/5702/1965 4198/5696/1970 
f 4155/5693/1960 4202/5701/1960 4196/5694/1961 
f 4179/5615/1966 4164/5614/1966 4205/5705/1966 
f 4205/5705/1966 4206/5706/1966 4179/5615/1966 
f 4179/5615/1966 4206/5706/1966 4161/5617/1966 
f 4161/5617/1966 4207/5707/1966 4167/5620/1966 
f 4207/5707/1966 4161/5617/1966 4206/5706/1966 
f 4167/5620/1966 4208/5708/1966 4175/5621/1966 
f 4208/5708/1966 4167/5620/1966 4207/5707/1966 
f 4209/5709/1966 4210/5710/1966 4157/5622/1966 
f 4169/5623/1966 4157/5622/1966 4210/5710/1966 
f 4209/5709/1966 4157/5622/1966 4171/5629/1966 
f 4175/5621/1966 4211/5711/1966 4173/5627/1966 
f 4175/5621/1966 4208/5708/1966 4211/5711/1966 
f 4173/5627/1966 4212/5712/1966 4171/5629/1966 
f 4212/5712/1966 4173/5627/1966 4211/5711/1966 
f 4171/5629/1966 4212/5712/1966 4209/5709/1966 
f 4193/5630/1966 4213/5713/1966 4214/5714/1966 
f 4213/5713/1966 4193/5630/1966 4190/5635/1966 
f 4190/5635/1966 4215/5715/1966 4213/5713/1966 
f 4215/5715/1966 4190/5635/1966 4195/5634/1966 
f 4164/5614/1966 4182/5637/1966 4205/5705/1966 
f 4214/5714/1966 4205/5705/1966 4182/5637/1966 
f 4182/5637/1966 4193/5630/1966 4214/5714/1966 
f 4216/5716/1966 4195/5634/1966 4204/5638/1966 
f 4216/5716/1966 4204/5638/1966 4217/5717/1966 
f 4217/5717/1966 4204/5638/1966 4202/5640/1966 
f 4217/5717/1966 4202/5640/1966 4218/5718/1966 
f 4210/5710/1966 4201/5642/1966 4169/5623/1966 
f 4201/5642/1966 4210/5710/1966 4218/5718/1966 
f 4202/5640/1966 4201/5642/1966 4218/5718/1966 
f 4216/5716/1966 4215/5715/1966 4195/5634/1966 
f 4219/5719/1971 4220/5720/1972 4209/5721/1971 
f 4221/5722/1973 4222/5723/1973 4212/5724/1974 
f 4223/5725/1975 4207/5726/1975 4224/5727/1976 
f 4225/5728/1977 4211/5729/1978 4226/5730/1977 
f 4227/5731/1978 4228/5732/1937 4229/5733/1937 
f 4220/5720/1972 4230/5734/1944 4231/5735/1979 
f 4232/5736/1980 4233/5737/1981 4234/5738/1981 
f 4222/5723/1973 4219/5719/1971 4209/5721/1971 
f 4225/5728/1977 4235/5739/1974 4212/5724/1974 
f 4207/5726/1975 4223/5725/1975 4234/5738/1981 
f 4229/5733/1937 4228/5732/1937 4208/5740/1980 
f 4208/5740/1980 4232/5736/1980 4229/5733/1937 
f 4207/5726/1975 4234/5738/1981 4233/5737/1981 
f 4219/5719/1971 4222/5723/1973 4221/5722/1973 
f 4205/5741/1946 4236/5742/1946 4237/5743/1982 
f 4209/5721/1971 4220/5720/1972 4231/5735/1979 
f 4235/5739/1974 4225/5728/1977 4226/5730/1977 
f 4238/5744/1983 4239/5745/1976 4206/5746/1983 
f 4212/5724/1974 4235/5739/1974 4221/5722/1973 
f 4232/5736/1980 4208/5740/1980 4233/5737/1981 
f 4230/5734/1944 4210/5659/1944 4231/5735/1979 
f 4205/5741/1946 4237/5743/1982 4240/5747/1984 
f 4239/5745/1976 4238/5744/1983 4224/5727/1976 
f 4211/5729/1978 4227/5731/1978 4226/5730/1977 
f 4206/5746/1983 4240/5747/1984 4238/5744/1983 
f 4211/5729/1978 4228/5732/1937 4227/5731/1978 
f 4224/5727/1976 4207/5726/1975 4239/5745/1976 
f 4238/5744/1983 4240/5747/1984 4237/5743/1982 
f 4241/5748/1985 4242/5749/1986 4214/5750/1985 
f 4243/5751/1987 4244/5752/1987 4213/5753/1988 
f 4245/5754/1989 4246/5755/1990 4247/5756/1991 
f 4248/5757/1992 4215/5758/1993 4249/5759/1992 
f 4214/5750/1985 4242/5749/1986 4250/5760/1994 
f 4242/5749/1986 4236/5761/1946 4250/5760/1994 
f 4241/5748/1985 4244/5752/1987 4243/5751/1987 
f 4244/5752/1987 4241/5748/1985 4214/5750/1985 
f 4248/5757/1992 4251/5762/1988 4213/5753/1988 
f 4213/5753/1988 4251/5762/1988 4243/5751/1987 
f 4252/5763/1959 4253/5764/1959 4216/5765/1995 
f 4236/5761/1946 4205/5766/1946 4250/5760/1994 
f 4217/5767/1996 4254/5768/1997 4255/5769/1997 
f 4256/5770/1996 4257/5771/1998 4258/5772/1998 
f 4258/5772/1998 4257/5771/1998 4218/5773/1989 
f 4259/5774/1995 4255/5769/1997 4254/5768/1997 
f 4218/5773/1989 4245/5754/1989 4258/5772/1998 
f 4246/5755/1990 4210/5659/1944 4247/5756/1991 
f 4251/5762/1988 4248/5757/1992 4249/5759/1992 
f 4259/5774/1995 4216/5765/1995 4255/5769/1997 
f 4260/5775/1993 4253/5764/1959 4252/5763/1959 
f 4257/5771/1998 4256/5770/1996 4217/5767/1996 
f 4246/5755/1990 4245/5754/1989 4218/5773/1989 
f 4216/5765/1995 4259/5774/1995 4252/5763/1959 
f 4217/5767/1996 4256/5770/1996 4254/5768/1997 
f 4215/5758/1993 4253/5764/1959 4260/5775/1993 
f 4210/5659/1944 4230/5734/1944 4247/5756/1991 
f 4215/5758/1993 4260/5775/1993 4249/5759/1992 
f 4261/5776/1966 4223/5707/1966 4238/5706/1966 
f 4261/5776/1966 4232/5708/1966 4223/5707/1966 
f 4238/5706/1966 4236/5705/1966 4261/5776/1966 
f 4261/5776/1966 4230/5710/1966 4219/5709/1966 
f 4261/5776/1966 4235/5712/1966 4227/5711/1966 
f 4235/5712/1966 4261/5776/1966 4219/5709/1966 
f 4261/5776/1966 4227/5711/1966 4232/5708/1966 
f 4241/5714/1966 4251/5713/1966 4261/5776/1966 
f 4261/5776/1966 4236/5705/1966 4241/5714/1966 
f 4261/5776/1966 4251/5713/1966 4260/5715/1966 
f 4259/5716/1966 4256/5717/1966 4261/5776/1966 
f 4261/5776/1966 4245/5718/1966 4230/5710/1966 
f 4245/5718/1966 4261/5776/1966 4256/5717/1966 
f 4259/5716/1966 4261/5776/1966 4260/5715/1966 
f 4081/5636/1999 4262/5777/1999 4101/5778/1999 
f 4081/5636/1999 4103/5631/1999 4262/5777/1999 
f 4110/5632/1999 4262/5777/1999 4103/5631/1999 
f 4110/5632/1999 4086/5633/1999 4262/5777/1999 
f 4079/5643/1999 4262/5777/1999 4085/5641/1999 
f 4262/5777/1999 4086/5633/1999 4093/5639/1999 
f 4093/5639/1999 4085/5641/1999 4262/5777/1999 
f 4079/5643/1999 4104/5779/1999 4262/5777/1999 
f 4116/5616/1999 4262/5777/1999 4121/5618/1999 
f 4116/5616/1999 4113/5612/1999 4262/5777/1999 
f 4262/5777/1999 4113/5612/1999 4101/5778/1999 
f 4262/5777/1999 4129/5619/1999 4121/5618/1999 
f 4262/5777/1999 4130/5626/1999 4117/5628/1999 
f 4104/5779/1999 4136/5624/1999 4262/5777/1999 
f 4130/5626/1999 4262/5777/1999 4136/5624/1999 
f 4129/5619/1999 4262/5777/1999 4117/5628/1999 
# 276 faces

#
# object _Extrusion__1932_
#

v  -77.9584 88.4325 36.4678
v  -77.6060 88.8573 36.5896
v  -77.4802 89.3870 36.7415
v  -79.8944 88.8573 36.5896
v  -80.0202 89.3870 36.7415
v  -79.0328 88.1968 36.4003
v  -78.4676 88.1968 36.4003
v  -79.5420 88.4325 36.4678
v  -77.9584 90.3414 37.0152
v  -79.0328 90.5771 37.0828
v  -78.4676 90.5771 37.0828
v  -79.8944 89.9166 36.8934
v  -79.5420 90.3414 37.0152
v  -77.6060 89.9166 36.8934
v  -77.4802 94.2878 19.6503
v  -78.4676 95.4780 19.9916
v  -77.9584 95.2422 19.9240
v  -79.0328 95.4780 19.9916
v  -79.5420 95.2422 19.9240
v  -80.0202 94.2878 19.6503
v  -79.8944 94.8175 19.8022
v  -77.6060 94.8175 19.8022
v  -77.6060 93.7581 19.4984
v  -77.9584 93.3333 19.3766
v  -79.8944 93.7581 19.4984
v  -79.5420 93.3333 19.3766
v  -78.4676 93.0976 19.3090
v  -79.0328 93.0976 19.3090
v  -79.7184 90.7260 29.0899
v  -78.7502 90.6166 27.8459
v  -80.0202 92.8168 24.7802
v  -77.4802 92.8168 24.7802
v  -77.7820 90.7260 29.0899
v  -77.7820 92.3061 29.5430
v  -78.7502 93.0582 28.5460
v  -79.7184 92.3061 29.5430
# 36 vertices

vn 0.0000 -0.2756 0.9613
vn -0.0000 0.2756 -0.9613
vn -0.7623 -0.6221 -0.1784
vn -0.9010 -0.4171 -0.1196
vn -0.6235 -0.7515 -0.2155
vn -0.2225 -0.9372 -0.2687
vn -0.0000 -0.9613 -0.2756
vn -1.0000 -0.0000 0.0000
vn 0.2225 -0.9372 -0.2687
vn 0.6235 -0.7515 -0.2155
vn 0.9010 -0.4171 -0.1196
vn 1.0000 -0.0000 -0.0000
vn 0.7623 -0.6221 -0.1784
vn 0.7623 0.6221 0.1784
vn 0.9010 0.4171 0.1196
vn 0.6235 0.7515 0.2155
vn 0.2225 0.9372 0.2687
vn -0.0000 0.9613 0.2756
vn -0.6235 0.7515 0.2155
vn -0.2225 0.9372 0.2687
vn -0.7623 0.6221 0.1784
vn -0.9010 0.4171 0.1196
# 22 vertex normals

vt 0.1585 0.9047 0.0000
vt 0.1700 0.9192 0.0000
vt 0.1742 0.9372 0.0000
vt 0.0950 0.9192 0.0000
vt 0.0908 0.9372 0.0000
vt 0.1232 0.8966 0.0000
vt 0.1418 0.8966 0.0000
vt 0.1065 0.9047 0.0000
vt 0.1585 0.9698 0.0000
vt 0.1232 0.9779 0.0000
vt 0.1418 0.9779 0.0000
vt 0.0950 0.9553 0.0000
vt 0.1065 0.9698 0.0000
vt 0.1700 0.9553 0.0000
vt -0.1742 0.9372 0.0000
vt -0.1418 0.9779 0.0000
vt -0.1585 0.9698 0.0000
vt -0.1232 0.9779 0.0000
vt -0.1065 0.9698 0.0000
vt -0.0908 0.9372 0.0000
vt -0.0950 0.9553 0.0000
vt -0.1700 0.9553 0.0000
vt -0.1700 0.9192 0.0000
vt -0.1585 0.9047 0.0000
vt -0.0950 0.9192 0.0000
vt -0.1065 0.9047 0.0000
vt -0.1418 0.8966 0.0000
vt -0.1232 0.8966 0.0000
vt -0.0752 -1.4969 0.0000
vt -0.0300 -1.1700 0.0000
vt -0.0486 -1.1680 0.0000
vt -0.0672 -1.1660 0.0000
vt -0.1071 -1.4551 0.0000
vt -0.1284 -1.7462 0.0000
vt -0.0114 -1.1719 0.0000
vt -0.0298 -1.3460 0.0000
vt -0.0858 -1.1641 0.0000
vt -0.1044 -1.1621 0.0000
vt -0.0912 -1.7501 0.0000
vt -0.0726 -1.7520 0.0000
vt -0.1098 -1.7481 0.0000
vt -0.1230 -1.1602 0.0000
vt -0.1599 -1.3323 0.0000
vt -0.1470 -1.4894 0.0000
vt -0.1416 -1.1582 0.0000
vt -0.2027 -1.7383 0.0000
vt -0.1841 -1.7403 0.0000
vt -0.1470 -1.7442 0.0000
vt -0.1656 -1.7422 0.0000
vt -0.2053 -1.4832 0.0000
vt -0.1602 -1.1562 0.0000
vt -0.1788 -1.1543 0.0000
vt -0.2585 -1.7324 0.0000
vt -0.2373 -1.4414 0.0000
vt -0.2346 -1.1484 0.0000
vt -0.2160 -1.1504 0.0000
vt -0.2772 -1.4757 0.0000
vt -0.3329 -1.7246 0.0000
vt -0.3143 -1.7266 0.0000
vt -0.1974 -1.1523 0.0000
vt -0.2771 -1.7305 0.0000
vt -0.2957 -1.7285 0.0000
vt -0.2213 -1.7364 0.0000
vt -0.2532 -1.1464 0.0000
vt -0.2901 -1.3186 0.0000
vt -0.2399 -1.7344 0.0000
vt -0.2718 -1.1445 0.0000
# 67 texture coords

g _Extrusion__1932_
usemtl metal
s off
f 4263/5780/2000 4264/5781/2000 4265/5782/2000 
f 4266/5783/2000 4263/5780/2000 4267/5784/2000 
f 4268/5785/2000 4269/5786/2000 4270/5787/2000 
f 4266/5783/2000 4270/5787/2000 4269/5786/2000 
f 4269/5786/2000 4263/5780/2000 4266/5783/2000 
f 4263/5780/2000 4265/5782/2000 4267/5784/2000 
f 4271/5788/2000 4272/5789/2000 4265/5782/2000 
f 4272/5789/2000 4271/5788/2000 4273/5790/2000 
f 4274/5791/2000 4267/5784/2000 4275/5792/2000 
f 4272/5789/2000 4275/5792/2000 4267/5784/2000 
f 4265/5782/2000 4272/5789/2000 4267/5784/2000 
f 4271/5788/2000 4265/5782/2000 4276/5793/2000 
f 4277/5794/2001 4278/5795/2001 4279/5796/2001 
f 4280/5797/2001 4278/5795/2001 4277/5794/2001 
f 4281/5798/2001 4280/5797/2001 4282/5799/2001 
f 4282/5799/2001 4283/5800/2001 4281/5798/2001 
f 4282/5799/2001 4280/5797/2001 4277/5794/2001 
f 4284/5801/2001 4277/5794/2001 4279/5796/2001 
f 4277/5794/2001 4285/5802/2001 4286/5803/2001 
f 4286/5803/2001 4287/5804/2001 4282/5799/2001 
f 4288/5805/2001 4287/5804/2001 4289/5806/2001 
f 4289/5806/2001 4290/5807/2001 4288/5805/2001 
f 4287/5804/2001 4286/5803/2001 4289/5806/2001 
f 4286/5803/2001 4282/5799/2001 4277/5794/2001 
f 4291/5808/2002 4287/5809/2003 4288/5810/2004 
f 4290/5811/2005 4292/5812/2006 4288/5810/2004 
f 4292/5812/2006 4268/5813/2005 4291/5808/2002 
f 4291/5808/2002 4288/5810/2004 4292/5812/2006 
f 4282/5814/2007 4287/5809/2003 4293/5815/2007 
f 4292/5812/2006 4289/5816/2008 4286/5817/2009 
f 4291/5808/2002 4266/5818/2003 4267/5819/2007 
f 4267/5819/2007 4293/5815/2007 4291/5808/2002 
f 4291/5808/2002 4268/5813/2005 4270/5820/2004 
f 4290/5811/2005 4289/5816/2008 4292/5812/2006 
f 4285/5821/2010 4294/5822/2011 4295/5823/2012 
f 4266/5818/2003 4291/5808/2002 4270/5820/2004 
f 4277/5824/2011 4294/5822/2011 4285/5821/2010 
f 4295/5823/2012 4265/5825/2011 4264/5826/2010 
f 4295/5823/2012 4269/5827/2008 4292/5812/2006 
f 4286/5817/2009 4295/5823/2012 4292/5812/2006 
f 4263/5828/2009 4295/5823/2012 4264/5826/2010 
f 4285/5821/2010 4295/5823/2012 4286/5817/2009 
f 4269/5827/2008 4295/5823/2012 4263/5828/2009 
f 4295/5823/2012 4294/5822/2011 4265/5825/2011 
f 4269/5827/2008 4268/5813/2005 4292/5812/2006 
f 4291/5808/2002 4293/5815/2007 4287/5809/2003 
f 4296/5829/2013 4284/5830/2014 4279/5831/2015 
f 4296/5829/2013 4294/5822/2011 4284/5830/2014 
f 4273/5832/2016 4296/5829/2013 4297/5833/2017 
f 4281/5834/2018 4297/5833/2017 4280/5835/2019 
f 4298/5836/2020 4267/5837/2007 4274/5838/2021 
f 4278/5839/2016 4297/5833/2017 4279/5831/2015 
f 4272/5840/2019 4298/5836/2020 4275/5841/2018 
f 4277/5824/2011 4284/5830/2014 4294/5822/2011 
f 4296/5829/2013 4279/5831/2015 4297/5833/2017 
f 4265/5825/2011 4296/5829/2013 4276/5842/2014 
f 4265/5825/2011 4294/5822/2011 4296/5829/2013 
f 4272/5840/2019 4273/5832/2016 4297/5833/2017 
f 4280/5835/2019 4297/5833/2017 4278/5839/2016 
f 4283/5843/2021 4293/5844/2007 4298/5836/2020 
f 4298/5836/2020 4293/5844/2007 4267/5837/2007 
f 4276/5842/2014 4296/5829/2013 4271/5845/2015 
f 4282/5846/2007 4293/5844/2007 4283/5843/2021 
f 4297/5833/2017 4298/5836/2020 4272/5840/2019 
f 4275/5841/2018 4298/5836/2020 4274/5838/2021 
f 4283/5843/2021 4298/5836/2020 4281/5834/2018 
f 4281/5834/2018 4298/5836/2020 4297/5833/2017 
f 4296/5829/2013 4273/5832/2016 4271/5845/2015 
# 68 faces

#
# object _Revolve__1936_
#

v  -78.8339 97.0170 38.9294
v  -78.8339 89.6922 36.8290
v  -81.7499 96.4594 38.7695
v  -84.2220 94.8716 38.3142
v  -85.8738 92.4952 37.6328
v  -86.4539 89.6922 36.8290
v  -84.2220 84.5127 35.3439
v  -81.7499 82.9249 34.8886
v  -85.8738 86.8891 36.0253
v  -78.8339 82.3673 34.7287
v  -71.7939 92.4952 37.6328
v  -73.4457 94.8716 38.3142
v  -75.9178 96.4594 38.7695
v  -71.2139 89.6922 36.8290
v  -71.7939 86.8891 36.0253
v  -73.4457 84.5127 35.3439
v  -75.9178 82.9249 34.8886
v  -81.0380 91.4663 47.2466
v  -82.8056 90.1113 46.8581
v  -78.8339 87.0667 45.9851
v  -83.7865 88.1533 46.2966
v  -78.8339 91.9499 47.3853
v  -81.0380 82.6671 44.7235
v  -78.8339 82.1835 44.5848
v  -83.7865 85.9801 45.6735
v  -82.8056 84.0221 45.1120
v  -74.8622 90.1113 46.8581
v  -76.6297 91.4663 47.2466
v  -73.8812 88.1533 46.2966
v  -74.8622 84.0221 45.1120
v  -73.8812 85.9801 45.6735
v  -76.6297 82.6671 44.7235
v  -81.0380 83.3672 42.2819
v  -79.9359 82.4253 44.6542
v  -81.9218 84.0447 42.4762
v  -81.0380 92.1665 44.8050
v  -81.9218 91.4890 44.6108
v  -82.8056 90.8115 44.4165
v  -81.9218 90.7888 47.0524
v  -83.2961 85.7012 42.9511
v  -82.8056 84.7222 42.6704
v  -83.7865 87.0667 45.9851
v  -83.7865 88.8534 43.8550
v  -83.7865 87.7668 43.5435
v  -79.8837 83.1140 42.2093
v  -83.2961 89.8325 44.1358
v  -83.2961 89.1323 46.5774
v  -81.9218 83.3446 44.9178
v  -83.2961 85.0011 45.3927
v  -83.7865 86.6802 43.2319
v  -79.9359 92.4082 44.8744
v  -78.8339 82.8836 42.1432
v  -79.8837 91.7196 47.3192
v  -78.8339 92.6500 44.9437
v  -76.6297 92.1665 44.8050
v  -77.7318 91.7081 47.3160
v  -75.7460 91.4890 44.6108
v  -77.7318 83.1254 42.2126
v  -77.7841 82.4138 44.6509
v  -74.3717 89.8325 44.1358
v  -74.8622 90.8115 44.4165
v  -77.7841 92.4197 44.8777
v  -75.7460 90.7888 47.0524
v  -74.3717 89.1323 46.5774
v  -73.8812 88.8534 43.8550
v  -73.8812 86.6802 43.2319
v  -73.8812 87.0667 45.9851
v  -74.3717 85.7012 42.9511
v  -75.7460 84.0447 42.4762
v  -75.7460 83.3446 44.9178
v  -74.8622 84.7222 42.6704
v  -74.3717 85.0011 45.3927
v  -76.6297 83.3672 42.2819
v  -73.8812 87.7668 43.5435
v  -78.8339 93.8708 45.2937
v  -81.2639 93.4062 45.1605
v  -83.3240 92.0830 44.7811
v  -84.7005 90.1027 44.2133
v  -85.1839 87.7668 43.5435
v  -81.2639 82.1275 41.9264
v  -78.8339 81.6628 41.7932
v  -83.3240 83.4506 42.3058
v  -84.7005 85.4309 42.8736
v  -74.3438 92.0830 44.7811
v  -72.9672 90.1027 44.2133
v  -72.4839 87.7668 43.5435
v  -76.4038 93.4062 45.1605
v  -72.9672 85.4309 42.8736
v  -74.3438 83.4506 42.3058
v  -76.4038 82.1275 41.9264
v  -81.2639 83.0026 38.8744
v  -80.0489 81.8951 41.8598
v  -84.0123 91.9680 41.4452
v  -84.0123 91.0929 44.4972
v  -84.0123 85.3159 39.5377
v  -83.3240 84.3258 39.2538
v  -84.9422 86.5989 43.2086
v  -85.1839 88.6420 40.4915
v  -84.9422 87.4740 40.1565
v  -83.3240 92.9582 41.7291
v  -82.2940 92.7446 44.9708
v  -82.2940 93.6198 41.9188
v  -82.2940 83.6642 39.0641
v  -78.8339 94.7460 42.2417
v  -80.0170 94.5198 42.1769
v  -80.0170 82.7642 38.8060
v  -84.0123 84.4408 42.5897
v  -84.7005 86.3061 39.8216
v  -82.2940 82.7891 42.1161
v  -84.7005 90.9779 41.1613
v  -81.2639 94.2813 42.1085
v  -84.9422 89.8099 40.8264
v  -80.0489 93.6385 45.2271
v  -84.9422 88.9348 43.8784
v  -78.8339 82.5380 38.7411
v  -76.4038 94.2813 42.1085
v  -77.6189 93.6385 45.2271
v  -75.3738 92.7446 44.9708
v  -74.3438 92.9582 41.7291
v  -73.6555 91.9680 41.4452
v  -75.3738 93.6198 41.9188
v  -72.7256 88.9348 43.8784
v  -72.4839 88.6420 40.4915
v  -72.7256 89.8099 40.8264
v  -72.9672 90.9779 41.1613
v  -77.6508 94.5198 42.1769
v  -73.6555 91.0929 44.4972
v  -77.6189 82.7703 38.8078
v  -77.6508 81.8890 41.8580
v  -73.6555 84.4408 42.5897
v  -74.3438 84.3258 39.2538
v  -73.6555 85.3159 39.5377
v  -72.9672 86.3061 39.8216
v  -76.4038 83.0026 38.8744
v  -75.3738 83.6642 39.0641
v  -72.7256 86.5989 43.2086
v  -72.7256 87.4740 40.1565
v  -75.3738 82.7891 42.1161
v  -78.8339 95.9668 42.5918
v  -81.7499 95.4092 42.4319
v  -84.2220 93.8214 41.9766
v  -85.8738 91.4451 41.2952
v  -86.4539 88.6420 40.4915
v  -81.7499 81.8747 38.5510
v  -78.8339 81.3172 38.3911
v  -84.2220 83.4626 39.0063
v  -85.8738 85.8389 39.6877
v  -71.7939 91.4451 41.2952
v  -73.4457 93.8214 41.9766
v  -71.2139 88.6420 40.4915
v  -75.9178 95.4092 42.4319
v  -71.7939 85.8389 39.6877
v  -73.4457 83.4626 39.0063
v  -75.9178 81.8747 38.5510
v  -80.2919 81.5959 38.4710
v  -86.1639 88.2906 36.4272
v  -85.0479 85.7009 35.6846
v  -82.9860 82.6686 38.7786
v  -86.1639 90.0435 40.8933
v  -82.9860 83.7188 35.1162
v  -85.0479 93.6834 37.9735
v  -85.0479 92.6332 41.6359
v  -80.1299 82.6152 34.7997
v  -85.0479 84.6507 39.3470
v  -86.1639 87.2404 40.0896
v  -86.1639 91.0937 37.2309
v  -82.9860 95.6655 38.5419
v  -82.9860 94.6153 42.2043
v  -80.2919 96.7382 38.8495
v  -80.2919 95.6880 42.5119
v  -77.3759 95.6880 42.5119
v  -74.6818 94.6153 42.2043
v  -72.6198 93.6834 37.9735
v  -74.6818 95.6655 38.5419
v  -71.5039 90.0435 40.8933
v  -71.5039 91.0937 37.2309
v  -77.5379 96.7692 38.8583
v  -72.6198 92.6332 41.6359
v  -77.3759 82.6461 34.8086
v  -77.5379 81.5650 38.4622
v  -72.6198 84.6507 39.3470
v  -72.6198 85.7009 35.6846
v  -74.6818 83.7188 35.1162
v  -71.5039 87.2404 40.0896
v  -71.5039 88.2906 36.4272
v  -74.6818 82.6686 38.7786
# 186 vertices

vn 0.0000 0.2756 -0.9613
vn -0.0000 -0.2756 0.9613
vn -0.4339 -0.8661 -0.2483
vn -0.2225 -0.9372 -0.2687
vn -0.6235 -0.7515 -0.2155
vn -0.4339 0.8661 0.2483
vn -0.6235 0.7515 0.2155
vn -0.7818 0.5993 0.1719
vn -0.7818 -0.5993 -0.1719
vn -0.9010 -0.4171 -0.1196
vn -1.0000 -0.0000 -0.0000
vn -0.9749 0.2139 0.0613
vn -0.2121 -0.9394 -0.2694
vn -0.0000 -0.9613 -0.2756
vn -0.9010 0.4171 0.1196
vn -0.9749 -0.2139 -0.0613
vn -0.2225 0.9372 0.2687
vn -0.2121 0.9394 0.2694
vn -0.0000 0.9613 0.2756
vn 0.4339 0.8661 0.2483
vn 0.2225 0.9372 0.2687
vn 0.6235 0.7515 0.2155
vn 0.2225 -0.9372 -0.2687
vn 0.4339 -0.8661 -0.2483
vn 0.2121 -0.9394 -0.2694
vn 0.7818 0.5993 0.1719
vn 0.9010 0.4171 0.1196
vn 0.2121 0.9394 0.2694
vn 0.9749 0.2139 0.0613
vn 0.9749 -0.2139 -0.0613
vn 1.0000 0.0000 0.0000
vn 0.9010 -0.4171 -0.1196
vn 0.6235 -0.7515 -0.2155
vn 0.7818 -0.5993 -0.1719
vn -0.3827 -0.8881 -0.2547
vn -0.1951 -0.9428 -0.2703
vn -0.8315 0.5340 0.1531
vn -0.9239 0.3679 0.1055
vn -0.7071 -0.6797 -0.1949
vn -0.8315 -0.5340 -0.1531
vn -0.9808 -0.1875 -0.0538
vn -0.7071 0.6797 0.1949
vn -0.5556 0.7993 0.2292
vn -0.5556 -0.7993 -0.2292
vn -0.1900 0.9437 0.2706
vn -0.1900 -0.9437 -0.2706
vn -0.9239 -0.3679 -0.1055
vn -0.3827 0.8881 0.2547
vn -0.9808 0.1875 0.0538
vn -0.1951 0.9428 0.2703
vn 0.3827 0.8881 0.2547
vn 0.1951 0.9428 0.2703
vn 0.5556 0.7993 0.2292
vn 0.7071 0.6797 0.1949
vn 0.8315 0.5340 0.1531
vn 0.9808 0.1875 0.0538
vn 0.9239 0.3679 0.1055
vn 0.1900 0.9437 0.2706
vn 0.1951 -0.9428 -0.2703
vn 0.3827 -0.8881 -0.2547
vn 0.1900 -0.9437 -0.2706
vn 0.8315 -0.5340 -0.1531
vn 0.7071 -0.6797 -0.1949
vn 0.9239 -0.3679 -0.1055
vn 0.5556 -0.7993 -0.2292
vn 0.9808 -0.1875 -0.0538
vn -0.1736 -0.9467 -0.2714
vn 0.1736 0.9467 0.2714
vn 0.1736 -0.9467 -0.2714
# 69 vertex normals

vt -0.0000 5.7429 0.0000
vt -0.0000 5.4929 0.0000
vt 0.0957 5.7239 0.0000
vt 0.1768 5.6697 0.0000
vt 0.2310 5.5886 0.0000
vt 0.2500 5.4929 0.0000
vt 0.1768 5.3161 0.0000
vt 0.0957 5.2619 0.0000
vt 0.2310 5.3972 0.0000
vt -0.0000 5.2429 0.0000
vt -0.2310 5.5886 0.0000
vt -0.1768 5.6697 0.0000
vt -0.0957 5.7239 0.0000
vt -0.2500 5.4929 0.0000
vt -0.2310 5.3972 0.0000
vt -0.1768 5.3161 0.0000
vt -0.0957 5.2619 0.0000
vt -0.0723 5.6431 0.0000
vt -0.1303 5.5968 0.0000
vt 0.0000 5.4929 0.0000
vt -0.1625 5.5300 0.0000
vt 0.0000 5.6596 0.0000
vt -0.0723 5.3427 0.0000
vt 0.0000 5.3262 0.0000
vt -0.1625 5.4558 0.0000
vt -0.1303 5.3890 0.0000
vt 0.1303 5.5968 0.0000
vt 0.0723 5.6431 0.0000
vt 0.1625 5.5300 0.0000
vt 0.1303 5.3890 0.0000
vt 0.1625 5.4558 0.0000
vt 0.0723 5.3427 0.0000
vt 0.0748 -0.8333 0.0000
vt 0.0374 -0.9167 0.0000
vt 0.0748 -0.9167 0.0000
vt 0.1122 -0.8333 0.0000
vt 0.4488 -0.9167 0.0000
vt 0.4488 -0.8333 0.0000
vt 0.4114 -0.8333 0.0000
vt 0.3740 -0.8333 0.0000
vt 0.4114 -0.9167 0.0000
vt 0.1496 -0.9167 0.0000
vt 0.1870 -0.8333 0.0000
vt 0.1496 -0.8333 0.0000
vt 0.2618 -0.9167 0.0000
vt 0.2992 -0.8333 0.0000
vt 0.2618 -0.8333 0.0000
vt 0.0356 -0.8333 0.0000
vt 0.0000 -0.9167 0.0000
vt 0.3366 -0.8333 0.0000
vt 0.2992 -0.9167 0.0000
vt 0.3366 -0.9167 0.0000
vt 0.1122 -0.9167 0.0000
vt 0.1870 -0.9167 0.0000
vt 0.2244 -0.8333 0.0000
vt 0.2244 -0.9167 0.0000
vt 0.4862 -0.8333 0.0000
vt 0.0000 -0.8333 0.0000
vt 0.4880 -0.9167 0.0000
vt 0.5236 -0.8333 0.0000
vt 0.3740 -0.9167 0.0000
vt 0.5236 -0.9167 0.0000
vt -0.4488 -0.8333 0.0000
vt -0.4862 -0.9167 0.0000
vt -0.4488 -0.9167 0.0000
vt -0.4114 -0.8333 0.0000
vt -0.0374 -0.8333 0.0000
vt -0.0748 -0.9167 0.0000
vt -0.0356 -0.9167 0.0000
vt -0.3740 -0.9167 0.0000
vt -0.3366 -0.8333 0.0000
vt -0.3740 -0.8333 0.0000
vt -0.5236 -0.9167 0.0000
vt -0.4880 -0.8333 0.0000
vt -0.5236 -0.8333 0.0000
vt -0.4114 -0.9167 0.0000
vt -0.3366 -0.9167 0.0000
vt -0.2992 -0.8333 0.0000
vt -0.2244 -0.8333 0.0000
vt -0.2618 -0.9167 0.0000
vt -0.2244 -0.9167 0.0000
vt -0.1870 -0.8333 0.0000
vt -0.1122 -0.8333 0.0000
vt -0.1496 -0.9167 0.0000
vt -0.1122 -0.9167 0.0000
vt -0.1496 -0.8333 0.0000
vt -0.1870 -0.9167 0.0000
vt -0.0748 -0.8333 0.0000
vt -0.2618 -0.8333 0.0000
vt -0.2992 -0.9167 0.0000
vt 0.0000 5.7012 0.0000
vt -0.0797 5.6854 0.0000
vt -0.1473 5.6402 0.0000
vt -0.1925 5.5726 0.0000
vt -0.2083 5.4929 0.0000
vt -0.0797 5.3004 0.0000
vt 0.0000 5.2846 0.0000
vt -0.1473 5.3456 0.0000
vt -0.1925 5.4132 0.0000
vt 0.1473 5.6402 0.0000
vt 0.1925 5.5726 0.0000
vt 0.2083 5.4929 0.0000
vt 0.0797 5.6854 0.0000
vt 0.1925 5.4132 0.0000
vt 0.1473 5.3456 0.0000
vt 0.0797 5.3004 0.0000
vt 0.0818 -0.7292 0.0000
vt 0.0409 -0.8333 0.0000
vt 0.0818 -0.8333 0.0000
vt 0.4500 -0.7292 0.0000
vt 0.4091 -0.8333 0.0000
vt 0.4500 -0.8333 0.0000
vt 0.1636 -0.8333 0.0000
vt 0.2045 -0.7292 0.0000
vt 0.1636 -0.7292 0.0000
vt 0.2863 -0.8333 0.0000
vt 0.3272 -0.7292 0.0000
vt 0.2863 -0.7292 0.0000
vt 0.4909 -0.7292 0.0000
vt 0.5318 -0.8333 0.0000
vt 0.5318 -0.7292 0.0000
vt 0.1227 -0.7292 0.0000
vt 0.6545 -0.8333 0.0000
vt 0.6545 -0.7292 0.0000
vt 0.6147 -0.7292 0.0000
vt 0.0398 -0.7292 0.0000
vt 0.2045 -0.8333 0.0000
vt 0.2454 -0.7292 0.0000
vt 0.1227 -0.8333 0.0000
vt 0.2454 -0.8333 0.0000
vt 0.3272 -0.8333 0.0000
vt 0.4909 -0.8333 0.0000
vt 0.4091 -0.7292 0.0000
vt 0.5727 -0.8333 0.0000
vt 0.5727 -0.7292 0.0000
vt 0.3682 -0.7292 0.0000
vt 0.6136 -0.8333 0.0000
vt 0.3682 -0.8333 0.0000
vt 0.0000 -0.7292 0.0000
vt -0.5727 -0.7292 0.0000
vt -0.6136 -0.8333 0.0000
vt -0.5727 -0.8333 0.0000
vt -0.5318 -0.8333 0.0000
vt -0.4909 -0.8333 0.0000
vt -0.4909 -0.7292 0.0000
vt -0.4500 -0.7292 0.0000
vt -0.5318 -0.7292 0.0000
vt -0.3682 -0.8333 0.0000
vt -0.3272 -0.7292 0.0000
vt -0.3682 -0.7292 0.0000
vt -0.4091 -0.7292 0.0000
vt -0.4091 -0.8333 0.0000
vt -0.6147 -0.7292 0.0000
vt -0.6545 -0.8333 0.0000
vt -0.4500 -0.8333 0.0000
vt -0.0409 -0.7292 0.0000
vt -0.0818 -0.8333 0.0000
vt -0.0398 -0.8333 0.0000
vt -0.2045 -0.8333 0.0000
vt -0.1636 -0.8333 0.0000
vt -0.1636 -0.7292 0.0000
vt -0.3272 -0.8333 0.0000
vt -0.2045 -0.7292 0.0000
vt -0.2454 -0.8333 0.0000
vt -0.2454 -0.7292 0.0000
vt -0.0818 -0.7292 0.0000
vt -0.6545 -0.7292 0.0000
vt -0.1227 -0.7292 0.0000
vt -0.2863 -0.8333 0.0000
vt -0.2863 -0.7292 0.0000
vt -0.1227 -0.8333 0.0000
vt 0.0000 5.7429 0.0000
vt 0.0000 5.2429 0.0000
vt 0.0982 -0.6042 0.0000
vt 0.0491 -0.7292 0.0000
vt 0.0982 -0.7292 0.0000
vt 0.3436 -0.6042 0.0000
vt 0.2945 -0.6042 0.0000
vt 0.2945 -0.7292 0.0000
vt 0.1963 -0.7292 0.0000
vt 0.2454 -0.6042 0.0000
vt 0.1963 -0.6042 0.0000
vt 0.1473 -0.7292 0.0000
vt 0.4418 -0.7292 0.0000
vt 0.4909 -0.6042 0.0000
vt 0.1473 -0.6042 0.0000
vt 0.5400 -0.6042 0.0000
vt 0.5400 -0.7292 0.0000
vt 0.0436 -0.6042 0.0000
vt 0.3436 -0.7292 0.0000
vt 0.3927 -0.6042 0.0000
vt 0.3927 -0.7292 0.0000
vt 0.4418 -0.6042 0.0000
vt 0.5890 -0.7292 0.0000
vt 0.6872 -0.7292 0.0000
vt 0.6872 -0.6042 0.0000
vt 0.6381 -0.6042 0.0000
vt 0.6381 -0.7292 0.0000
vt 0.0000 -0.6042 0.0000
vt 0.5890 -0.6042 0.0000
vt 0.7363 -0.6042 0.0000
vt 0.7363 -0.7292 0.0000
vt 0.7854 -0.7292 0.0000
vt 0.7854 -0.6042 0.0000
vt -0.6872 -0.6042 0.0000
vt -0.7363 -0.7292 0.0000
vt -0.6872 -0.7292 0.0000
vt -0.6381 -0.7292 0.0000
vt -0.5890 -0.7292 0.0000
vt -0.5890 -0.6042 0.0000
vt -0.5400 -0.6042 0.0000
vt -0.6381 -0.6042 0.0000
vt -0.4418 -0.7292 0.0000
vt -0.3927 -0.6042 0.0000
vt -0.4418 -0.6042 0.0000
vt -0.4909 -0.6042 0.0000
vt -0.7418 -0.6042 0.0000
vt -0.7854 -0.7292 0.0000
vt -0.5400 -0.7292 0.0000
vt -0.0491 -0.6042 0.0000
vt -0.0982 -0.7292 0.0000
vt -0.0436 -0.7292 0.0000
vt -0.1963 -0.7292 0.0000
vt -0.1963 -0.6042 0.0000
vt -0.3927 -0.7292 0.0000
vt -0.2454 -0.6042 0.0000
vt -0.2945 -0.7292 0.0000
vt -0.2945 -0.6042 0.0000
vt -0.0982 -0.6042 0.0000
vt -0.7854 -0.6042 0.0000
vt -0.1473 -0.6042 0.0000
vt -0.3436 -0.7292 0.0000
vt -0.3436 -0.6042 0.0000
vt -0.1473 -0.7292 0.0000
# 234 texture coords

g _Revolve__1936_
usemtl plastic
s off
f 4299/5847/2022 4300/5848/2022 4301/5849/2022 
f 4300/5848/2022 4302/5850/2022 4301/5849/2022 
f 4302/5850/2022 4300/5848/2022 4303/5851/2022 
f 4300/5848/2022 4304/5852/2022 4303/5851/2022 
f 4305/5853/2022 4300/5848/2022 4306/5854/2022 
f 4307/5855/2022 4304/5852/2022 4300/5848/2022 
f 4300/5848/2022 4305/5853/2022 4307/5855/2022 
f 4300/5848/2022 4308/5856/2022 4306/5854/2022 
f 4309/5857/2022 4300/5848/2022 4310/5858/2022 
f 4300/5848/2022 4311/5859/2022 4310/5858/2022 
f 4299/5847/2022 4311/5859/2022 4300/5848/2022 
f 4309/5857/2022 4312/5860/2022 4300/5848/2022 
f 4313/5861/2022 4314/5862/2022 4300/5848/2022 
f 4300/5848/2022 4315/5863/2022 4308/5856/2022 
f 4315/5863/2022 4300/5848/2022 4314/5862/2022 
f 4313/5861/2022 4300/5848/2022 4312/5860/2022 
f 4316/5864/2023 4317/5865/2023 4318/5866/2023 
f 4317/5865/2023 4319/5867/2023 4318/5866/2023 
f 4318/5866/2023 4320/5868/2023 4316/5864/2023 
f 4321/5869/2023 4322/5870/2023 4318/5866/2023 
f 4323/5871/2023 4324/5872/2023 4318/5866/2023 
f 4321/5869/2023 4318/5866/2023 4324/5872/2023 
f 4319/5867/2023 4323/5871/2023 4318/5866/2023 
f 4318/5866/2023 4325/5873/2023 4326/5874/2023 
f 4326/5874/2023 4320/5868/2023 4318/5866/2023 
f 4327/5875/2023 4325/5873/2023 4318/5866/2023 
f 4318/5866/2023 4328/5876/2023 4329/5877/2023 
f 4322/5870/2023 4330/5878/2023 4318/5866/2023 
f 4328/5876/2023 4318/5866/2023 4330/5878/2023 
f 4327/5875/2023 4318/5866/2023 4329/5877/2023 
f 4331/5879/2024 4332/5880/2025 4321/5881/2024 
f 4321/5881/2024 4333/5882/2026 4331/5879/2024 
f 4316/5883/2027 4334/5884/2027 4335/5885/2028 
f 4336/5886/2029 4337/5887/2028 4335/5885/2028 
f 4324/5888/2030 4338/5889/2031 4339/5890/2030 
f 4340/5891/2032 4341/5892/2033 4342/5893/2032 
f 4343/5894/2034 4322/5895/2035 4332/5880/2025 
f 4344/5896/2036 4319/5897/2033 4345/5898/2036 
f 4346/5899/2026 4339/5890/2030 4333/5882/2026 
f 4347/5900/2031 4348/5901/2037 4338/5889/2031 
f 4342/5893/2032 4348/5901/2037 4323/5902/2037 
f 4341/5892/2033 4340/5891/2032 4319/5897/2033 
f 4319/5897/2033 4344/5896/2036 4341/5892/2033 
f 4346/5899/2026 4324/5888/2030 4339/5890/2030 
f 4316/5883/2027 4349/5903/2038 4334/5884/2027 
f 4331/5879/2024 4343/5894/2034 4332/5880/2025 
f 4347/5900/2031 4323/5902/2037 4348/5901/2037 
f 4316/5883/2027 4335/5885/2028 4337/5887/2028 
f 4333/5882/2026 4321/5881/2024 4346/5899/2026 
f 4345/5898/2036 4336/5886/2029 4344/5896/2036 
f 4322/5895/2035 4343/5894/2034 4350/5904/2035 
f 4351/5905/2039 4352/5906/2040 4349/5903/2038 
f 4317/5907/2029 4337/5887/2028 4336/5886/2029 
f 4338/5889/2031 4324/5888/2030 4347/5900/2031 
f 4349/5903/2038 4316/5883/2027 4351/5905/2039 
f 4342/5893/2032 4323/5902/2037 4340/5891/2032 
f 4351/5905/2039 4320/5908/2040 4352/5906/2040 
f 4345/5898/2036 4317/5907/2029 4336/5886/2029 
f 4353/5909/2041 4354/5910/2042 4326/5911/2041 
f 4326/5911/2041 4355/5912/2043 4353/5909/2041 
f 4356/5913/2044 4330/5914/2045 4357/5915/2046 
f 4357/5915/2046 4322/5895/2035 4350/5904/2035 
f 4325/5916/2047 4358/5917/2048 4359/5918/2047 
f 4320/5919/2040 4360/5920/2049 4352/5921/2040 
f 4360/5920/2049 4320/5919/2040 4354/5910/2042 
f 4355/5912/2043 4326/5911/2041 4361/5922/2043 
f 4361/5922/2043 4359/5918/2047 4355/5912/2043 
f 4362/5923/2048 4363/5924/2050 4358/5917/2048 
f 4353/5909/2041 4360/5920/2049 4354/5910/2042 
f 4364/5925/2051 4365/5926/2052 4329/5927/2051 
f 4329/5927/2051 4366/5928/2053 4364/5925/2051 
f 4367/5929/2054 4328/5930/2055 4368/5931/2054 
f 4328/5930/2055 4367/5929/2054 4369/5932/2055 
f 4366/5928/2053 4329/5927/2051 4370/5933/2053 
f 4370/5933/2053 4328/5930/2055 4369/5932/2055 
f 4330/5914/2045 4356/5913/2044 4371/5934/2045 
f 4358/5917/2048 4325/5916/2047 4362/5923/2048 
f 4370/5933/2053 4369/5932/2055 4366/5928/2053 
f 4365/5926/2052 4364/5925/2051 4372/5935/2052 
f 4368/5931/2054 4371/5934/2045 4367/5929/2054 
f 4357/5915/2046 4350/5904/2035 4356/5913/2044 
f 4362/5923/2048 4327/5936/2050 4363/5924/2050 
f 4372/5935/2052 4363/5924/2050 4327/5936/2050 
f 4372/5935/2052 4327/5936/2050 4365/5926/2052 
f 4368/5931/2054 4330/5914/2045 4371/5934/2045 
f 4361/5922/2043 4325/5916/2047 4359/5918/2047 
f 4352/5868/2023 4373/5937/2023 4374/5938/2023 
f 4374/5938/2023 4334/5864/2023 4352/5868/2023 
f 4375/5939/2023 4334/5864/2023 4374/5938/2023 
f 4376/5940/2023 4336/5865/2023 4375/5939/2023 
f 4334/5864/2023 4375/5939/2023 4336/5865/2023 
f 4377/5941/2023 4341/5867/2023 4376/5940/2023 
f 4336/5865/2023 4376/5940/2023 4341/5867/2023 
f 4378/5942/2023 4350/5870/2023 4331/5869/2023 
f 4350/5870/2023 4378/5942/2023 4379/5943/2023 
f 4380/5944/2023 4378/5942/2023 4331/5869/2023 
f 4381/5945/2023 4348/5871/2023 4377/5941/2023 
f 4348/5871/2023 4341/5867/2023 4377/5941/2023 
f 4380/5944/2023 4339/5872/2023 4381/5945/2023 
f 4348/5871/2023 4381/5945/2023 4339/5872/2023 
f 4331/5869/2023 4339/5872/2023 4380/5944/2023 
f 4353/5874/2023 4359/5873/2023 4382/5946/2023 
f 4383/5947/2023 4382/5946/2023 4359/5873/2023 
f 4359/5873/2023 4363/5875/2023 4383/5947/2023 
f 4384/5948/2023 4383/5947/2023 4363/5875/2023 
f 4352/5868/2023 4385/5949/2023 4373/5937/2023 
f 4385/5949/2023 4352/5868/2023 4353/5874/2023 
f 4353/5874/2023 4382/5946/2023 4385/5949/2023 
f 4386/5950/2023 4384/5948/2023 4364/5877/2023 
f 4369/5876/2023 4386/5950/2023 4364/5877/2023 
f 4387/5951/2023 4386/5950/2023 4369/5876/2023 
f 4371/5878/2023 4387/5951/2023 4369/5876/2023 
f 4379/5943/2023 4388/5952/2023 4350/5870/2023 
f 4371/5878/2023 4350/5870/2023 4388/5952/2023 
f 4371/5878/2023 4388/5952/2023 4387/5951/2023 
f 4384/5948/2023 4363/5875/2023 4364/5877/2023 
f 4389/5953/2056 4390/5954/2057 4378/5955/2056 
f 4391/5956/2058 4376/5957/2059 4392/5958/2058 
f 4380/5959/2060 4393/5960/2061 4394/5961/2060 
f 4395/5962/2062 4396/5963/2032 4397/5964/2062 
f 4398/5965/2063 4399/5966/2064 4400/5967/2064 
f 4378/5955/2056 4401/5968/2065 4389/5953/2056 
f 4373/5969/2040 4402/5970/2040 4403/5971/2066 
f 4404/5972/2067 4379/5904/2035 4390/5954/2057 
f 4405/5973/2061 4406/5974/2068 4393/5960/2061 
f 4407/5975/2065 4394/5961/2060 4401/5968/2065 
f 4407/5975/2065 4380/5959/2060 4394/5961/2060 
f 4397/5964/2062 4406/5974/2068 4381/5976/2068 
f 4396/5963/2032 4395/5962/2062 4377/5977/2032 
f 4392/5958/2058 4375/5978/2063 4398/5965/2063 
f 4397/5964/2062 4381/5976/2068 4395/5962/2062 
f 4376/5957/2059 4391/5956/2058 4408/5979/2059 
f 4393/5960/2061 4380/5959/2060 4405/5973/2061 
f 4374/5980/2069 4400/5967/2064 4399/5966/2064 
f 4374/5980/2069 4409/5981/2069 4400/5967/2064 
f 4410/5982/2070 4396/5963/2032 4377/5977/2032 
f 4373/5969/2040 4403/5971/2066 4411/5983/2071 
f 4408/5979/2059 4412/5984/2070 4376/5957/2059 
f 4410/5982/2070 4377/5977/2032 4412/5984/2070 
f 4389/5953/2056 4404/5972/2067 4390/5954/2057 
f 4392/5958/2058 4398/5965/2063 4391/5956/2058 
f 4398/5965/2063 4375/5978/2063 4399/5966/2064 
f 4379/5904/2035 4404/5972/2067 4413/5985/2035 
f 4374/5980/2069 4411/5983/2071 4409/5981/2069 
f 4405/5973/2061 4381/5976/2068 4406/5974/2068 
f 4412/5984/2070 4408/5979/2059 4410/5982/2070 
f 4401/5968/2065 4378/5955/2056 4407/5975/2065 
f 4409/5981/2069 4411/5983/2071 4403/5971/2066 
f 4414/5986/2072 4415/5987/2073 4385/5988/2072 
f 4416/5989/2074 4382/5990/2075 4417/5991/2075 
f 4382/5990/2075 4418/5992/2076 4417/5991/2075 
f 4419/5993/2074 4385/5988/2072 4416/5989/2074 
f 4420/5994/2077 4421/5995/2052 4422/5996/2077 
f 4385/5988/2072 4419/5993/2074 4414/5986/2072 
f 4422/5996/2077 4423/5997/2078 4383/5998/2078 
f 4424/5999/2079 4373/6000/2040 4415/5987/2073 
f 4425/6001/2076 4423/5997/2078 4418/5992/2076 
f 4416/5989/2074 4417/5991/2075 4419/5993/2074 
f 4426/6002/2080 4388/6003/2081 4427/6004/2082 
f 4428/6005/2083 4387/6006/2084 4429/6007/2084 
f 4421/5995/2052 4420/5994/2077 4384/6008/2052 
f 4430/6009/2083 4386/6010/2085 4428/6005/2083 
f 4422/5996/2077 4383/5998/2078 4420/5994/2077 
f 4386/6010/2085 4430/6009/2083 4431/6011/2085 
f 4414/5986/2072 4424/5999/2079 4415/5987/2073 
f 4388/6003/2081 4426/6002/2080 4432/6012/2081 
f 4373/6000/2040 4424/5999/2079 4402/6013/2040 
f 4418/5992/2076 4382/5990/2075 4425/6001/2076 
f 4387/6006/2084 4433/6014/2086 4429/6007/2084 
f 4431/6011/2085 4434/6015/2087 4386/6010/2085 
f 4435/6016/2087 4384/6008/2052 4434/6015/2087 
f 4428/6005/2083 4429/6007/2084 4430/6009/2083 
f 4436/6017/2086 4432/6012/2081 4433/6014/2086 
f 4434/6015/2087 4431/6011/2085 4435/6016/2087 
f 4436/6017/2086 4388/6003/2081 4432/6012/2081 
f 4427/6004/2082 4413/5985/2035 4426/6002/2080 
f 4433/6014/2086 4387/6006/2084 4436/6017/2086 
f 4435/6016/2087 4421/5995/2052 4384/6008/2052 
f 4425/6001/2076 4383/5998/2078 4423/5997/2078 
f 4427/6004/2082 4379/5904/2035 4413/5985/2035 
f 4402/5937/2023 4437/6018/2023 4438/5859/2023 
f 4438/5859/2023 4409/5938/2023 4402/5937/2023 
f 4439/5858/2023 4409/5938/2023 4438/5859/2023 
f 4440/5857/2023 4398/5939/2023 4439/5858/2023 
f 4409/5938/2023 4439/5858/2023 4398/5939/2023 
f 4408/5940/2023 4440/5857/2023 4441/5860/2023 
f 4398/5939/2023 4440/5857/2023 4408/5940/2023 
f 4396/5941/2023 4408/5940/2023 4441/5860/2023 
f 4442/5863/2023 4413/5943/2023 4389/5942/2023 
f 4413/5943/2023 4442/5863/2023 4443/6019/2023 
f 4444/5862/2023 4442/5863/2023 4389/5942/2023 
f 4445/5861/2023 4406/5945/2023 4441/5860/2023 
f 4406/5945/2023 4396/5941/2023 4441/5860/2023 
f 4444/5862/2023 4394/5944/2023 4445/5861/2023 
f 4406/5945/2023 4445/5861/2023 4394/5944/2023 
f 4389/5942/2023 4394/5944/2023 4444/5862/2023 
f 4446/5851/2023 4447/5850/2023 4417/5946/2023 
f 4423/5947/2023 4421/5948/2023 4448/5852/2023 
f 4448/5852/2023 4446/5851/2023 4423/5947/2023 
f 4423/5947/2023 4446/5851/2023 4417/5946/2023 
f 4402/5937/2023 4449/5849/2023 4437/6018/2023 
f 4449/5849/2023 4402/5937/2023 4414/5949/2023 
f 4447/5850/2023 4449/5849/2023 4414/5949/2023 
f 4414/5949/2023 4417/5946/2023 4447/5850/2023 
f 4450/5855/2023 4448/5852/2023 4431/5950/2023 
f 4429/5951/2023 4450/5855/2023 4431/5950/2023 
f 4451/5853/2023 4450/5855/2023 4429/5951/2023 
f 4432/5952/2023 4451/5853/2023 4429/5951/2023 
f 4443/6019/2023 4452/5854/2023 4413/5943/2023 
f 4432/5952/2023 4413/5943/2023 4452/5854/2023 
f 4432/5952/2023 4452/5854/2023 4451/5853/2023 
f 4448/5852/2023 4421/5948/2023 4431/5950/2023 
f 4306/6020/2056 4453/6021/2057 4442/6022/2056 
f 4454/6023/2062 4307/6024/2068 4445/6025/2068 
f 4444/6026/2060 4455/6027/2061 4305/6028/2060 
f 4456/6029/2065 4444/6026/2060 4305/6028/2060 
f 4457/6030/2070 4440/5965/2059 4303/6031/2059 
f 4442/6022/2056 4458/6032/2065 4306/6020/2056 
f 4459/6033/2058 4440/5965/2059 4460/6034/2058 
f 4461/6035/2088 4443/5985/2035 4453/6021/2057 
f 4462/5974/2061 4307/6024/2068 4455/6027/2061 
f 4456/6029/2065 4305/6028/2060 4458/6032/2065 
f 4458/6032/2065 4442/6022/2056 4456/6029/2065 
f 4463/6036/2062 4304/6037/2032 4454/6023/2062 
f 4304/6037/2032 4463/6036/2062 4441/6038/2032 
f 4464/6039/2070 4441/6038/2032 4457/6030/2070 
f 4454/6023/2062 4445/6025/2068 4463/6036/2062 
f 4441/6038/2032 4464/6039/2070 4304/6037/2032 
f 4462/5974/2061 4445/6025/2068 4307/6024/2068 
f 4439/6040/2063 4459/6033/2058 4460/6034/2058 
f 4303/6031/2059 4440/5965/2059 4459/6033/2058 
f 4438/6041/2069 4301/6042/2069 4465/6043/2064 
f 4466/6044/2064 4438/6041/2069 4465/6043/2064 
f 4443/5985/2035 4461/6035/2088 4308/6045/2035 
f 4302/6046/2063 4459/6033/2058 4439/6040/2063 
f 4467/6047/2071 4301/6042/2069 4468/6048/2071 
f 4466/6044/2064 4302/6046/2063 4439/6040/2063 
f 4301/6042/2069 4438/6041/2069 4468/6048/2071 
f 4455/6027/2061 4444/6026/2060 4462/5974/2061 
f 4437/6049/2040 4299/6050/2040 4467/6047/2071 
f 4306/6020/2056 4461/6035/2088 4453/6021/2057 
f 4437/6049/2040 4467/6047/2071 4468/6048/2071 
f 4457/6030/2070 4303/6031/2059 4464/6039/2070 
f 4302/6046/2063 4466/6044/2064 4465/6043/2064 
f 4311/6051/2072 4469/6052/2073 4449/6053/2072 
f 4470/6054/2074 4447/6055/2075 4310/6056/2075 
f 4447/6055/2075 4471/6057/2076 4310/6056/2075 
f 4472/6058/2074 4449/6053/2072 4470/6054/2074 
f 4473/6059/2077 4312/6060/2052 4474/6061/2077 
f 4449/6053/2072 4472/6058/2074 4311/6051/2072 
f 4474/6061/2077 4309/6062/2078 4446/5991/2078 
f 4475/6063/2089 4437/6064/2040 4469/6052/2073 
f 4476/6065/2076 4309/6062/2078 4471/6057/2076 
f 4470/6054/2074 4310/6056/2075 4472/6058/2074 
f 4477/6066/2080 4452/6067/2081 4478/6068/2090 
f 4479/6011/2083 4451/6069/2084 4314/6070/2084 
f 4312/6060/2052 4473/6059/2077 4448/6071/2052 
f 4480/6072/2083 4450/6073/2085 4479/6011/2083 
f 4474/6061/2077 4446/5991/2078 4473/6059/2077 
f 4450/6073/2085 4480/6072/2083 4313/6074/2085 
f 4311/6051/2072 4475/6063/2089 4469/6052/2073 
f 4452/6067/2081 4477/6066/2080 4315/6075/2081 
f 4437/6064/2040 4475/6063/2089 4299/6076/2040 
f 4471/6057/2076 4447/6055/2075 4476/6065/2076 
f 4451/6069/2084 4481/6077/2086 4314/6070/2084 
f 4313/6074/2085 4482/6078/2087 4450/6073/2085 
f 4483/6079/2087 4448/6071/2052 4482/6078/2087 
f 4479/6011/2083 4314/6070/2084 4480/6072/2083 
f 4484/6080/2086 4315/6075/2081 4481/6077/2086 
f 4482/6078/2087 4313/6074/2085 4483/6079/2087 
f 4484/6080/2086 4452/6067/2081 4315/6075/2081 
f 4478/6068/2090 4308/6045/2035 4477/6066/2080 
f 4481/6077/2086 4451/6069/2084 4484/6080/2086 
f 4483/6079/2087 4312/6060/2052 4448/6071/2052 
f 4476/6065/2076 4446/5991/2078 4309/6062/2078 
f 4478/6068/2090 4443/5985/2035 4308/6045/2035 
# 276 faces

#
# object _Revolve__1947_
#

v  -58.8899 88.8759 14.1349
v  -57.4319 88.5971 14.0550
v  -58.8899 87.8257 17.7973
v  -57.4319 102.6892 18.0958
v  -58.8899 101.3602 21.6783
v  -57.2699 101.6700 21.7671
v  -60.1260 89.6698 14.3626
v  -60.1260 88.6197 18.0250
v  -61.3620 89.4136 18.2526
v  -63.5939 94.5930 19.7378
v  -63.3039 94.2416 15.6735
v  -63.3039 93.1914 19.3359
v  -63.0138 98.4463 16.8792
v  -62.1879 98.5843 20.8823
v  -62.1879 99.6344 17.2199
v  -62.1879 90.6017 18.5933
v  -63.0138 91.7899 18.9340
v  -62.1879 91.6519 14.9309
v  -61.3620 100.8226 17.5606
v  -55.9739 88.3184 13.9751
v  -57.2699 87.5160 17.7085
v  -61.3620 90.4637 14.5902
v  -63.0138 92.8401 15.2716
v  -63.5939 95.6432 16.0754
v  -55.9739 101.9178 21.8382
v  -55.9739 102.9680 18.1758
v  -61.3620 99.7724 21.2230
v  -55.9739 87.2682 17.6375
v  -60.1260 101.6165 17.7882
v  -58.8899 102.4104 18.0159
v  -63.3039 97.0447 16.4773
v  -63.3039 95.9945 20.1397
v  -60.1260 100.5663 21.4506
v  -63.0138 97.3961 20.5416
v  -53.0578 102.4104 18.0159
v  -54.5159 102.6892 18.0958
v  -53.0578 101.3602 21.6783
v  -51.8218 101.6165 17.7882
v  -51.8218 100.5663 21.4506
v  -50.5857 99.7724 21.2230
v  -48.9339 91.7899 18.9340
v  -48.6439 94.2416 15.6735
v  -48.6439 93.1914 19.3359
v  -49.7598 98.5843 20.8823
v  -48.9339 97.3961 20.5416
v  -49.7598 99.6344 17.2199
v  -48.9339 98.4463 16.8792
v  -48.6439 95.9945 20.1397
v  -54.6779 101.6700 21.7671
v  -50.5857 100.8226 17.5606
v  -48.6439 97.0447 16.4773
v  -48.3539 95.6432 16.0754
v  -48.3539 94.5930 19.7378
v  -50.5857 89.4136 18.2526
v  -49.7598 91.6519 14.9309
v  -49.7598 90.6017 18.5933
v  -54.6779 88.5662 14.0461
v  -51.8218 89.6698 14.3626
v  -51.8218 88.6197 18.0250
v  -53.0578 87.8257 17.7973
v  -53.0578 88.8759 14.1349
v  -50.5857 90.4637 14.5902
v  -54.5159 87.5470 17.7174
v  -48.9339 92.8401 15.2716
v  -55.9739 101.7472 17.8257
v  -58.4039 101.2825 17.6925
v  -60.4640 99.9594 17.3130
v  -61.8405 97.9791 16.7452
v  -62.3239 95.6432 16.0754
v  -58.4039 90.0038 14.4583
v  -55.9739 89.5392 14.3251
v  -61.8405 93.3073 15.4056
v  -60.4640 91.3270 14.8378
v  -51.4837 99.9594 17.3130
v  -49.6239 95.6432 16.0754
v  -50.1072 97.9791 16.7452
v  -53.5438 101.2825 17.6925
v  -50.1072 93.3073 15.4056
v  -51.4837 91.3270 14.8378
v  -53.5438 90.0038 14.4583
v  -58.4039 90.8790 11.4063
v  -57.1889 90.6466 11.3397
v  -59.4340 91.5405 11.5960
v  -59.4340 90.6654 14.6480
v  -60.4640 100.8345 14.2610
v  -61.1523 99.8444 13.9771
v  -57.1570 101.5210 17.7608
v  -55.9739 102.6223 14.7737
v  -61.1523 92.3171 15.1217
v  -61.1523 93.1923 12.0697
v  -61.8405 98.8542 13.6932
v  -61.1523 98.9692 17.0291
v  -55.9739 90.4143 11.2731
v  -57.1570 89.7654 14.3900
v  -60.4640 92.2021 11.7858
v  -62.0822 95.3504 12.6885
v  -61.8405 94.1824 12.3536
v  -62.0822 94.4752 15.7405
v  -62.3239 96.5183 13.0234
v  -59.4340 101.4961 14.4507
v  -59.4340 100.6209 17.5027
v  -57.1889 102.3900 14.7071
v  -58.4039 102.1577 14.6405
v  -62.0822 97.6863 13.3583
v  -62.0822 96.8111 16.4103
v  -53.5438 102.1577 14.6405
v  -54.7589 102.3900 14.7071
v  -52.5138 101.4961 14.4507
v  -52.5138 100.6209 17.5027
v  -49.8656 95.3504 12.6885
v  -49.8656 94.4752 15.7405
v  -50.7955 98.9692 17.0291
v  -50.7955 99.8444 13.9771
v  -50.1072 98.8542 13.6932
v  -49.8656 96.8111 16.4103
v  -54.7908 101.5210 17.7608
v  -51.4837 100.8345 14.2610
v  -49.8656 97.6863 13.3583
v  -49.6239 96.5183 13.0234
v  -50.7955 93.1923 12.0697
v  -50.7955 92.3171 15.1217
v  -54.7908 90.6405 11.3380
v  -52.5138 91.5405 11.5960
v  -52.5138 90.6654 14.6480
v  -53.5438 90.8790 11.4063
v  -51.4837 92.2021 11.7858
v  -54.7589 89.7715 14.3917
v  -50.1072 94.1824 12.3536
v  -55.9739 101.4015 14.4236
v  -58.1780 100.9179 14.2850
v  -59.9456 99.5630 13.8964
v  -60.9265 97.6049 13.3350
v  -58.1780 92.1187 11.7618
v  -55.9739 91.6351 11.6232
v  -60.9265 95.4317 12.7118
v  -59.9456 93.4737 12.1504
v  -52.0022 99.5630 13.8964
v  -53.7697 100.9179 14.2850
v  -51.0212 97.6049 13.3350
v  -51.0212 95.4317 12.7118
v  -52.0022 93.4737 12.1504
v  -53.7697 92.1187 11.7618
v  -58.1780 92.8188 9.3202
v  -57.0759 92.5770 9.2509
v  -59.0618 93.4963 9.5145
v  -59.0618 92.7962 11.9561
v  -59.9456 100.2631 11.4548
v  -59.0618 100.9406 11.6491
v  -60.4361 94.4527 12.4311
v  -60.4361 95.1528 9.9895
v  -60.9265 96.1318 10.2702
v  -60.9265 96.5183 13.0234
v  -60.9265 97.2184 10.5818
v  -55.9739 92.3352 9.1816
v  -57.0237 91.8654 11.6892
v  -60.9265 98.3051 10.8934
v  -60.4361 98.5839 13.6157
v  -60.4361 99.2841 11.1741
v  -59.9456 94.1738 9.7088
v  -55.9739 102.1016 11.9820
v  -57.0237 101.8713 11.9160
v  -58.1780 101.6181 11.8434
v  -59.0618 100.2404 14.0907
v  -57.0759 101.1597 14.3543
v  -53.7697 101.6181 11.8434
v  -54.8718 101.8598 11.9127
v  -52.8860 100.9406 11.6491
v  -52.8860 100.2404 14.0907
v  -53.7697 92.8188 9.3202
v  -54.8718 91.8769 11.6925
v  -54.9241 92.5656 9.2476
v  -51.5117 98.5839 13.6157
v  -51.5117 99.2841 11.1741
v  -54.9241 101.1712 14.3576
v  -52.0022 100.2631 11.4548
v  -51.0212 97.2184 10.5818
v  -51.0212 96.5183 13.0234
v  -51.5117 95.1528 9.9895
v  -51.5117 94.4527 12.4311
v  -52.0022 94.1738 9.7088
v  -52.8860 92.7962 11.9561
v  -52.8860 93.4963 9.5145
v  -51.0212 96.1318 10.2702
v  -51.0212 98.3051 10.8934
v  -55.9739 97.2184 10.5818
v  -55.9739 94.5930 19.7378
# 186 vertices

vn -0.3827 -0.8881 -0.2547
vn -0.1951 -0.9428 -0.2703
vn -0.1951 0.9428 0.2703
vn -0.3827 0.8881 0.2547
vn -0.1736 0.9467 0.2714
vn -0.5556 -0.7993 -0.2292
vn -0.7071 -0.6797 -0.1949
vn -1.0000 -0.0000 0.0000
vn -0.9808 -0.1875 -0.0538
vn -0.9239 0.3679 0.1055
vn -0.8315 0.5340 0.1531
vn -0.8315 -0.5340 -0.1531
vn -0.9239 -0.3679 -0.1055
vn -0.7071 0.6797 0.1949
vn 0.0000 -0.9613 -0.2756
vn -0.1736 -0.9467 -0.2714
vn -0.0000 0.9613 0.2756
vn -0.5556 0.7993 0.2292
vn -0.9808 0.1875 0.0538
vn 0.3827 0.8881 0.2547
vn 0.1951 0.9428 0.2703
vn 0.5556 0.7993 0.2292
vn 0.7071 0.6797 0.1949
vn 0.9239 -0.3679 -0.1055
vn 0.9808 -0.1875 -0.0538
vn 0.8315 0.5340 0.1531
vn 0.9239 0.3679 0.1055
vn 0.9808 0.1875 0.0538
vn 0.1736 0.9467 0.2714
vn 1.0000 0.0000 0.0000
vn 0.7071 -0.6797 -0.1949
vn 0.8315 -0.5340 -0.1531
vn 0.1736 -0.9467 -0.2714
vn 0.5556 -0.7993 -0.2292
vn 0.3827 -0.8881 -0.2547
vn 0.1951 -0.9428 -0.2703
vn -0.0000 0.2756 -0.9613
vn -0.1900 0.9437 0.2706
vn -0.1900 -0.9437 -0.2706
vn 0.1900 0.9437 0.2706
vn 0.1900 -0.9437 -0.2706
vn -0.4339 -0.8661 -0.2483
vn -0.2225 -0.9372 -0.2687
vn -0.6235 -0.7515 -0.2155
vn -0.7818 -0.5993 -0.1719
vn -0.7818 0.5993 0.1719
vn -0.6235 0.7515 0.2155
vn -0.9010 -0.4171 -0.1196
vn -0.9749 -0.2139 -0.0613
vn -0.2121 -0.9394 -0.2694
vn -0.9749 0.2139 0.0613
vn -0.9010 0.4171 0.1196
vn -0.2121 0.9394 0.2694
vn -0.4339 0.8661 0.2483
vn -0.2225 0.9372 0.2687
vn 0.4339 0.8661 0.2483
vn 0.2225 0.9372 0.2687
vn 0.6235 0.7515 0.2155
vn 0.7818 0.5993 0.1719
vn 0.4339 -0.8661 -0.2483
vn 0.2225 -0.9372 -0.2687
vn 0.2121 -0.9394 -0.2694
vn 0.9010 0.4171 0.1196
vn 0.9749 0.2139 0.0613
vn 0.2121 0.9394 0.2694
vn 0.9749 -0.2139 -0.0613
vn 0.7818 -0.5993 -0.1719
vn 0.9010 -0.4171 -0.1196
vn 0.6235 -0.7515 -0.2155
vn 0.0000 -0.2756 0.9613
# 70 vertex normals

vt 0.0982 0.7292 0.0000
vt 0.0491 0.7292 0.0000
vt 0.0982 0.6042 0.0000
vt 0.7363 0.7292 0.0000
vt 0.6872 0.6042 0.0000
vt 0.7418 0.6042 0.0000
vt 0.1473 0.7292 0.0000
vt 0.1473 0.6042 0.0000
vt 0.1963 0.6042 0.0000
vt 0.3927 0.6042 0.0000
vt 0.3436 0.7292 0.0000
vt 0.3436 0.6042 0.0000
vt 0.4909 0.7292 0.0000
vt 0.5400 0.6042 0.0000
vt 0.5400 0.7292 0.0000
vt 0.2454 0.6042 0.0000
vt 0.2945 0.6042 0.0000
vt 0.2454 0.7292 0.0000
vt 0.5890 0.7292 0.0000
vt 0.0000 0.7292 0.0000
vt 0.0436 0.6042 0.0000
vt 0.1963 0.7292 0.0000
vt 0.2945 0.7292 0.0000
vt 0.3927 0.7292 0.0000
vt 0.7854 0.6042 0.0000
vt 0.7854 0.7292 0.0000
vt 0.5890 0.6042 0.0000
vt 0.0000 0.6042 0.0000
vt 0.6381 0.7292 0.0000
vt 0.6872 0.7292 0.0000
vt 0.4418 0.7292 0.0000
vt 0.4418 0.6042 0.0000
vt 0.6381 0.6042 0.0000
vt 0.4909 0.6042 0.0000
vt -0.6872 0.7292 0.0000
vt -0.7363 0.7292 0.0000
vt -0.6872 0.6042 0.0000
vt -0.6381 0.7292 0.0000
vt -0.6381 0.6042 0.0000
vt -0.5890 0.6042 0.0000
vt -0.2945 0.6042 0.0000
vt -0.3436 0.7292 0.0000
vt -0.3436 0.6042 0.0000
vt -0.5400 0.6042 0.0000
vt -0.4909 0.6042 0.0000
vt -0.5400 0.7292 0.0000
vt -0.4909 0.7292 0.0000
vt -0.4418 0.6042 0.0000
vt -0.7854 0.7292 0.0000
vt -0.7418 0.6042 0.0000
vt -0.5890 0.7292 0.0000
vt -0.4418 0.7292 0.0000
vt -0.3927 0.7292 0.0000
vt -0.3927 0.6042 0.0000
vt -0.1963 0.6042 0.0000
vt -0.2454 0.7292 0.0000
vt -0.2454 0.6042 0.0000
vt -0.0436 0.7292 0.0000
vt -0.1473 0.7292 0.0000
vt -0.1473 0.6042 0.0000
vt -0.0982 0.6042 0.0000
vt -0.0982 0.7292 0.0000
vt -0.1963 0.7292 0.0000
vt -0.0491 0.6042 0.0000
vt -0.7854 0.6042 0.0000
vt -0.2945 0.7292 0.0000
vt 0.0957 5.7239 0.0000
vt 0.0000 5.7429 0.0000
vt 0.0000 5.7012 0.0000
vt 0.0797 5.6854 0.0000
vt 0.1768 5.6697 0.0000
vt 0.1473 5.6402 0.0000
vt 0.2310 5.5886 0.0000
vt 0.2500 5.4929 0.0000
vt 0.1925 5.5726 0.0000
vt 0.2083 5.4929 0.0000
vt 0.0797 5.3004 0.0000
vt 0.0000 5.2846 0.0000
vt 0.0957 5.2619 0.0000
vt 0.0000 5.2429 0.0000
vt 0.1768 5.3161 0.0000
vt 0.1925 5.4132 0.0000
vt 0.2310 5.3972 0.0000
vt 0.1473 5.3456 0.0000
vt -0.1473 5.6402 0.0000
vt -0.1768 5.6697 0.0000
vt -0.2310 5.5886 0.0000
vt -0.2500 5.4929 0.0000
vt -0.2083 5.4929 0.0000
vt -0.1925 5.5726 0.0000
vt -0.0957 5.7239 0.0000
vt -0.0797 5.6854 0.0000
vt -0.1925 5.4132 0.0000
vt -0.2310 5.3972 0.0000
vt -0.1473 5.3456 0.0000
vt -0.1768 5.3161 0.0000
vt -0.0797 5.3004 0.0000
vt -0.0957 5.2619 0.0000
vt 0.0818 0.8333 0.0000
vt 0.0409 0.8333 0.0000
vt 0.0818 0.7292 0.0000
vt 0.1227 0.8333 0.0000
vt 0.1227 0.7292 0.0000
vt 0.1636 0.7292 0.0000
vt 0.4909 0.8333 0.0000
vt 0.4500 0.8333 0.0000
vt 0.6147 0.7292 0.0000
vt 0.6545 0.7292 0.0000
vt 0.6545 0.8333 0.0000
vt 0.2045 0.7292 0.0000
vt 0.2045 0.8333 0.0000
vt 0.4091 0.8333 0.0000
vt 0.4500 0.7292 0.0000
vt 0.0000 0.8333 0.0000
vt 0.0398 0.7292 0.0000
vt 0.1636 0.8333 0.0000
vt 0.2863 0.8333 0.0000
vt 0.2454 0.8333 0.0000
vt 0.2863 0.7292 0.0000
vt 0.3272 0.7292 0.0000
vt 0.3272 0.8333 0.0000
vt 0.5318 0.8333 0.0000
vt 0.5318 0.7292 0.0000
vt 0.5727 0.7292 0.0000
vt 0.6136 0.8333 0.0000
vt 0.5727 0.8333 0.0000
vt 0.3682 0.8333 0.0000
vt 0.3682 0.7292 0.0000
vt 0.4091 0.7292 0.0000
vt -0.5727 0.8333 0.0000
vt -0.6136 0.8333 0.0000
vt -0.5727 0.7292 0.0000
vt -0.5318 0.8333 0.0000
vt -0.5318 0.7292 0.0000
vt -0.2863 0.8333 0.0000
vt -0.2863 0.7292 0.0000
vt -0.4500 0.7292 0.0000
vt -0.4091 0.7292 0.0000
vt -0.4500 0.8333 0.0000
vt -0.4091 0.8333 0.0000
vt -0.3682 0.7292 0.0000
vt -0.6545 0.8333 0.0000
vt -0.6147 0.7292 0.0000
vt -0.4909 0.8333 0.0000
vt -0.3682 0.8333 0.0000
vt -0.3272 0.8333 0.0000
vt -0.3272 0.7292 0.0000
vt -0.1636 0.7292 0.0000
vt -0.2045 0.8333 0.0000
vt -0.2045 0.7292 0.0000
vt -0.0398 0.8333 0.0000
vt -0.1227 0.8333 0.0000
vt -0.1227 0.7292 0.0000
vt -0.0818 0.7292 0.0000
vt -0.0818 0.8333 0.0000
vt -0.1636 0.8333 0.0000
vt -0.0409 0.7292 0.0000
vt -0.6545 0.7292 0.0000
vt -0.2454 0.8333 0.0000
vt 0.0000 5.6596 0.0000
vt 0.0723 5.6431 0.0000
vt 0.1303 5.5968 0.0000
vt 0.1625 5.5300 0.0000
vt 0.0723 5.3427 0.0000
vt 0.0000 5.3262 0.0000
vt 0.1625 5.4558 0.0000
vt 0.1303 5.3890 0.0000
vt -0.1303 5.5968 0.0000
vt -0.0723 5.6431 0.0000
vt -0.1625 5.5300 0.0000
vt -0.1625 5.4558 0.0000
vt -0.1303 5.3890 0.0000
vt -0.0723 5.3427 0.0000
vt 0.0748 0.9167 0.0000
vt 0.0374 0.9167 0.0000
vt 0.0748 0.8333 0.0000
vt 0.1122 0.9167 0.0000
vt 0.1122 0.8333 0.0000
vt 0.1496 0.8333 0.0000
vt 0.3740 0.9167 0.0000
vt 0.3740 0.8333 0.0000
vt 0.4114 0.9167 0.0000
vt 0.1870 0.8333 0.0000
vt 0.2244 0.8333 0.0000
vt 0.1870 0.9167 0.0000
vt 0.2244 0.9167 0.0000
vt 0.2618 0.8333 0.0000
vt 0.2618 0.9167 0.0000
vt 0.0000 0.9167 0.0000
vt 0.0356 0.8333 0.0000
vt 0.2992 0.9167 0.0000
vt 0.3366 0.8333 0.0000
vt 0.3366 0.9167 0.0000
vt 0.1496 0.9167 0.0000
vt 0.2992 0.8333 0.0000
vt 0.5236 0.8333 0.0000
vt 0.5236 0.9167 0.0000
vt 0.4880 0.9167 0.0000
vt 0.4488 0.9167 0.0000
vt 0.4114 0.8333 0.0000
vt 0.4488 0.8333 0.0000
vt 0.4862 0.8333 0.0000
vt -0.4488 0.9167 0.0000
vt -0.4862 0.9167 0.0000
vt -0.4488 0.8333 0.0000
vt -0.4114 0.9167 0.0000
vt -0.4114 0.8333 0.0000
vt -0.3740 0.8333 0.0000
vt -0.0748 0.9167 0.0000
vt -0.0374 0.8333 0.0000
vt -0.0356 0.9167 0.0000
vt -0.3366 0.8333 0.0000
vt -0.2992 0.8333 0.0000
vt -0.3366 0.9167 0.0000
vt -0.4880 0.8333 0.0000
vt -0.5236 0.9167 0.0000
vt -0.3740 0.9167 0.0000
vt -0.2618 0.9167 0.0000
vt -0.2618 0.8333 0.0000
vt -0.2244 0.8333 0.0000
vt -0.5236 0.8333 0.0000
vt -0.1496 0.8333 0.0000
vt -0.1870 0.9167 0.0000
vt -0.1870 0.8333 0.0000
vt -0.1496 0.9167 0.0000
vt -0.1122 0.8333 0.0000
vt -0.1122 0.9167 0.0000
vt -0.0748 0.8333 0.0000
vt -0.2244 0.9167 0.0000
vt -0.2992 0.9167 0.0000
vt 0.0000 5.4929 0.0000
vt -0.0000 5.4929 0.0000
vt -0.0000 5.7429 0.0000
vt -0.0000 5.2429 0.0000
# 234 texture coords

g _Revolve__1947_
usemtl plastic
s off
f 4485/6081/2091 4486/6082/2092 4487/6083/2091 
f 4488/6084/2093 4489/6085/2094 4490/6086/2095 
f 4491/6087/2096 4492/6088/2096 4493/6089/2097 
f 4494/6090/2098 4495/6091/2099 4496/6092/2099 
f 4497/6093/2100 4498/6094/2101 4499/6095/2101 
f 4500/6096/2102 4501/6097/2103 4502/6098/2102 
f 4503/6099/2104 4499/6095/2101 4498/6094/2101 
f 4486/6082/2092 4504/6100/2105 4505/6101/2106 
f 4493/6089/2097 4500/6096/2102 4506/6102/2097 
f 4492/6088/2096 4485/6081/2091 4487/6083/2091 
f 4495/6091/2099 4507/6103/2103 4496/6092/2099 
f 4507/6103/2103 4501/6097/2103 4496/6092/2099 
f 4508/6104/2098 4495/6091/2099 4494/6090/2098 
f 4501/6097/2103 4507/6103/2103 4502/6098/2102 
f 4506/6102/2097 4500/6096/2102 4502/6098/2102 
f 4490/6086/2095 4509/6105/2107 4510/6106/2107 
f 4498/6094/2101 4511/6107/2104 4503/6099/2104 
f 4504/6100/2105 4512/6108/2105 4505/6101/2106 
f 4511/6107/2104 4513/6109/2108 4503/6099/2104 
f 4487/6083/2091 4486/6082/2092 4505/6101/2106 
f 4485/6081/2091 4492/6088/2096 4491/6087/2096 
f 4489/6085/2094 4488/6084/2093 4514/6110/2094 
f 4493/6089/2097 4506/6102/2097 4491/6087/2096 
f 4515/6111/2109 4508/6104/2098 4516/6112/2109 
f 4517/6113/2108 4489/6085/2094 4514/6110/2094 
f 4498/6094/2101 4497/6093/2100 4518/6114/2100 
f 4517/6113/2108 4514/6110/2094 4513/6109/2108 
f 4518/6114/2100 4515/6111/2109 4516/6112/2109 
f 4490/6086/2095 4510/6106/2107 4488/6084/2093 
f 4513/6109/2108 4511/6107/2104 4517/6113/2108 
f 4518/6114/2100 4497/6093/2100 4515/6111/2109 
f 4508/6104/2098 4494/6090/2098 4516/6112/2109 
f 4519/6115/2110 4520/6116/2111 4521/6117/2110 
f 4522/6118/2112 4523/6119/2112 4524/6120/2113 
f 4525/6121/2114 4526/6122/2115 4527/6123/2115 
f 4528/6124/2116 4529/6125/2117 4530/6126/2116 
f 4531/6127/2117 4529/6125/2117 4532/6128/2118 
f 4520/6116/2111 4510/6129/2107 4533/6130/2119 
f 4524/6120/2113 4528/6124/2116 4534/6131/2113 
f 4523/6119/2112 4519/6115/2110 4521/6117/2110 
f 4535/6132/2118 4531/6127/2117 4532/6128/2118 
f 4534/6131/2113 4528/6124/2116 4530/6126/2116 
f 4536/6133/2120 4535/6132/2118 4537/6134/2120 
f 4529/6125/2117 4531/6127/2117 4530/6126/2116 
f 4536/6133/2120 4537/6134/2120 4527/6123/2115 
f 4537/6134/2120 4535/6132/2118 4532/6128/2118 
f 4538/6135/2121 4539/6136/2122 4540/6137/2122 
f 4512/6108/2105 4504/6100/2105 4541/6138/2123 
f 4542/6139/2124 4543/6140/2124 4544/6141/2125 
f 4544/6141/2125 4545/6142/2125 4542/6139/2124 
f 4546/6143/2121 4543/6140/2124 4542/6139/2124 
f 4547/6144/2126 4512/6108/2105 4541/6138/2123 
f 4524/6120/2113 4534/6131/2113 4522/6118/2112 
f 4527/6123/2115 4526/6122/2115 4536/6133/2120 
f 4510/6129/2107 4509/6145/2107 4533/6130/2119 
f 4543/6140/2124 4546/6143/2121 4538/6135/2121 
f 4547/6144/2126 4545/6142/2125 4544/6141/2125 
f 4521/6117/2110 4520/6116/2111 4533/6130/2119 
f 4548/6146/2114 4525/6121/2114 4540/6137/2122 
f 4519/6115/2110 4523/6119/2112 4522/6118/2112 
f 4548/6146/2114 4540/6137/2122 4539/6136/2122 
f 4525/6121/2114 4548/6146/2114 4526/6122/2115 
f 4545/6142/2125 4547/6144/2126 4541/6138/2123 
f 4538/6135/2121 4546/6143/2121 4539/6136/2122 
f 4514/6147/2127 4510/6148/2127 4549/6149/2127 
f 4549/6149/2127 4550/6150/2127 4514/6147/2127 
f 4514/6147/2127 4550/6150/2127 4503/6151/2127 
f 4503/6151/2127 4551/6152/2127 4497/6153/2127 
f 4551/6152/2127 4503/6151/2127 4550/6150/2127 
f 4508/6154/2127 4497/6153/2127 4552/6155/2127 
f 4552/6155/2127 4497/6153/2127 4551/6152/2127 
f 4508/6154/2127 4552/6155/2127 4553/6156/2127 
f 4554/6157/2127 4555/6158/2127 4485/6159/2127 
f 4504/6160/2127 4485/6159/2127 4555/6158/2127 
f 4554/6157/2127 4485/6159/2127 4506/6161/2127 
f 4508/6154/2127 4556/6162/2127 4507/6163/2127 
f 4508/6154/2127 4553/6156/2127 4556/6162/2127 
f 4507/6163/2127 4557/6164/2127 4506/6161/2127 
f 4557/6164/2127 4507/6163/2127 4556/6162/2127 
f 4506/6161/2127 4557/6164/2127 4554/6157/2127 
f 4558/6165/2127 4534/6166/2127 4531/6167/2127 
f 4536/6168/2127 4559/6169/2127 4560/6170/2127 
f 4560/6170/2127 4531/6167/2127 4536/6168/2127 
f 4558/6165/2127 4531/6167/2127 4560/6170/2127 
f 4510/6148/2127 4519/6171/2127 4549/6149/2127 
f 4561/6172/2127 4549/6149/2127 4519/6171/2127 
f 4561/6172/2127 4519/6171/2127 4534/6166/2127 
f 4534/6166/2127 4558/6165/2127 4561/6172/2127 
f 4562/6173/2127 4536/6168/2127 4548/6174/2127 
f 4562/6173/2127 4548/6174/2127 4563/6175/2127 
f 4563/6175/2127 4548/6174/2127 4546/6176/2127 
f 4563/6175/2127 4546/6176/2127 4564/6177/2127 
f 4555/6158/2127 4545/6178/2127 4504/6160/2127 
f 4545/6178/2127 4555/6158/2127 4564/6177/2127 
f 4546/6176/2127 4545/6178/2127 4564/6177/2127 
f 4562/6173/2127 4559/6169/2127 4536/6168/2127 
f 4565/6179/2091 4566/6180/2092 4554/6181/2091 
f 4567/6182/2096 4568/6183/2096 4557/6184/2097 
f 4551/6093/2104 4569/6185/2104 4570/6186/2101 
f 4571/6187/2128 4549/6188/2107 4572/6189/2107 
f 4573/6190/2102 4556/6098/2103 4574/6191/2102 
f 4575/6192/2100 4576/6193/2101 4570/6186/2101 
f 4566/6180/2092 4577/6194/2105 4578/6195/2129 
f 4557/6184/2097 4573/6190/2102 4579/6196/2097 
f 4568/6183/2096 4565/6179/2091 4554/6181/2091 
f 4580/6197/2099 4581/6198/2103 4582/6199/2099 
f 4553/6200/2098 4580/6197/2099 4582/6199/2099 
f 4583/6201/2098 4580/6197/2099 4553/6200/2098 
f 4579/6196/2097 4573/6190/2102 4574/6191/2102 
f 4581/6198/2103 4556/6098/2103 4582/6199/2099 
f 4584/6202/2108 4551/6093/2104 4585/6203/2108 
f 4570/6186/2101 4576/6193/2101 4551/6093/2104 
f 4577/6194/2105 4555/6100/2105 4578/6195/2129 
f 4550/6204/2094 4586/6205/2093 4587/6206/2094 
f 4557/6184/2097 4579/6196/2097 4567/6182/2096 
f 4556/6098/2103 4581/6198/2103 4574/6191/2102 
f 4551/6093/2104 4584/6202/2108 4569/6185/2104 
f 4554/6181/2091 4566/6180/2092 4578/6195/2129 
f 4588/6207/2109 4583/6201/2098 4589/6208/2109 
f 4586/6205/2093 4550/6204/2094 4571/6187/2128 
f 4576/6193/2101 4575/6192/2100 4552/6209/2100 
f 4585/6203/2108 4587/6206/2094 4584/6202/2108 
f 4583/6201/2098 4553/6200/2098 4589/6208/2109 
f 4571/6187/2128 4572/6189/2107 4586/6205/2093 
f 4565/6179/2091 4568/6183/2096 4567/6182/2096 
f 4552/6209/2100 4588/6207/2109 4589/6208/2109 
f 4552/6209/2100 4575/6192/2100 4588/6207/2109 
f 4585/6203/2108 4550/6204/2094 4587/6206/2094 
f 4590/6210/2110 4591/6211/2111 4561/6212/2110 
f 4592/6213/2112 4593/6214/2112 4558/6127/2113 
f 4562/6136/2114 4594/6215/2115 4595/6216/2115 
f 4596/6217/2116 4560/6218/2117 4597/6219/2116 
f 4598/6220/2117 4560/6218/2117 4599/6221/2118 
f 4591/6211/2111 4572/6222/2107 4600/6223/2130 
f 4558/6127/2113 4596/6217/2116 4601/6224/2113 
f 4593/6214/2112 4590/6210/2110 4561/6212/2110 
f 4602/6225/2118 4598/6220/2117 4599/6221/2118 
f 4601/6224/2113 4596/6217/2116 4597/6219/2116 
f 4603/6226/2120 4602/6225/2118 4559/6227/2120 
f 4560/6218/2117 4598/6220/2117 4597/6219/2116 
f 4603/6226/2120 4559/6227/2120 4595/6216/2115 
f 4559/6227/2120 4602/6225/2118 4599/6221/2118 
f 4563/6228/2121 4604/6229/2122 4605/6230/2122 
f 4555/6100/2105 4577/6194/2105 4606/6231/2131 
f 4607/6232/2124 4608/6233/2124 4564/6234/2125 
f 4564/6234/2125 4609/6235/2125 4607/6232/2124 
f 4610/6236/2121 4608/6233/2124 4607/6232/2124 
f 4611/6237/2126 4555/6100/2105 4606/6231/2131 
f 4558/6127/2113 4601/6224/2113 4592/6213/2112 
f 4595/6216/2115 4594/6215/2115 4603/6226/2120 
f 4572/6222/2107 4549/6238/2107 4600/6223/2130 
f 4608/6233/2124 4610/6236/2121 4563/6228/2121 
f 4611/6237/2126 4609/6235/2125 4564/6234/2125 
f 4561/6212/2110 4591/6211/2111 4600/6223/2130 
f 4612/6239/2114 4562/6136/2114 4605/6230/2122 
f 4590/6210/2110 4593/6214/2112 4592/6213/2112 
f 4612/6239/2114 4605/6230/2122 4604/6229/2122 
f 4562/6136/2114 4612/6239/2114 4594/6215/2115 
f 4609/6235/2125 4611/6237/2126 4606/6231/2131 
f 4563/6228/2121 4610/6236/2121 4604/6229/2122 
f 4587/6150/2127 4572/6149/2127 4613/6240/2127 
f 4613/6240/2127 4614/6241/2127 4587/6150/2127 
f 4587/6150/2127 4614/6241/2127 4569/6152/2127 
f 4569/6152/2127 4615/6242/2127 4575/6155/2127 
f 4615/6242/2127 4569/6152/2127 4614/6241/2127 
f 4575/6155/2127 4616/6243/2127 4583/6156/2127 
f 4616/6243/2127 4575/6155/2127 4615/6242/2127 
f 4617/6244/2127 4618/6245/2127 4565/6157/2127 
f 4577/6158/2127 4565/6157/2127 4618/6245/2127 
f 4617/6244/2127 4565/6157/2127 4579/6164/2127 
f 4583/6156/2127 4619/6246/2127 4581/6162/2127 
f 4583/6156/2127 4616/6243/2127 4619/6246/2127 
f 4581/6162/2127 4620/6247/2127 4579/6164/2127 
f 4620/6247/2127 4581/6162/2127 4619/6246/2127 
f 4579/6164/2127 4620/6247/2127 4617/6244/2127 
f 4601/6165/2127 4621/6248/2127 4622/6249/2127 
f 4621/6248/2127 4601/6165/2127 4598/6170/2127 
f 4598/6170/2127 4623/6250/2127 4621/6248/2127 
f 4623/6250/2127 4598/6170/2127 4603/6169/2127 
f 4572/6149/2127 4590/6172/2127 4613/6240/2127 
f 4622/6249/2127 4613/6240/2127 4590/6172/2127 
f 4590/6172/2127 4601/6165/2127 4622/6249/2127 
f 4624/6251/2127 4603/6169/2127 4612/6173/2127 
f 4624/6251/2127 4612/6173/2127 4625/6252/2127 
f 4625/6252/2127 4612/6173/2127 4610/6175/2127 
f 4625/6252/2127 4610/6175/2127 4626/6253/2127 
f 4618/6245/2127 4609/6177/2127 4577/6158/2127 
f 4609/6177/2127 4618/6245/2127 4626/6253/2127 
f 4610/6175/2127 4609/6177/2127 4626/6253/2127 
f 4624/6251/2127 4623/6250/2127 4603/6169/2127 
f 4627/6254/2132 4628/6255/2133 4617/6256/2132 
f 4629/6257/2134 4630/6258/2134 4620/6259/2135 
f 4631/6260/2136 4615/6261/2136 4632/6262/2137 
f 4633/6263/2138 4619/6264/2139 4634/6265/2138 
f 4635/6266/2139 4636/6267/2098 4637/6268/2098 
f 4628/6255/2133 4638/6269/2105 4639/6270/2140 
f 4640/6271/2141 4641/6272/2142 4642/6273/2142 
f 4630/6258/2134 4627/6254/2132 4617/6256/2132 
f 4633/6263/2138 4643/6274/2135 4620/6259/2135 
f 4615/6261/2136 4631/6260/2136 4642/6273/2142 
f 4637/6268/2098 4636/6267/2098 4616/6275/2141 
f 4616/6275/2141 4640/6271/2141 4637/6268/2098 
f 4615/6261/2136 4642/6273/2142 4641/6272/2142 
f 4627/6254/2132 4630/6258/2134 4629/6257/2134 
f 4613/6276/2107 4644/6277/2107 4645/6278/2143 
f 4617/6256/2132 4628/6255/2133 4639/6270/2140 
f 4643/6274/2135 4633/6263/2138 4634/6265/2138 
f 4646/6279/2144 4647/6280/2137 4614/6281/2144 
f 4620/6259/2135 4643/6274/2135 4629/6257/2134 
f 4640/6271/2141 4616/6275/2141 4641/6272/2142 
f 4638/6269/2105 4618/6194/2105 4639/6270/2140 
f 4613/6276/2107 4645/6278/2143 4648/6282/2145 
f 4647/6280/2137 4646/6279/2144 4632/6262/2137 
f 4619/6264/2139 4635/6266/2139 4634/6265/2138 
f 4614/6281/2144 4648/6282/2145 4646/6279/2144 
f 4619/6264/2139 4636/6267/2098 4635/6266/2139 
f 4632/6262/2137 4615/6261/2136 4647/6280/2137 
f 4646/6279/2144 4648/6282/2145 4645/6278/2143 
f 4649/6283/2146 4650/6284/2147 4622/6285/2146 
f 4651/6286/2148 4652/6287/2148 4621/6288/2149 
f 4653/6289/2150 4654/6290/2151 4655/6291/2152 
f 4656/6292/2153 4623/6293/2154 4657/6294/2153 
f 4622/6285/2146 4650/6284/2147 4658/6295/2155 
f 4650/6284/2147 4644/6296/2107 4658/6295/2155 
f 4649/6283/2146 4652/6287/2148 4651/6286/2148 
f 4652/6287/2148 4649/6283/2146 4622/6285/2146 
f 4656/6292/2153 4659/6297/2149 4621/6288/2149 
f 4621/6288/2149 4659/6297/2149 4651/6286/2148 
f 4660/6298/2120 4661/6299/2120 4624/6300/2156 
f 4644/6296/2107 4613/6301/2107 4658/6295/2155 
f 4625/6302/2157 4662/6303/2158 4663/6304/2158 
f 4664/6305/2157 4665/6306/2159 4666/6307/2159 
f 4666/6307/2159 4665/6306/2159 4626/6308/2150 
f 4667/6309/2156 4663/6304/2158 4662/6303/2158 
f 4626/6308/2150 4653/6289/2150 4666/6307/2159 
f 4654/6290/2151 4618/6194/2105 4655/6291/2152 
f 4659/6297/2149 4656/6292/2153 4657/6294/2153 
f 4667/6309/2156 4624/6300/2156 4663/6304/2158 
f 4668/6310/2154 4661/6299/2120 4660/6298/2120 
f 4665/6306/2159 4664/6305/2157 4625/6302/2157 
f 4654/6290/2151 4653/6289/2150 4626/6308/2150 
f 4624/6300/2156 4667/6309/2156 4660/6298/2120 
f 4625/6302/2157 4664/6305/2157 4662/6303/2158 
f 4623/6293/2154 4661/6299/2120 4668/6310/2154 
f 4618/6194/2105 4638/6269/2105 4655/6291/2152 
f 4623/6293/2154 4668/6310/2154 4657/6294/2153 
f 4669/6311/2127 4631/6242/2127 4646/6241/2127 
f 4669/6311/2127 4640/6243/2127 4631/6242/2127 
f 4646/6241/2127 4644/6240/2127 4669/6311/2127 
f 4669/6311/2127 4638/6245/2127 4627/6244/2127 
f 4669/6311/2127 4643/6247/2127 4635/6246/2127 
f 4643/6247/2127 4669/6311/2127 4627/6244/2127 
f 4669/6311/2127 4635/6246/2127 4640/6243/2127 
f 4649/6249/2127 4659/6248/2127 4669/6311/2127 
f 4669/6311/2127 4644/6240/2127 4649/6249/2127 
f 4669/6311/2127 4659/6248/2127 4668/6250/2127 
f 4667/6251/2127 4664/6252/2127 4669/6311/2127 
f 4669/6311/2127 4653/6253/2127 4638/6245/2127 
f 4653/6253/2127 4669/6311/2127 4664/6252/2127 
f 4667/6251/2127 4669/6311/2127 4668/6250/2127 
f 4489/6171/2160 4670/6312/2160 4509/6313/2160 
f 4489/6171/2160 4511/6166/2160 4670/6312/2160 
f 4518/6167/2160 4670/6312/2160 4511/6166/2160 
f 4518/6167/2160 4494/6168/2160 4670/6312/2160 
f 4487/6178/2160 4670/6312/2160 4493/6176/2160 
f 4670/6312/2160 4494/6168/2160 4501/6174/2160 
f 4501/6174/2160 4493/6176/2160 4670/6312/2160 
f 4487/6178/2160 4512/6314/2160 4670/6312/2160 
f 4524/6151/2160 4670/6312/2160 4529/6153/2160 
f 4524/6151/2160 4521/6147/2160 4670/6312/2160 
f 4670/6312/2160 4521/6147/2160 4509/6313/2160 
f 4670/6312/2160 4537/6154/2160 4529/6153/2160 
f 4670/6312/2160 4538/6161/2160 4525/6163/2160 
f 4512/6314/2160 4544/6159/2160 4670/6312/2160 
f 4538/6161/2160 4670/6312/2160 4544/6159/2160 
f 4537/6154/2160 4670/6312/2160 4525/6163/2160 
# 276 faces

#
# object _Extrusion__1959_
#

v  -57.0344 88.8573 36.5896
v  -55.6076 88.1968 36.4003
v  -55.0984 88.4325 36.4678
v  -54.6202 89.3870 36.7415
v  -57.1602 89.3870 36.7415
v  -56.6820 88.4325 36.4678
v  -56.1728 88.1968 36.4003
v  -54.7460 88.8573 36.5896
v  -55.6076 90.5771 37.0828
v  -54.7460 89.9166 36.8934
v  -55.0984 90.3414 37.0152
v  -57.0344 89.9166 36.8934
v  -56.6820 90.3414 37.0152
v  -56.1728 90.5771 37.0828
v  -54.6202 94.2878 19.6503
v  -55.6076 95.4780 19.9916
v  -55.0984 95.2422 19.9240
v  -56.1728 95.4780 19.9916
v  -56.6820 95.2422 19.9240
v  -57.1602 94.2878 19.6503
v  -57.0344 94.8175 19.8022
v  -54.7460 94.8175 19.8022
v  -54.7460 93.7581 19.4984
v  -55.0984 93.3333 19.3766
v  -57.0344 93.7581 19.4984
v  -56.6820 93.3333 19.3766
v  -55.6076 93.0976 19.3090
v  -56.1728 93.0976 19.3090
v  -56.8584 90.7260 29.0899
v  -55.8902 90.6166 27.8459
v  -57.1602 92.8168 24.7802
v  -54.6202 92.8168 24.7802
v  -54.9220 90.7260 29.0899
v  -54.9220 92.3061 29.5430
v  -55.8902 93.0582 28.5460
v  -56.8584 92.3061 29.5430
# 36 vertices

vn 0.0000 -0.2756 0.9613
vn -0.0000 0.2756 -0.9613
vn -0.7623 -0.6221 -0.1784
vn -0.9010 -0.4171 -0.1196
vn -0.6235 -0.7515 -0.2155
vn -0.2225 -0.9372 -0.2687
vn -0.0000 -0.9613 -0.2756
vn -1.0000 -0.0000 0.0000
vn 0.2225 -0.9372 -0.2687
vn 0.6235 -0.7515 -0.2155
vn 0.9010 -0.4171 -0.1196
vn 1.0000 -0.0000 -0.0000
vn 0.7623 -0.6221 -0.1784
vn 0.7623 0.6221 0.1784
vn 0.9010 0.4171 0.1196
vn 0.6235 0.7515 0.2155
vn 0.2225 0.9372 0.2687
vn -0.0000 0.9613 0.2756
vn -0.6235 0.7515 0.2155
vn -0.2225 0.9372 0.2687
vn -0.7623 0.6221 0.1784
vn -0.9010 0.4171 0.1196
# 22 vertex normals

vt 0.0950 0.9192 0.0000
vt 0.1418 0.8966 0.0000
vt 0.1585 0.9047 0.0000
vt 0.1742 0.9372 0.0000
vt 0.0908 0.9372 0.0000
vt 0.1065 0.9047 0.0000
vt 0.1232 0.8966 0.0000
vt 0.1700 0.9192 0.0000
vt 0.1418 0.9779 0.0000
vt 0.1700 0.9553 0.0000
vt 0.1585 0.9698 0.0000
vt 0.0950 0.9553 0.0000
vt 0.1065 0.9698 0.0000
vt 0.1232 0.9779 0.0000
vt -0.1742 0.9372 0.0000
vt -0.1418 0.9779 0.0000
vt -0.1585 0.9698 0.0000
vt -0.1232 0.9779 0.0000
vt -0.1065 0.9698 0.0000
vt -0.0908 0.9372 0.0000
vt -0.0950 0.9553 0.0000
vt -0.1700 0.9553 0.0000
vt -0.1700 0.9192 0.0000
vt -0.1585 0.9047 0.0000
vt -0.0950 0.9192 0.0000
vt -0.1065 0.9047 0.0000
vt -0.1418 0.8966 0.0000
vt -0.1232 0.8966 0.0000
vt -0.0752 -1.4969 0.0000
vt -0.0300 -1.1700 0.0000
vt -0.0486 -1.1680 0.0000
vt -0.0672 -1.1660 0.0000
vt -0.1071 -1.4551 0.0000
vt -0.1284 -1.7462 0.0000
vt -0.0114 -1.1719 0.0000
vt -0.0298 -1.3460 0.0000
vt -0.0858 -1.1641 0.0000
vt -0.1044 -1.1621 0.0000
vt -0.0912 -1.7501 0.0000
vt -0.0726 -1.7520 0.0000
vt -0.1098 -1.7481 0.0000
vt -0.1230 -1.1602 0.0000
vt -0.1599 -1.3323 0.0000
vt -0.1470 -1.4894 0.0000
vt -0.1416 -1.1582 0.0000
vt -0.2027 -1.7383 0.0000
vt -0.1841 -1.7403 0.0000
vt -0.1470 -1.7442 0.0000
vt -0.1656 -1.7422 0.0000
vt -0.2053 -1.4832 0.0000
vt -0.1602 -1.1562 0.0000
vt -0.1788 -1.1543 0.0000
vt -0.2585 -1.7324 0.0000
vt -0.2373 -1.4414 0.0000
vt -0.2346 -1.1484 0.0000
vt -0.2160 -1.1504 0.0000
vt -0.2772 -1.4757 0.0000
vt -0.3329 -1.7246 0.0000
vt -0.3143 -1.7266 0.0000
vt -0.1974 -1.1523 0.0000
vt -0.2771 -1.7305 0.0000
vt -0.2957 -1.7285 0.0000
vt -0.2213 -1.7364 0.0000
vt -0.2532 -1.1464 0.0000
vt -0.2901 -1.3186 0.0000
vt -0.2399 -1.7344 0.0000
vt -0.2718 -1.1445 0.0000
# 67 texture coords

g _Extrusion__1959_
usemtl metal
s off
f 4671/6315/2161 4672/6316/2161 4673/6317/2161 
f 4674/6318/2161 4675/6319/2161 4673/6317/2161 
f 4676/6320/2161 4677/6321/2161 4671/6315/2161 
f 4671/6315/2161 4677/6321/2161 4672/6316/2161 
f 4673/6317/2161 4675/6319/2161 4671/6315/2161 
f 4673/6317/2161 4678/6322/2161 4674/6318/2161 
f 4679/6323/2161 4674/6318/2161 4680/6324/2161 
f 4679/6323/2161 4680/6324/2161 4681/6325/2161 
f 4682/6326/2161 4675/6319/2161 4683/6327/2161 
f 4675/6319/2161 4684/6328/2161 4683/6327/2161 
f 4674/6318/2161 4679/6323/2161 4684/6328/2161 
f 4684/6328/2161 4675/6319/2161 4674/6318/2161 
f 4685/6329/2162 4686/6330/2162 4687/6331/2162 
f 4688/6332/2162 4686/6330/2162 4685/6329/2162 
f 4689/6333/2162 4688/6332/2162 4690/6334/2162 
f 4690/6334/2162 4691/6335/2162 4689/6333/2162 
f 4690/6334/2162 4688/6332/2162 4685/6329/2162 
f 4692/6336/2162 4685/6329/2162 4687/6331/2162 
f 4685/6329/2162 4693/6337/2162 4694/6338/2162 
f 4694/6338/2162 4695/6339/2162 4690/6334/2162 
f 4696/6340/2162 4695/6339/2162 4697/6341/2162 
f 4697/6341/2162 4698/6342/2162 4696/6340/2162 
f 4695/6339/2162 4694/6338/2162 4697/6341/2162 
f 4694/6338/2162 4690/6334/2162 4685/6329/2162 
f 4699/6343/2163 4695/6344/2164 4696/6345/2165 
f 4698/6346/2166 4700/6347/2167 4696/6345/2165 
f 4700/6347/2167 4677/6348/2166 4699/6343/2163 
f 4699/6343/2163 4696/6345/2165 4700/6347/2167 
f 4690/6349/2168 4695/6344/2164 4701/6350/2168 
f 4700/6347/2167 4697/6351/2169 4694/6352/2170 
f 4699/6343/2163 4671/6353/2164 4675/6354/2168 
f 4675/6354/2168 4701/6350/2168 4699/6343/2163 
f 4699/6343/2163 4677/6348/2166 4676/6355/2165 
f 4698/6346/2166 4697/6351/2169 4700/6347/2167 
f 4693/6356/2171 4702/6357/2172 4703/6358/2173 
f 4671/6353/2164 4699/6343/2163 4676/6355/2165 
f 4685/6359/2172 4702/6357/2172 4693/6356/2171 
f 4703/6358/2173 4674/6360/2172 4678/6361/2171 
f 4703/6358/2173 4672/6362/2169 4700/6347/2167 
f 4694/6352/2170 4703/6358/2173 4700/6347/2167 
f 4673/6363/2170 4703/6358/2173 4678/6361/2171 
f 4693/6356/2171 4703/6358/2173 4694/6352/2170 
f 4672/6362/2169 4703/6358/2173 4673/6363/2170 
f 4703/6358/2173 4702/6357/2172 4674/6360/2172 
f 4672/6362/2169 4677/6348/2166 4700/6347/2167 
f 4699/6343/2163 4701/6350/2168 4695/6344/2164 
f 4704/6364/2174 4692/6365/2175 4687/6366/2176 
f 4704/6364/2174 4702/6357/2172 4692/6365/2175 
f 4679/6367/2177 4704/6364/2174 4705/6368/2178 
f 4689/6369/2179 4705/6368/2178 4688/6370/2180 
f 4706/6371/2181 4675/6372/2168 4682/6373/2182 
f 4686/6374/2177 4705/6368/2178 4687/6366/2176 
f 4684/6375/2180 4706/6371/2181 4683/6376/2179 
f 4685/6359/2172 4692/6365/2175 4702/6357/2172 
f 4704/6364/2174 4687/6366/2176 4705/6368/2178 
f 4674/6360/2172 4704/6364/2174 4680/6377/2175 
f 4674/6360/2172 4702/6357/2172 4704/6364/2174 
f 4684/6375/2180 4679/6367/2177 4705/6368/2178 
f 4688/6370/2180 4705/6368/2178 4686/6374/2177 
f 4691/6378/2182 4701/6379/2168 4706/6371/2181 
f 4706/6371/2181 4701/6379/2168 4675/6372/2168 
f 4680/6377/2175 4704/6364/2174 4681/6380/2176 
f 4690/6381/2168 4701/6379/2168 4691/6378/2182 
f 4705/6368/2178 4706/6371/2181 4684/6375/2180 
f 4683/6376/2179 4706/6371/2181 4682/6373/2182 
f 4691/6378/2182 4706/6371/2181 4689/6369/2179 
f 4689/6369/2179 4706/6371/2181 4705/6368/2178 
f 4704/6364/2174 4679/6367/2177 4681/6380/2176 
# 68 faces

#
# object _Revolve__1963_
#

v  -55.9739 97.0170 38.9294
v  -55.9739 89.6922 36.8290
v  -58.8899 96.4594 38.7695
v  -61.3620 94.8716 38.3142
v  -63.0138 92.4952 37.6328
v  -63.5939 89.6922 36.8290
v  -61.3620 84.5127 35.3439
v  -58.8899 82.9249 34.8886
v  -63.0138 86.8891 36.0253
v  -55.9739 82.3673 34.7287
v  -48.9339 92.4952 37.6328
v  -50.5857 94.8716 38.3142
v  -53.0578 96.4594 38.7695
v  -48.3539 89.6922 36.8290
v  -48.9339 86.8891 36.0253
v  -50.5857 84.5127 35.3439
v  -53.0578 82.9249 34.8886
v  -58.1780 91.4663 47.2466
v  -59.9456 90.1113 46.8581
v  -55.9739 87.0667 45.9851
v  -60.9265 88.1533 46.2966
v  -55.9739 91.9499 47.3853
v  -58.1780 82.6671 44.7235
v  -55.9739 82.1835 44.5848
v  -60.9265 85.9801 45.6735
v  -59.9456 84.0221 45.1120
v  -52.0022 90.1113 46.8581
v  -53.7697 91.4663 47.2466
v  -51.0212 88.1533 46.2966
v  -52.0022 84.0221 45.1120
v  -51.0212 85.9801 45.6735
v  -53.7697 82.6671 44.7235
v  -58.1780 83.3672 42.2819
v  -57.0759 82.4253 44.6542
v  -59.0618 84.0447 42.4762
v  -58.1780 92.1665 44.8050
v  -59.0618 91.4890 44.6108
v  -59.9456 90.8115 44.4165
v  -59.0618 90.7888 47.0524
v  -60.4361 85.7012 42.9511
v  -59.9456 84.7222 42.6704
v  -60.9265 87.0667 45.9851
v  -60.9265 88.8534 43.8550
v  -60.9265 87.7668 43.5435
v  -57.0237 83.1140 42.2093
v  -60.4361 89.8325 44.1358
v  -60.4361 89.1323 46.5774
v  -59.0618 83.3446 44.9178
v  -60.4361 85.0011 45.3927
v  -60.9265 86.6802 43.2319
v  -57.0759 92.4082 44.8744
v  -55.9739 82.8836 42.1432
v  -57.0237 91.7196 47.3192
v  -55.9739 92.6500 44.9437
v  -53.7697 92.1665 44.8050
v  -54.8718 91.7081 47.3160
v  -52.8860 91.4890 44.6108
v  -54.8718 83.1254 42.2126
v  -54.9241 82.4138 44.6509
v  -51.5117 89.8325 44.1358
v  -52.0022 90.8115 44.4165
v  -54.9241 92.4197 44.8777
v  -52.8860 90.7888 47.0524
v  -51.5117 89.1323 46.5774
v  -51.0212 88.8534 43.8550
v  -51.0212 86.6802 43.2319
v  -51.0212 87.0667 45.9851
v  -51.5117 85.7012 42.9511
v  -52.8860 84.0447 42.4762
v  -52.8860 83.3446 44.9178
v  -52.0022 84.7222 42.6704
v  -51.5117 85.0011 45.3927
v  -53.7697 83.3672 42.2819
v  -51.0212 87.7668 43.5435
v  -55.9739 93.8708 45.2937
v  -58.4039 93.4062 45.1605
v  -60.4640 92.0830 44.7811
v  -61.8405 90.1027 44.2133
v  -62.3239 87.7668 43.5435
v  -58.4039 82.1275 41.9264
v  -55.9739 81.6628 41.7932
v  -60.4640 83.4506 42.3058
v  -61.8405 85.4309 42.8736
v  -51.4837 92.0830 44.7811
v  -50.1072 90.1027 44.2133
v  -49.6239 87.7668 43.5435
v  -53.5438 93.4062 45.1605
v  -50.1072 85.4309 42.8736
v  -51.4837 83.4506 42.3058
v  -53.5438 82.1275 41.9264
v  -58.4039 83.0026 38.8744
v  -57.1889 81.8951 41.8598
v  -61.1523 91.9680 41.4452
v  -61.1523 91.0929 44.4972
v  -61.1523 85.3159 39.5377
v  -60.4640 84.3258 39.2538
v  -62.0822 86.5989 43.2086
v  -62.3239 88.6420 40.4915
v  -62.0822 87.4740 40.1565
v  -60.4640 92.9582 41.7291
v  -59.4340 92.7446 44.9708
v  -59.4340 93.6198 41.9188
v  -59.4340 83.6642 39.0641
v  -55.9739 94.7460 42.2417
v  -57.1570 94.5198 42.1769
v  -57.1570 82.7642 38.8060
v  -61.1523 84.4408 42.5897
v  -61.8405 86.3061 39.8216
v  -59.4340 82.7891 42.1161
v  -61.8405 90.9779 41.1613
v  -58.4039 94.2813 42.1085
v  -62.0822 89.8099 40.8264
v  -57.1889 93.6385 45.2271
v  -62.0822 88.9348 43.8784
v  -55.9739 82.5380 38.7411
v  -53.5438 94.2813 42.1085
v  -54.7589 93.6385 45.2271
v  -52.5138 92.7446 44.9708
v  -51.4837 92.9582 41.7291
v  -50.7955 91.9680 41.4452
v  -52.5138 93.6198 41.9188
v  -49.8656 88.9348 43.8784
v  -49.6239 88.6420 40.4915
v  -49.8656 89.8099 40.8264
v  -50.1072 90.9779 41.1613
v  -54.7908 94.5198 42.1769
v  -50.7955 91.0929 44.4972
v  -54.7589 82.7703 38.8078
v  -54.7908 81.8890 41.8580
v  -50.7955 84.4408 42.5897
v  -51.4837 84.3258 39.2538
v  -50.7955 85.3159 39.5377
v  -50.1072 86.3061 39.8216
v  -53.5438 83.0026 38.8744
v  -52.5138 83.6642 39.0641
v  -49.8656 86.5989 43.2086
v  -49.8656 87.4740 40.1565
v  -52.5138 82.7891 42.1161
v  -55.9739 95.9668 42.5918
v  -58.8899 95.4092 42.4319
v  -61.3620 93.8214 41.9766
v  -63.0138 91.4451 41.2952
v  -63.5939 88.6420 40.4915
v  -58.8899 81.8747 38.5510
v  -55.9739 81.3172 38.3911
v  -61.3620 83.4626 39.0063
v  -63.0138 85.8389 39.6877
v  -48.9339 91.4451 41.2952
v  -50.5857 93.8214 41.9766
v  -48.3539 88.6420 40.4915
v  -53.0578 95.4092 42.4319
v  -48.9339 85.8389 39.6877
v  -50.5857 83.4626 39.0063
v  -53.0578 81.8747 38.5510
v  -57.4319 81.5959 38.4710
v  -63.3039 88.2906 36.4272
v  -62.1879 85.7009 35.6846
v  -60.1260 82.6686 38.7786
v  -63.3039 90.0435 40.8933
v  -60.1260 83.7188 35.1162
v  -62.1879 93.6834 37.9735
v  -62.1879 92.6332 41.6359
v  -57.2699 82.6152 34.7997
v  -62.1879 84.6507 39.3470
v  -63.3039 87.2404 40.0896
v  -63.3039 91.0937 37.2309
v  -60.1260 95.6655 38.5419
v  -60.1260 94.6153 42.2043
v  -57.4319 96.7382 38.8495
v  -57.4319 95.6880 42.5119
v  -54.5159 95.6880 42.5119
v  -51.8218 94.6153 42.2043
v  -49.7598 93.6834 37.9735
v  -51.8218 95.6655 38.5419
v  -48.6439 90.0435 40.8933
v  -48.6439 91.0937 37.2309
v  -54.6779 96.7692 38.8583
v  -49.7598 92.6332 41.6359
v  -54.5159 82.6461 34.8086
v  -54.6779 81.5650 38.4622
v  -49.7598 84.6507 39.3470
v  -49.7598 85.7009 35.6846
v  -51.8218 83.7188 35.1162
v  -48.6439 87.2404 40.0896
v  -48.6439 88.2906 36.4272
v  -51.8218 82.6686 38.7786
# 186 vertices

vn 0.0000 0.2756 -0.9613
vn -0.0000 -0.2756 0.9613
vn -0.4339 -0.8661 -0.2483
vn -0.2225 -0.9372 -0.2687
vn -0.6235 -0.7515 -0.2155
vn -0.4339 0.8661 0.2483
vn -0.6235 0.7515 0.2155
vn -0.7818 0.5993 0.1719
vn -0.7818 -0.5993 -0.1719
vn -0.9010 -0.4171 -0.1196
vn -1.0000 -0.0000 -0.0000
vn -0.9749 0.2139 0.0613
vn -0.2121 -0.9394 -0.2694
vn -0.0000 -0.9613 -0.2756
vn -0.9010 0.4171 0.1196
vn -0.9749 -0.2139 -0.0613
vn -0.2225 0.9372 0.2687
vn -0.2121 0.9394 0.2694
vn -0.0000 0.9613 0.2756
vn 0.4339 0.8661 0.2483
vn 0.2225 0.9372 0.2687
vn 0.6235 0.7515 0.2155
vn 0.2225 -0.9372 -0.2687
vn 0.4339 -0.8661 -0.2483
vn 0.2121 -0.9394 -0.2694
vn 0.7818 0.5993 0.1719
vn 0.9010 0.4171 0.1196
vn 0.2121 0.9394 0.2694
vn 0.9749 0.2139 0.0613
vn 0.9749 -0.2139 -0.0613
vn 1.0000 0.0000 0.0000
vn 0.9010 -0.4171 -0.1196
vn 0.6235 -0.7515 -0.2155
vn 0.7818 -0.5993 -0.1719
vn -0.3827 -0.8881 -0.2547
vn -0.1951 -0.9428 -0.2703
vn -0.8315 0.5340 0.1531
vn -0.9239 0.3679 0.1055
vn -0.7071 -0.6797 -0.1949
vn -0.8315 -0.5340 -0.1531
vn -0.9808 -0.1875 -0.0538
vn -0.7071 0.6797 0.1949
vn -0.5556 0.7993 0.2292
vn -0.5556 -0.7993 -0.2292
vn -0.1900 0.9437 0.2706
vn -0.1900 -0.9437 -0.2706
vn -0.9239 -0.3679 -0.1055
vn -0.3827 0.8881 0.2547
vn -0.9808 0.1875 0.0538
vn -0.1951 0.9428 0.2703
vn 0.3827 0.8881 0.2547
vn 0.1951 0.9428 0.2703
vn 0.5556 0.7993 0.2292
vn 0.7071 0.6797 0.1949
vn 0.8315 0.5340 0.1531
vn 0.9808 0.1875 0.0538
vn 0.9239 0.3679 0.1055
vn 0.1900 0.9437 0.2706
vn 0.1951 -0.9428 -0.2703
vn 0.3827 -0.8881 -0.2547
vn 0.1900 -0.9437 -0.2706
vn 0.8315 -0.5340 -0.1531
vn 0.7071 -0.6797 -0.1949
vn 0.9239 -0.3679 -0.1055
vn 0.5556 -0.7993 -0.2292
vn 0.9808 -0.1875 -0.0538
vn -0.1736 -0.9467 -0.2714
vn 0.1736 0.9467 0.2714
vn 0.1736 -0.9467 -0.2714
# 69 vertex normals

vt -0.0000 5.7429 0.0000
vt -0.0000 5.4929 0.0000
vt 0.0957 5.7239 0.0000
vt 0.1768 5.6697 0.0000
vt 0.2310 5.5886 0.0000
vt 0.2500 5.4929 0.0000
vt 0.1768 5.3161 0.0000
vt 0.0957 5.2619 0.0000
vt 0.2310 5.3972 0.0000
vt -0.0000 5.2429 0.0000
vt -0.2310 5.5886 0.0000
vt -0.1768 5.6697 0.0000
vt -0.0957 5.7239 0.0000
vt -0.2500 5.4929 0.0000
vt -0.2310 5.3972 0.0000
vt -0.1768 5.3161 0.0000
vt -0.0957 5.2619 0.0000
vt -0.0723 5.6431 0.0000
vt -0.1303 5.5968 0.0000
vt 0.0000 5.4929 0.0000
vt -0.1625 5.5300 0.0000
vt 0.0000 5.6596 0.0000
vt -0.0723 5.3427 0.0000
vt 0.0000 5.3262 0.0000
vt -0.1625 5.4558 0.0000
vt -0.1303 5.3890 0.0000
vt 0.1303 5.5968 0.0000
vt 0.0723 5.6431 0.0000
vt 0.1625 5.5300 0.0000
vt 0.1303 5.3890 0.0000
vt 0.1625 5.4558 0.0000
vt 0.0723 5.3427 0.0000
vt 0.0748 -0.8333 0.0000
vt 0.0374 -0.9167 0.0000
vt 0.0748 -0.9167 0.0000
vt 0.1122 -0.8333 0.0000
vt 0.4488 -0.9167 0.0000
vt 0.4488 -0.8333 0.0000
vt 0.4114 -0.8333 0.0000
vt 0.3740 -0.8333 0.0000
vt 0.4114 -0.9167 0.0000
vt 0.1496 -0.9167 0.0000
vt 0.1870 -0.8333 0.0000
vt 0.1496 -0.8333 0.0000
vt 0.2618 -0.9167 0.0000
vt 0.2992 -0.8333 0.0000
vt 0.2618 -0.8333 0.0000
vt 0.0356 -0.8333 0.0000
vt 0.0000 -0.9167 0.0000
vt 0.3366 -0.8333 0.0000
vt 0.2992 -0.9167 0.0000
vt 0.3366 -0.9167 0.0000
vt 0.1122 -0.9167 0.0000
vt 0.1870 -0.9167 0.0000
vt 0.2244 -0.8333 0.0000
vt 0.2244 -0.9167 0.0000
vt 0.4862 -0.8333 0.0000
vt 0.0000 -0.8333 0.0000
vt 0.4880 -0.9167 0.0000
vt 0.5236 -0.8333 0.0000
vt 0.3740 -0.9167 0.0000
vt 0.5236 -0.9167 0.0000
vt -0.4488 -0.8333 0.0000
vt -0.4862 -0.9167 0.0000
vt -0.4488 -0.9167 0.0000
vt -0.4114 -0.8333 0.0000
vt -0.0374 -0.8333 0.0000
vt -0.0748 -0.9167 0.0000
vt -0.0356 -0.9167 0.0000
vt -0.3740 -0.9167 0.0000
vt -0.3366 -0.8333 0.0000
vt -0.3740 -0.8333 0.0000
vt -0.5236 -0.9167 0.0000
vt -0.4880 -0.8333 0.0000
vt -0.5236 -0.8333 0.0000
vt -0.4114 -0.9167 0.0000
vt -0.3366 -0.9167 0.0000
vt -0.2992 -0.8333 0.0000
vt -0.2244 -0.8333 0.0000
vt -0.2618 -0.9167 0.0000
vt -0.2244 -0.9167 0.0000
vt -0.1870 -0.8333 0.0000
vt -0.1122 -0.8333 0.0000
vt -0.1496 -0.9167 0.0000
vt -0.1122 -0.9167 0.0000
vt -0.1496 -0.8333 0.0000
vt -0.1870 -0.9167 0.0000
vt -0.0748 -0.8333 0.0000
vt -0.2618 -0.8333 0.0000
vt -0.2992 -0.9167 0.0000
vt 0.0000 5.7012 0.0000
vt -0.0797 5.6854 0.0000
vt -0.1473 5.6402 0.0000
vt -0.1925 5.5726 0.0000
vt -0.2083 5.4929 0.0000
vt -0.0797 5.3004 0.0000
vt 0.0000 5.2846 0.0000
vt -0.1473 5.3456 0.0000
vt -0.1925 5.4132 0.0000
vt 0.1473 5.6402 0.0000
vt 0.1925 5.5726 0.0000
vt 0.2083 5.4929 0.0000
vt 0.0797 5.6854 0.0000
vt 0.1925 5.4132 0.0000
vt 0.1473 5.3456 0.0000
vt 0.0797 5.3004 0.0000
vt 0.0818 -0.7292 0.0000
vt 0.0409 -0.8333 0.0000
vt 0.0818 -0.8333 0.0000
vt 0.4500 -0.7292 0.0000
vt 0.4091 -0.8333 0.0000
vt 0.4500 -0.8333 0.0000
vt 0.1636 -0.8333 0.0000
vt 0.2045 -0.7292 0.0000
vt 0.1636 -0.7292 0.0000
vt 0.2863 -0.8333 0.0000
vt 0.3272 -0.7292 0.0000
vt 0.2863 -0.7292 0.0000
vt 0.4909 -0.7292 0.0000
vt 0.5318 -0.8333 0.0000
vt 0.5318 -0.7292 0.0000
vt 0.1227 -0.7292 0.0000
vt 0.6545 -0.8333 0.0000
vt 0.6545 -0.7292 0.0000
vt 0.6147 -0.7292 0.0000
vt 0.0398 -0.7292 0.0000
vt 0.2045 -0.8333 0.0000
vt 0.2454 -0.7292 0.0000
vt 0.1227 -0.8333 0.0000
vt 0.2454 -0.8333 0.0000
vt 0.3272 -0.8333 0.0000
vt 0.4909 -0.8333 0.0000
vt 0.4091 -0.7292 0.0000
vt 0.5727 -0.8333 0.0000
vt 0.5727 -0.7292 0.0000
vt 0.3682 -0.7292 0.0000
vt 0.6136 -0.8333 0.0000
vt 0.3682 -0.8333 0.0000
vt 0.0000 -0.7292 0.0000
vt -0.5727 -0.7292 0.0000
vt -0.6136 -0.8333 0.0000
vt -0.5727 -0.8333 0.0000
vt -0.5318 -0.8333 0.0000
vt -0.4909 -0.8333 0.0000
vt -0.4909 -0.7292 0.0000
vt -0.4500 -0.7292 0.0000
vt -0.5318 -0.7292 0.0000
vt -0.3682 -0.8333 0.0000
vt -0.3272 -0.7292 0.0000
vt -0.3682 -0.7292 0.0000
vt -0.4091 -0.7292 0.0000
vt -0.4091 -0.8333 0.0000
vt -0.6147 -0.7292 0.0000
vt -0.6545 -0.8333 0.0000
vt -0.4500 -0.8333 0.0000
vt -0.0409 -0.7292 0.0000
vt -0.0818 -0.8333 0.0000
vt -0.0398 -0.8333 0.0000
vt -0.2045 -0.8333 0.0000
vt -0.1636 -0.8333 0.0000
vt -0.1636 -0.7292 0.0000
vt -0.3272 -0.8333 0.0000
vt -0.2045 -0.7292 0.0000
vt -0.2454 -0.8333 0.0000
vt -0.2454 -0.7292 0.0000
vt -0.0818 -0.7292 0.0000
vt -0.6545 -0.7292 0.0000
vt -0.1227 -0.7292 0.0000
vt -0.2863 -0.8333 0.0000
vt -0.2863 -0.7292 0.0000
vt -0.1227 -0.8333 0.0000
vt 0.0000 5.7429 0.0000
vt 0.0000 5.2429 0.0000
vt 0.0982 -0.6042 0.0000
vt 0.0491 -0.7292 0.0000
vt 0.0982 -0.7292 0.0000
vt 0.3436 -0.6042 0.0000
vt 0.2945 -0.6042 0.0000
vt 0.2945 -0.7292 0.0000
vt 0.1963 -0.7292 0.0000
vt 0.2454 -0.6042 0.0000
vt 0.1963 -0.6042 0.0000
vt 0.1473 -0.7292 0.0000
vt 0.4418 -0.7292 0.0000
vt 0.4909 -0.6042 0.0000
vt 0.1473 -0.6042 0.0000
vt 0.5400 -0.6042 0.0000
vt 0.5400 -0.7292 0.0000
vt 0.0436 -0.6042 0.0000
vt 0.3436 -0.7292 0.0000
vt 0.3927 -0.6042 0.0000
vt 0.3927 -0.7292 0.0000
vt 0.4418 -0.6042 0.0000
vt 0.5890 -0.7292 0.0000
vt 0.6872 -0.7292 0.0000
vt 0.6872 -0.6042 0.0000
vt 0.6381 -0.6042 0.0000
vt 0.6381 -0.7292 0.0000
vt 0.0000 -0.6042 0.0000
vt 0.5890 -0.6042 0.0000
vt 0.7363 -0.6042 0.0000
vt 0.7363 -0.7292 0.0000
vt 0.7854 -0.7292 0.0000
vt 0.7854 -0.6042 0.0000
vt -0.6872 -0.6042 0.0000
vt -0.7363 -0.7292 0.0000
vt -0.6872 -0.7292 0.0000
vt -0.6381 -0.7292 0.0000
vt -0.5890 -0.7292 0.0000
vt -0.5890 -0.6042 0.0000
vt -0.5400 -0.6042 0.0000
vt -0.6381 -0.6042 0.0000
vt -0.4418 -0.7292 0.0000
vt -0.3927 -0.6042 0.0000
vt -0.4418 -0.6042 0.0000
vt -0.4909 -0.6042 0.0000
vt -0.7418 -0.6042 0.0000
vt -0.7854 -0.7292 0.0000
vt -0.5400 -0.7292 0.0000
vt -0.0491 -0.6042 0.0000
vt -0.0982 -0.7292 0.0000
vt -0.0436 -0.7292 0.0000
vt -0.1963 -0.7292 0.0000
vt -0.1963 -0.6042 0.0000
vt -0.3927 -0.7292 0.0000
vt -0.2454 -0.6042 0.0000
vt -0.2945 -0.7292 0.0000
vt -0.2945 -0.6042 0.0000
vt -0.0982 -0.6042 0.0000
vt -0.7854 -0.6042 0.0000
vt -0.1473 -0.6042 0.0000
vt -0.3436 -0.7292 0.0000
vt -0.3436 -0.6042 0.0000
vt -0.1473 -0.7292 0.0000
# 234 texture coords

g _Revolve__1963_
usemtl plastic
s off
f 4707/6382/2183 4708/6383/2183 4709/6384/2183 
f 4708/6383/2183 4710/6385/2183 4709/6384/2183 
f 4710/6385/2183 4708/6383/2183 4711/6386/2183 
f 4708/6383/2183 4712/6387/2183 4711/6386/2183 
f 4713/6388/2183 4708/6383/2183 4714/6389/2183 
f 4715/6390/2183 4712/6387/2183 4708/6383/2183 
f 4708/6383/2183 4713/6388/2183 4715/6390/2183 
f 4708/6383/2183 4716/6391/2183 4714/6389/2183 
f 4717/6392/2183 4708/6383/2183 4718/6393/2183 
f 4708/6383/2183 4719/6394/2183 4718/6393/2183 
f 4707/6382/2183 4719/6394/2183 4708/6383/2183 
f 4717/6392/2183 4720/6395/2183 4708/6383/2183 
f 4721/6396/2183 4722/6397/2183 4708/6383/2183 
f 4708/6383/2183 4723/6398/2183 4716/6391/2183 
f 4723/6398/2183 4708/6383/2183 4722/6397/2183 
f 4721/6396/2183 4708/6383/2183 4720/6395/2183 
f 4724/6399/2184 4725/6400/2184 4726/6401/2184 
f 4725/6400/2184 4727/6402/2184 4726/6401/2184 
f 4726/6401/2184 4728/6403/2184 4724/6399/2184 
f 4729/6404/2184 4730/6405/2184 4726/6401/2184 
f 4731/6406/2184 4732/6407/2184 4726/6401/2184 
f 4729/6404/2184 4726/6401/2184 4732/6407/2184 
f 4727/6402/2184 4731/6406/2184 4726/6401/2184 
f 4726/6401/2184 4733/6408/2184 4734/6409/2184 
f 4734/6409/2184 4728/6403/2184 4726/6401/2184 
f 4735/6410/2184 4733/6408/2184 4726/6401/2184 
f 4726/6401/2184 4736/6411/2184 4737/6412/2184 
f 4730/6405/2184 4738/6413/2184 4726/6401/2184 
f 4736/6411/2184 4726/6401/2184 4738/6413/2184 
f 4735/6410/2184 4726/6401/2184 4737/6412/2184 
f 4739/6414/2185 4740/6415/2186 4729/6416/2185 
f 4729/6416/2185 4741/6417/2187 4739/6414/2185 
f 4724/6418/2188 4742/6419/2188 4743/6420/2189 
f 4744/6421/2190 4745/6422/2189 4743/6420/2189 
f 4732/6423/2191 4746/6424/2192 4747/6425/2191 
f 4748/6426/2193 4749/6427/2194 4750/6428/2193 
f 4751/6429/2195 4730/6430/2196 4740/6415/2186 
f 4752/6431/2197 4727/6432/2194 4753/6433/2197 
f 4754/6434/2187 4747/6425/2191 4741/6417/2187 
f 4755/6435/2192 4756/6436/2198 4746/6424/2192 
f 4750/6428/2193 4756/6436/2198 4731/6437/2198 
f 4749/6427/2194 4748/6426/2193 4727/6432/2194 
f 4727/6432/2194 4752/6431/2197 4749/6427/2194 
f 4754/6434/2187 4732/6423/2191 4747/6425/2191 
f 4724/6418/2188 4757/6438/2199 4742/6419/2188 
f 4739/6414/2185 4751/6429/2195 4740/6415/2186 
f 4755/6435/2192 4731/6437/2198 4756/6436/2198 
f 4724/6418/2188 4743/6420/2189 4745/6422/2189 
f 4741/6417/2187 4729/6416/2185 4754/6434/2187 
f 4753/6433/2197 4744/6421/2190 4752/6431/2197 
f 4730/6430/2196 4751/6429/2195 4758/6439/2196 
f 4759/6440/2200 4760/6441/2201 4757/6438/2199 
f 4725/6442/2190 4745/6422/2189 4744/6421/2190 
f 4746/6424/2192 4732/6423/2191 4755/6435/2192 
f 4757/6438/2199 4724/6418/2188 4759/6440/2200 
f 4750/6428/2193 4731/6437/2198 4748/6426/2193 
f 4759/6440/2200 4728/6443/2201 4760/6441/2201 
f 4753/6433/2197 4725/6442/2190 4744/6421/2190 
f 4761/6444/2202 4762/6445/2203 4734/6446/2202 
f 4734/6446/2202 4763/6447/2204 4761/6444/2202 
f 4764/6448/2205 4738/6449/2206 4765/6450/2207 
f 4765/6450/2207 4730/6430/2196 4758/6439/2196 
f 4733/6451/2208 4766/6452/2209 4767/6453/2208 
f 4728/6454/2201 4768/6455/2210 4760/6456/2201 
f 4768/6455/2210 4728/6454/2201 4762/6445/2203 
f 4763/6447/2204 4734/6446/2202 4769/6457/2204 
f 4769/6457/2204 4767/6453/2208 4763/6447/2204 
f 4770/6458/2209 4771/6459/2211 4766/6452/2209 
f 4761/6444/2202 4768/6455/2210 4762/6445/2203 
f 4772/6460/2212 4773/6461/2213 4737/6462/2212 
f 4737/6462/2212 4774/6463/2214 4772/6460/2212 
f 4775/6464/2215 4736/6465/2216 4776/6466/2215 
f 4736/6465/2216 4775/6464/2215 4777/6467/2216 
f 4774/6463/2214 4737/6462/2212 4778/6468/2214 
f 4778/6468/2214 4736/6465/2216 4777/6467/2216 
f 4738/6449/2206 4764/6448/2205 4779/6469/2206 
f 4766/6452/2209 4733/6451/2208 4770/6458/2209 
f 4778/6468/2214 4777/6467/2216 4774/6463/2214 
f 4773/6461/2213 4772/6460/2212 4780/6470/2213 
f 4776/6466/2215 4779/6469/2206 4775/6464/2215 
f 4765/6450/2207 4758/6439/2196 4764/6448/2205 
f 4770/6458/2209 4735/6471/2211 4771/6459/2211 
f 4780/6470/2213 4771/6459/2211 4735/6471/2211 
f 4780/6470/2213 4735/6471/2211 4773/6461/2213 
f 4776/6466/2215 4738/6449/2206 4779/6469/2206 
f 4769/6457/2204 4733/6451/2208 4767/6453/2208 
f 4760/6403/2184 4781/6472/2184 4782/6473/2184 
f 4782/6473/2184 4742/6399/2184 4760/6403/2184 
f 4783/6474/2184 4742/6399/2184 4782/6473/2184 
f 4784/6475/2184 4744/6400/2184 4783/6474/2184 
f 4742/6399/2184 4783/6474/2184 4744/6400/2184 
f 4785/6476/2184 4749/6402/2184 4784/6475/2184 
f 4744/6400/2184 4784/6475/2184 4749/6402/2184 
f 4786/6477/2184 4758/6405/2184 4739/6404/2184 
f 4758/6405/2184 4786/6477/2184 4787/6478/2184 
f 4788/6479/2184 4786/6477/2184 4739/6404/2184 
f 4789/6480/2184 4756/6406/2184 4785/6476/2184 
f 4756/6406/2184 4749/6402/2184 4785/6476/2184 
f 4788/6479/2184 4747/6407/2184 4789/6480/2184 
f 4756/6406/2184 4789/6480/2184 4747/6407/2184 
f 4739/6404/2184 4747/6407/2184 4788/6479/2184 
f 4761/6409/2184 4767/6408/2184 4790/6481/2184 
f 4791/6482/2184 4790/6481/2184 4767/6408/2184 
f 4767/6408/2184 4771/6410/2184 4791/6482/2184 
f 4792/6483/2184 4791/6482/2184 4771/6410/2184 
f 4760/6403/2184 4793/6484/2184 4781/6472/2184 
f 4793/6484/2184 4760/6403/2184 4761/6409/2184 
f 4761/6409/2184 4790/6481/2184 4793/6484/2184 
f 4794/6485/2184 4792/6483/2184 4772/6412/2184 
f 4777/6411/2184 4794/6485/2184 4772/6412/2184 
f 4795/6486/2184 4794/6485/2184 4777/6411/2184 
f 4779/6413/2184 4795/6486/2184 4777/6411/2184 
f 4787/6478/2184 4796/6487/2184 4758/6405/2184 
f 4779/6413/2184 4758/6405/2184 4796/6487/2184 
f 4779/6413/2184 4796/6487/2184 4795/6486/2184 
f 4792/6483/2184 4771/6410/2184 4772/6412/2184 
f 4797/6488/2217 4798/6489/2218 4786/6490/2217 
f 4799/6491/2219 4784/6492/2220 4800/6493/2219 
f 4788/6494/2221 4801/6495/2222 4802/6496/2221 
f 4803/6497/2223 4804/6498/2193 4805/6499/2223 
f 4806/6500/2224 4807/6501/2225 4808/6502/2225 
f 4786/6490/2217 4809/6503/2226 4797/6488/2217 
f 4781/6504/2201 4810/6505/2201 4811/6506/2227 
f 4812/6507/2228 4787/6439/2196 4798/6489/2218 
f 4813/6508/2222 4814/6509/2229 4801/6495/2222 
f 4815/6510/2226 4802/6496/2221 4809/6503/2226 
f 4815/6510/2226 4788/6494/2221 4802/6496/2221 
f 4805/6499/2223 4814/6509/2229 4789/6511/2229 
f 4804/6498/2193 4803/6497/2223 4785/6512/2193 
f 4800/6493/2219 4783/6513/2224 4806/6500/2224 
f 4805/6499/2223 4789/6511/2229 4803/6497/2223 
f 4784/6492/2220 4799/6491/2219 4816/6514/2220 
f 4801/6495/2222 4788/6494/2221 4813/6508/2222 
f 4782/6515/2230 4808/6502/2225 4807/6501/2225 
f 4782/6515/2230 4817/6516/2230 4808/6502/2225 
f 4818/6517/2231 4804/6498/2193 4785/6512/2193 
f 4781/6504/2201 4811/6506/2227 4819/6518/2232 
f 4816/6514/2220 4820/6519/2231 4784/6492/2220 
f 4818/6517/2231 4785/6512/2193 4820/6519/2231 
f 4797/6488/2217 4812/6507/2228 4798/6489/2218 
f 4800/6493/2219 4806/6500/2224 4799/6491/2219 
f 4806/6500/2224 4783/6513/2224 4807/6501/2225 
f 4787/6439/2196 4812/6507/2228 4821/6520/2196 
f 4782/6515/2230 4819/6518/2232 4817/6516/2230 
f 4813/6508/2222 4789/6511/2229 4814/6509/2229 
f 4820/6519/2231 4816/6514/2220 4818/6517/2231 
f 4809/6503/2226 4786/6490/2217 4815/6510/2226 
f 4817/6516/2230 4819/6518/2232 4811/6506/2227 
f 4822/6521/2233 4823/6522/2234 4793/6523/2233 
f 4824/6524/2235 4790/6525/2236 4825/6526/2236 
f 4790/6525/2236 4826/6527/2237 4825/6526/2236 
f 4827/6528/2235 4793/6523/2233 4824/6524/2235 
f 4828/6529/2238 4829/6530/2213 4830/6531/2238 
f 4793/6523/2233 4827/6528/2235 4822/6521/2233 
f 4830/6531/2238 4831/6532/2239 4791/6533/2239 
f 4832/6534/2240 4781/6535/2201 4823/6522/2234 
f 4833/6536/2237 4831/6532/2239 4826/6527/2237 
f 4824/6524/2235 4825/6526/2236 4827/6528/2235 
f 4834/6537/2241 4796/6538/2242 4835/6539/2243 
f 4836/6540/2244 4795/6541/2245 4837/6542/2245 
f 4829/6530/2213 4828/6529/2238 4792/6543/2213 
f 4838/6544/2244 4794/6545/2246 4836/6540/2244 
f 4830/6531/2238 4791/6533/2239 4828/6529/2238 
f 4794/6545/2246 4838/6544/2244 4839/6546/2246 
f 4822/6521/2233 4832/6534/2240 4823/6522/2234 
f 4796/6538/2242 4834/6537/2241 4840/6547/2242 
f 4781/6535/2201 4832/6534/2240 4810/6548/2201 
f 4826/6527/2237 4790/6525/2236 4833/6536/2237 
f 4795/6541/2245 4841/6549/2247 4837/6542/2245 
f 4839/6546/2246 4842/6550/2248 4794/6545/2246 
f 4843/6551/2248 4792/6543/2213 4842/6550/2248 
f 4836/6540/2244 4837/6542/2245 4838/6544/2244 
f 4844/6552/2247 4840/6547/2242 4841/6549/2247 
f 4842/6550/2248 4839/6546/2246 4843/6551/2248 
f 4844/6552/2247 4796/6538/2242 4840/6547/2242 
f 4835/6539/2243 4821/6520/2196 4834/6537/2241 
f 4841/6549/2247 4795/6541/2245 4844/6552/2247 
f 4843/6551/2248 4829/6530/2213 4792/6543/2213 
f 4833/6536/2237 4791/6533/2239 4831/6532/2239 
f 4835/6539/2243 4787/6439/2196 4821/6520/2196 
f 4810/6472/2184 4845/6553/2184 4846/6394/2184 
f 4846/6394/2184 4817/6473/2184 4810/6472/2184 
f 4847/6393/2184 4817/6473/2184 4846/6394/2184 
f 4848/6392/2184 4806/6474/2184 4847/6393/2184 
f 4817/6473/2184 4847/6393/2184 4806/6474/2184 
f 4816/6475/2184 4848/6392/2184 4849/6395/2184 
f 4806/6474/2184 4848/6392/2184 4816/6475/2184 
f 4804/6476/2184 4816/6475/2184 4849/6395/2184 
f 4850/6398/2184 4821/6478/2184 4797/6477/2184 
f 4821/6478/2184 4850/6398/2184 4851/6554/2184 
f 4852/6397/2184 4850/6398/2184 4797/6477/2184 
f 4853/6396/2184 4814/6480/2184 4849/6395/2184 
f 4814/6480/2184 4804/6476/2184 4849/6395/2184 
f 4852/6397/2184 4802/6479/2184 4853/6396/2184 
f 4814/6480/2184 4853/6396/2184 4802/6479/2184 
f 4797/6477/2184 4802/6479/2184 4852/6397/2184 
f 4854/6386/2184 4855/6385/2184 4825/6481/2184 
f 4831/6482/2184 4829/6483/2184 4856/6387/2184 
f 4856/6387/2184 4854/6386/2184 4831/6482/2184 
f 4831/6482/2184 4854/6386/2184 4825/6481/2184 
f 4810/6472/2184 4857/6384/2184 4845/6553/2184 
f 4857/6384/2184 4810/6472/2184 4822/6484/2184 
f 4855/6385/2184 4857/6384/2184 4822/6484/2184 
f 4822/6484/2184 4825/6481/2184 4855/6385/2184 
f 4858/6390/2184 4856/6387/2184 4839/6485/2184 
f 4837/6486/2184 4858/6390/2184 4839/6485/2184 
f 4859/6388/2184 4858/6390/2184 4837/6486/2184 
f 4840/6487/2184 4859/6388/2184 4837/6486/2184 
f 4851/6554/2184 4860/6389/2184 4821/6478/2184 
f 4840/6487/2184 4821/6478/2184 4860/6389/2184 
f 4840/6487/2184 4860/6389/2184 4859/6388/2184 
f 4856/6387/2184 4829/6483/2184 4839/6485/2184 
f 4714/6555/2217 4861/6556/2218 4850/6557/2217 
f 4862/6558/2223 4715/6559/2229 4853/6560/2229 
f 4852/6561/2221 4863/6562/2222 4713/6563/2221 
f 4864/6564/2226 4852/6561/2221 4713/6563/2221 
f 4865/6565/2231 4848/6500/2220 4711/6566/2220 
f 4850/6557/2217 4866/6567/2226 4714/6555/2217 
f 4867/6568/2219 4848/6500/2220 4868/6569/2219 
f 4869/6570/2249 4851/6520/2196 4861/6556/2218 
f 4870/6509/2222 4715/6559/2229 4863/6562/2222 
f 4864/6564/2226 4713/6563/2221 4866/6567/2226 
f 4866/6567/2226 4850/6557/2217 4864/6564/2226 
f 4871/6571/2223 4712/6572/2193 4862/6558/2223 
f 4712/6572/2193 4871/6571/2223 4849/6573/2193 
f 4872/6574/2231 4849/6573/2193 4865/6565/2231 
f 4862/6558/2223 4853/6560/2229 4871/6571/2223 
f 4849/6573/2193 4872/6574/2231 4712/6572/2193 
f 4870/6509/2222 4853/6560/2229 4715/6559/2229 
f 4847/6575/2224 4867/6568/2219 4868/6569/2219 
f 4711/6566/2220 4848/6500/2220 4867/6568/2219 
f 4846/6576/2230 4709/6577/2230 4873/6578/2225 
f 4874/6579/2225 4846/6576/2230 4873/6578/2225 
f 4851/6520/2196 4869/6570/2249 4716/6580/2196 
f 4710/6581/2224 4867/6568/2219 4847/6575/2224 
f 4875/6582/2232 4709/6577/2230 4876/6583/2232 
f 4874/6579/2225 4710/6581/2224 4847/6575/2224 
f 4709/6577/2230 4846/6576/2230 4876/6583/2232 
f 4863/6562/2222 4852/6561/2221 4870/6509/2222 
f 4845/6584/2201 4707/6585/2201 4875/6582/2232 
f 4714/6555/2217 4869/6570/2249 4861/6556/2218 
f 4845/6584/2201 4875/6582/2232 4876/6583/2232 
f 4865/6565/2231 4711/6566/2220 4872/6574/2231 
f 4710/6581/2224 4874/6579/2225 4873/6578/2225 
f 4719/6586/2233 4877/6587/2234 4857/6588/2233 
f 4878/6589/2235 4855/6590/2236 4718/6591/2236 
f 4855/6590/2236 4879/6592/2237 4718/6591/2236 
f 4880/6593/2235 4857/6588/2233 4878/6589/2235 
f 4881/6594/2238 4720/6595/2213 4882/6596/2238 
f 4857/6588/2233 4880/6593/2235 4719/6586/2233 
f 4882/6596/2238 4717/6597/2239 4854/6526/2239 
f 4883/6598/2250 4845/6599/2201 4877/6587/2234 
f 4884/6600/2237 4717/6597/2239 4879/6592/2237 
f 4878/6589/2235 4718/6591/2236 4880/6593/2235 
f 4885/6601/2241 4860/6602/2242 4886/6603/2251 
f 4887/6546/2244 4859/6604/2245 4722/6605/2245 
f 4720/6595/2213 4881/6594/2238 4856/6606/2213 
f 4888/6607/2244 4858/6608/2246 4887/6546/2244 
f 4882/6596/2238 4854/6526/2239 4881/6594/2238 
f 4858/6608/2246 4888/6607/2244 4721/6609/2246 
f 4719/6586/2233 4883/6598/2250 4877/6587/2234 
f 4860/6602/2242 4885/6601/2241 4723/6610/2242 
f 4845/6599/2201 4883/6598/2250 4707/6611/2201 
f 4879/6592/2237 4855/6590/2236 4884/6600/2237 
f 4859/6604/2245 4889/6612/2247 4722/6605/2245 
f 4721/6609/2246 4890/6613/2248 4858/6608/2246 
f 4891/6614/2248 4856/6606/2213 4890/6613/2248 
f 4887/6546/2244 4722/6605/2245 4888/6607/2244 
f 4892/6615/2247 4723/6610/2242 4889/6612/2247 
f 4890/6613/2248 4721/6609/2246 4891/6614/2248 
f 4892/6615/2247 4860/6602/2242 4723/6610/2242 
f 4886/6603/2251 4716/6580/2196 4885/6601/2241 
f 4889/6612/2247 4859/6604/2245 4892/6615/2247 
f 4891/6614/2248 4720/6595/2213 4856/6606/2213 
f 4884/6600/2237 4854/6526/2239 4717/6597/2239 
f 4886/6603/2251 4851/6520/2196 4716/6580/2196 
# 276 faces

#
# object _Revolve__1974_
#

v  -42.3799 88.8759 14.1349
v  -40.9219 88.5971 14.0550
v  -42.3799 87.8257 17.7973
v  -40.9219 102.6892 18.0958
v  -42.3799 101.3602 21.6783
v  -40.7599 101.6700 21.7671
v  -43.6160 89.6698 14.3626
v  -43.6160 88.6197 18.0250
v  -44.8520 89.4136 18.2526
v  -47.0839 94.5930 19.7378
v  -46.7939 94.2416 15.6735
v  -46.7939 93.1914 19.3359
v  -46.5038 98.4463 16.8792
v  -45.6779 98.5843 20.8823
v  -45.6779 99.6344 17.2199
v  -45.6779 90.6017 18.5933
v  -46.5038 91.7899 18.9340
v  -45.6779 91.6519 14.9309
v  -44.8520 100.8226 17.5606
v  -39.4639 88.3184 13.9751
v  -40.7599 87.5160 17.7085
v  -44.8520 90.4637 14.5902
v  -46.5038 92.8401 15.2716
v  -47.0839 95.6432 16.0754
v  -39.4639 101.9178 21.8382
v  -39.4639 102.9680 18.1758
v  -44.8520 99.7724 21.2230
v  -39.4639 87.2682 17.6375
v  -43.6160 101.6165 17.7882
v  -42.3799 102.4104 18.0159
v  -46.7939 97.0447 16.4773
v  -46.7939 95.9945 20.1397
v  -43.6160 100.5663 21.4506
v  -46.5038 97.3961 20.5416
v  -36.5478 102.4104 18.0159
v  -38.0059 102.6892 18.0958
v  -36.5478 101.3602 21.6783
v  -35.3118 101.6165 17.7882
v  -35.3118 100.5663 21.4506
v  -34.0757 99.7724 21.2230
v  -32.4239 91.7899 18.9340
v  -32.1339 94.2416 15.6735
v  -32.1339 93.1914 19.3359
v  -33.2498 98.5843 20.8823
v  -32.4239 97.3961 20.5416
v  -33.2498 99.6344 17.2199
v  -32.4239 98.4463 16.8792
v  -32.1339 95.9945 20.1397
v  -38.1679 101.6700 21.7671
v  -34.0757 100.8226 17.5606
v  -32.1339 97.0447 16.4773
v  -31.8439 95.6432 16.0754
v  -31.8439 94.5930 19.7378
v  -34.0757 89.4136 18.2526
v  -33.2498 91.6519 14.9309
v  -33.2498 90.6017 18.5933
v  -38.1679 88.5662 14.0461
v  -35.3118 89.6698 14.3626
v  -35.3118 88.6197 18.0250
v  -36.5478 87.8257 17.7973
v  -36.5478 88.8759 14.1349
v  -34.0757 90.4637 14.5902
v  -38.0059 87.5470 17.7174
v  -32.4239 92.8401 15.2716
v  -39.4639 101.7472 17.8257
v  -41.8939 101.2825 17.6925
v  -43.9540 99.9594 17.3130
v  -45.3305 97.9791 16.7452
v  -45.8139 95.6432 16.0754
v  -41.8939 90.0038 14.4583
v  -39.4639 89.5392 14.3251
v  -45.3305 93.3073 15.4056
v  -43.9540 91.3270 14.8378
v  -34.9737 99.9594 17.3130
v  -33.1139 95.6432 16.0754
v  -33.5972 97.9791 16.7452
v  -37.0338 101.2825 17.6925
v  -33.5972 93.3073 15.4056
v  -34.9737 91.3270 14.8378
v  -37.0338 90.0038 14.4583
v  -41.8939 90.8790 11.4063
v  -40.6789 90.6466 11.3397
v  -42.9240 91.5405 11.5960
v  -42.9240 90.6654 14.6480
v  -43.9540 100.8345 14.2610
v  -44.6423 99.8444 13.9771
v  -40.6470 101.5210 17.7608
v  -39.4639 102.6223 14.7737
v  -44.6423 92.3171 15.1217
v  -44.6423 93.1923 12.0697
v  -45.3305 98.8542 13.6932
v  -44.6423 98.9692 17.0291
v  -39.4639 90.4143 11.2731
v  -40.6470 89.7654 14.3900
v  -43.9540 92.2021 11.7858
v  -45.5722 95.3504 12.6885
v  -45.3305 94.1824 12.3536
v  -45.5722 94.4752 15.7405
v  -45.8139 96.5183 13.0234
v  -42.9240 101.4961 14.4507
v  -42.9240 100.6209 17.5027
v  -40.6789 102.3900 14.7071
v  -41.8939 102.1577 14.6405
v  -45.5722 97.6863 13.3583
v  -45.5722 96.8111 16.4103
v  -37.0338 102.1577 14.6405
v  -38.2489 102.3900 14.7071
v  -36.0038 101.4961 14.4507
v  -36.0038 100.6209 17.5027
v  -33.3556 95.3504 12.6885
v  -33.3556 94.4752 15.7405
v  -34.2855 98.9692 17.0291
v  -34.2855 99.8444 13.9771
v  -33.5972 98.8542 13.6932
v  -33.3556 96.8111 16.4103
v  -38.2808 101.5210 17.7608
v  -34.9737 100.8345 14.2610
v  -33.3556 97.6863 13.3583
v  -33.1139 96.5183 13.0234
v  -34.2855 93.1923 12.0697
v  -34.2855 92.3171 15.1217
v  -38.2808 90.6405 11.3380
v  -36.0038 91.5405 11.5960
v  -36.0038 90.6654 14.6480
v  -37.0338 90.8790 11.4063
v  -34.9737 92.2021 11.7858
v  -38.2489 89.7715 14.3917
v  -33.5972 94.1824 12.3536
v  -39.4639 101.4015 14.4236
v  -41.6680 100.9179 14.2850
v  -43.4356 99.5630 13.8964
v  -44.4165 97.6049 13.3350
v  -41.6680 92.1187 11.7618
v  -39.4639 91.6351 11.6232
v  -44.4165 95.4317 12.7118
v  -43.4356 93.4737 12.1504
v  -35.4922 99.5630 13.8964
v  -37.2598 100.9179 14.2850
v  -34.5112 97.6049 13.3350
v  -34.5112 95.4317 12.7118
v  -35.4922 93.4737 12.1504
v  -37.2598 92.1187 11.7618
v  -41.6680 92.8188 9.3202
v  -40.5659 92.5770 9.2509
v  -42.5518 93.4963 9.5145
v  -42.5518 92.7962 11.9561
v  -43.4356 100.2631 11.4548
v  -42.5518 100.9406 11.6491
v  -43.9260 94.4527 12.4311
v  -43.9260 95.1528 9.9895
v  -44.4165 96.1318 10.2702
v  -44.4165 96.5183 13.0234
v  -44.4165 97.2184 10.5818
v  -39.4639 92.3352 9.1816
v  -40.5137 91.8654 11.6892
v  -44.4165 98.3051 10.8934
v  -43.9260 98.5839 13.6157
v  -43.9260 99.2841 11.1741
v  -43.4356 94.1738 9.7088
v  -39.4639 102.1016 11.9820
v  -40.5137 101.8713 11.9160
v  -41.6680 101.6181 11.8434
v  -42.5518 100.2404 14.0907
v  -40.5659 101.1597 14.3543
v  -37.2598 101.6181 11.8434
v  -38.3618 101.8598 11.9127
v  -36.3760 100.9406 11.6491
v  -36.3760 100.2404 14.0907
v  -37.2598 92.8188 9.3202
v  -38.3618 91.8769 11.6925
v  -38.4141 92.5656 9.2476
v  -35.0017 98.5839 13.6157
v  -35.0017 99.2841 11.1741
v  -38.4141 101.1712 14.3576
v  -35.4922 100.2631 11.4548
v  -34.5112 97.2184 10.5818
v  -34.5112 96.5183 13.0234
v  -35.0017 95.1528 9.9895
v  -35.0017 94.4527 12.4311
v  -35.4922 94.1738 9.7088
v  -36.3760 92.7962 11.9561
v  -36.3760 93.4963 9.5145
v  -34.5112 96.1318 10.2702
v  -34.5112 98.3051 10.8934
v  -39.4639 97.2184 10.5818
v  -39.4639 94.5930 19.7378
# 186 vertices

vn -0.3827 -0.8881 -0.2547
vn -0.1951 -0.9428 -0.2703
vn -0.1951 0.9428 0.2703
vn -0.3827 0.8881 0.2547
vn -0.1736 0.9467 0.2714
vn -0.5556 -0.7993 -0.2292
vn -0.7071 -0.6797 -0.1949
vn -1.0000 -0.0000 0.0000
vn -0.9808 -0.1875 -0.0538
vn -0.9239 0.3679 0.1055
vn -0.8315 0.5340 0.1531
vn -0.8315 -0.5340 -0.1531
vn -0.9239 -0.3679 -0.1055
vn -0.7071 0.6797 0.1949
vn 0.0000 -0.9613 -0.2756
vn -0.1736 -0.9467 -0.2714
vn -0.0000 0.9613 0.2756
vn -0.5556 0.7993 0.2292
vn -0.9808 0.1875 0.0538
vn 0.3827 0.8881 0.2547
vn 0.1951 0.9428 0.2703
vn 0.5556 0.7993 0.2292
vn 0.7071 0.6797 0.1949
vn 0.9239 -0.3679 -0.1055
vn 0.9808 -0.1875 -0.0538
vn 0.8315 0.5340 0.1531
vn 0.9239 0.3679 0.1055
vn 0.9808 0.1875 0.0538
vn 0.1736 0.9467 0.2714
vn 1.0000 0.0000 0.0000
vn 0.7071 -0.6797 -0.1949
vn 0.8315 -0.5340 -0.1531
vn 0.1736 -0.9467 -0.2714
vn 0.5556 -0.7993 -0.2292
vn 0.3827 -0.8881 -0.2547
vn 0.1951 -0.9428 -0.2703
vn -0.0000 0.2756 -0.9613
vn -0.1900 0.9437 0.2706
vn -0.1900 -0.9437 -0.2706
vn 0.1900 0.9437 0.2706
vn 0.1900 -0.9437 -0.2706
vn -0.4339 -0.8661 -0.2483
vn -0.2225 -0.9372 -0.2687
vn -0.6235 -0.7515 -0.2155
vn -0.7818 -0.5993 -0.1719
vn -0.7818 0.5993 0.1719
vn -0.6235 0.7515 0.2155
vn -0.9010 -0.4171 -0.1196
vn -0.9749 -0.2139 -0.0613
vn -0.2121 -0.9394 -0.2694
vn -0.9749 0.2139 0.0613
vn -0.9010 0.4171 0.1196
vn -0.2121 0.9394 0.2694
vn -0.4339 0.8661 0.2483
vn -0.2225 0.9372 0.2687
vn 0.4339 0.8661 0.2483
vn 0.2225 0.9372 0.2687
vn 0.6235 0.7515 0.2155
vn 0.7818 0.5993 0.1719
vn 0.4339 -0.8661 -0.2483
vn 0.2225 -0.9372 -0.2687
vn 0.2121 -0.9394 -0.2694
vn 0.9010 0.4171 0.1196
vn 0.9749 0.2139 0.0613
vn 0.2121 0.9394 0.2694
vn 0.9749 -0.2139 -0.0613
vn 0.7818 -0.5993 -0.1719
vn 0.9010 -0.4171 -0.1196
vn 0.6235 -0.7515 -0.2155
vn 0.0000 -0.2756 0.9613
# 70 vertex normals

vt 0.0982 0.7292 0.0000
vt 0.0491 0.7292 0.0000
vt 0.0982 0.6042 0.0000
vt 0.7363 0.7292 0.0000
vt 0.6872 0.6042 0.0000
vt 0.7418 0.6042 0.0000
vt 0.1473 0.7292 0.0000
vt 0.1473 0.6042 0.0000
vt 0.1963 0.6042 0.0000
vt 0.3927 0.6042 0.0000
vt 0.3436 0.7292 0.0000
vt 0.3436 0.6042 0.0000
vt 0.4909 0.7292 0.0000
vt 0.5400 0.6042 0.0000
vt 0.5400 0.7292 0.0000
vt 0.2454 0.6042 0.0000
vt 0.2945 0.6042 0.0000
vt 0.2454 0.7292 0.0000
vt 0.5890 0.7292 0.0000
vt 0.0000 0.7292 0.0000
vt 0.0436 0.6042 0.0000
vt 0.1963 0.7292 0.0000
vt 0.2945 0.7292 0.0000
vt 0.3927 0.7292 0.0000
vt 0.7854 0.6042 0.0000
vt 0.7854 0.7292 0.0000
vt 0.5890 0.6042 0.0000
vt 0.0000 0.6042 0.0000
vt 0.6381 0.7292 0.0000
vt 0.6872 0.7292 0.0000
vt 0.4418 0.7292 0.0000
vt 0.4418 0.6042 0.0000
vt 0.6381 0.6042 0.0000
vt 0.4909 0.6042 0.0000
vt -0.6872 0.7292 0.0000
vt -0.7363 0.7292 0.0000
vt -0.6872 0.6042 0.0000
vt -0.6381 0.7292 0.0000
vt -0.6381 0.6042 0.0000
vt -0.5890 0.6042 0.0000
vt -0.2945 0.6042 0.0000
vt -0.3436 0.7292 0.0000
vt -0.3436 0.6042 0.0000
vt -0.5400 0.6042 0.0000
vt -0.4909 0.6042 0.0000
vt -0.5400 0.7292 0.0000
vt -0.4909 0.7292 0.0000
vt -0.4418 0.6042 0.0000
vt -0.7854 0.7292 0.0000
vt -0.7418 0.6042 0.0000
vt -0.5890 0.7292 0.0000
vt -0.4418 0.7292 0.0000
vt -0.3927 0.7292 0.0000
vt -0.3927 0.6042 0.0000
vt -0.1963 0.6042 0.0000
vt -0.2454 0.7292 0.0000
vt -0.2454 0.6042 0.0000
vt -0.0436 0.7292 0.0000
vt -0.1473 0.7292 0.0000
vt -0.1473 0.6042 0.0000
vt -0.0982 0.6042 0.0000
vt -0.0982 0.7292 0.0000
vt -0.1963 0.7292 0.0000
vt -0.0491 0.6042 0.0000
vt -0.7854 0.6042 0.0000
vt -0.2945 0.7292 0.0000
vt 0.0957 5.7239 0.0000
vt 0.0000 5.7429 0.0000
vt 0.0000 5.7012 0.0000
vt 0.0797 5.6854 0.0000
vt 0.1768 5.6697 0.0000
vt 0.1473 5.6402 0.0000
vt 0.2310 5.5886 0.0000
vt 0.2500 5.4929 0.0000
vt 0.1925 5.5726 0.0000
vt 0.2083 5.4929 0.0000
vt 0.0797 5.3004 0.0000
vt 0.0000 5.2846 0.0000
vt 0.0957 5.2619 0.0000
vt 0.0000 5.2429 0.0000
vt 0.1768 5.3161 0.0000
vt 0.1925 5.4132 0.0000
vt 0.2310 5.3972 0.0000
vt 0.1473 5.3456 0.0000
vt -0.1473 5.6402 0.0000
vt -0.1768 5.6697 0.0000
vt -0.2310 5.5886 0.0000
vt -0.2500 5.4929 0.0000
vt -0.2083 5.4929 0.0000
vt -0.1925 5.5726 0.0000
vt -0.0957 5.7239 0.0000
vt -0.0797 5.6854 0.0000
vt -0.1925 5.4132 0.0000
vt -0.2310 5.3972 0.0000
vt -0.1473 5.3456 0.0000
vt -0.1768 5.3161 0.0000
vt -0.0797 5.3004 0.0000
vt -0.0957 5.2619 0.0000
vt 0.0818 0.8333 0.0000
vt 0.0409 0.8333 0.0000
vt 0.0818 0.7292 0.0000
vt 0.1227 0.8333 0.0000
vt 0.1227 0.7292 0.0000
vt 0.1636 0.7292 0.0000
vt 0.4909 0.8333 0.0000
vt 0.4500 0.8333 0.0000
vt 0.6147 0.7292 0.0000
vt 0.6545 0.7292 0.0000
vt 0.6545 0.8333 0.0000
vt 0.2045 0.7292 0.0000
vt 0.2045 0.8333 0.0000
vt 0.4091 0.8333 0.0000
vt 0.4500 0.7292 0.0000
vt 0.0000 0.8333 0.0000
vt 0.0398 0.7292 0.0000
vt 0.1636 0.8333 0.0000
vt 0.2863 0.8333 0.0000
vt 0.2454 0.8333 0.0000
vt 0.2863 0.7292 0.0000
vt 0.3272 0.7292 0.0000
vt 0.3272 0.8333 0.0000
vt 0.5318 0.8333 0.0000
vt 0.5318 0.7292 0.0000
vt 0.5727 0.7292 0.0000
vt 0.6136 0.8333 0.0000
vt 0.5727 0.8333 0.0000
vt 0.3682 0.8333 0.0000
vt 0.3682 0.7292 0.0000
vt 0.4091 0.7292 0.0000
vt -0.5727 0.8333 0.0000
vt -0.6136 0.8333 0.0000
vt -0.5727 0.7292 0.0000
vt -0.5318 0.8333 0.0000
vt -0.5318 0.7292 0.0000
vt -0.2863 0.8333 0.0000
vt -0.2863 0.7292 0.0000
vt -0.4500 0.7292 0.0000
vt -0.4091 0.7292 0.0000
vt -0.4500 0.8333 0.0000
vt -0.4091 0.8333 0.0000
vt -0.3682 0.7292 0.0000
vt -0.6545 0.8333 0.0000
vt -0.6147 0.7292 0.0000
vt -0.4909 0.8333 0.0000
vt -0.3682 0.8333 0.0000
vt -0.3272 0.8333 0.0000
vt -0.3272 0.7292 0.0000
vt -0.1636 0.7292 0.0000
vt -0.2045 0.8333 0.0000
vt -0.2045 0.7292 0.0000
vt -0.0398 0.8333 0.0000
vt -0.1227 0.8333 0.0000
vt -0.1227 0.7292 0.0000
vt -0.0818 0.7292 0.0000
vt -0.0818 0.8333 0.0000
vt -0.1636 0.8333 0.0000
vt -0.0409 0.7292 0.0000
vt -0.6545 0.7292 0.0000
vt -0.2454 0.8333 0.0000
vt 0.0000 5.6596 0.0000
vt 0.0723 5.6431 0.0000
vt 0.1303 5.5968 0.0000
vt 0.1625 5.5300 0.0000
vt 0.0723 5.3427 0.0000
vt 0.0000 5.3262 0.0000
vt 0.1625 5.4558 0.0000
vt 0.1303 5.3890 0.0000
vt -0.1303 5.5968 0.0000
vt -0.0723 5.6431 0.0000
vt -0.1625 5.5300 0.0000
vt -0.1625 5.4558 0.0000
vt -0.1303 5.3890 0.0000
vt -0.0723 5.3427 0.0000
vt 0.0748 0.9167 0.0000
vt 0.0374 0.9167 0.0000
vt 0.0748 0.8333 0.0000
vt 0.1122 0.9167 0.0000
vt 0.1122 0.8333 0.0000
vt 0.1496 0.8333 0.0000
vt 0.3740 0.9167 0.0000
vt 0.3740 0.8333 0.0000
vt 0.4114 0.9167 0.0000
vt 0.1870 0.8333 0.0000
vt 0.2244 0.8333 0.0000
vt 0.1870 0.9167 0.0000
vt 0.2244 0.9167 0.0000
vt 0.2618 0.8333 0.0000
vt 0.2618 0.9167 0.0000
vt 0.0000 0.9167 0.0000
vt 0.0356 0.8333 0.0000
vt 0.2992 0.9167 0.0000
vt 0.3366 0.8333 0.0000
vt 0.3366 0.9167 0.0000
vt 0.1496 0.9167 0.0000
vt 0.2992 0.8333 0.0000
vt 0.5236 0.8333 0.0000
vt 0.5236 0.9167 0.0000
vt 0.4880 0.9167 0.0000
vt 0.4488 0.9167 0.0000
vt 0.4114 0.8333 0.0000
vt 0.4488 0.8333 0.0000
vt 0.4862 0.8333 0.0000
vt -0.4488 0.9167 0.0000
vt -0.4862 0.9167 0.0000
vt -0.4488 0.8333 0.0000
vt -0.4114 0.9167 0.0000
vt -0.4114 0.8333 0.0000
vt -0.3740 0.8333 0.0000
vt -0.0748 0.9167 0.0000
vt -0.0374 0.8333 0.0000
vt -0.0356 0.9167 0.0000
vt -0.3366 0.8333 0.0000
vt -0.2992 0.8333 0.0000
vt -0.3366 0.9167 0.0000
vt -0.4880 0.8333 0.0000
vt -0.5236 0.9167 0.0000
vt -0.3740 0.9167 0.0000
vt -0.2618 0.9167 0.0000
vt -0.2618 0.8333 0.0000
vt -0.2244 0.8333 0.0000
vt -0.5236 0.8333 0.0000
vt -0.1496 0.8333 0.0000
vt -0.1870 0.9167 0.0000
vt -0.1870 0.8333 0.0000
vt -0.1496 0.9167 0.0000
vt -0.1122 0.8333 0.0000
vt -0.1122 0.9167 0.0000
vt -0.0748 0.8333 0.0000
vt -0.2244 0.9167 0.0000
vt -0.2992 0.9167 0.0000
vt 0.0000 5.4929 0.0000
vt -0.0000 5.4929 0.0000
vt -0.0000 5.7429 0.0000
vt -0.0000 5.2429 0.0000
# 234 texture coords

g _Revolve__1974_
usemtl plastic
s off
f 4893/6616/2252 4894/6617/2253 4895/6618/2252 
f 4896/6619/2254 4897/6620/2255 4898/6621/2256 
f 4899/6622/2257 4900/6623/2257 4901/6624/2258 
f 4902/6625/2259 4903/6626/2260 4904/6627/2260 
f 4905/6628/2261 4906/6629/2262 4907/6630/2262 
f 4908/6631/2263 4909/6632/2264 4910/6633/2263 
f 4911/6634/2265 4907/6630/2262 4906/6629/2262 
f 4894/6617/2253 4912/6635/2266 4913/6636/2267 
f 4901/6624/2258 4908/6631/2263 4914/6637/2258 
f 4900/6623/2257 4893/6616/2252 4895/6618/2252 
f 4903/6626/2260 4915/6638/2264 4904/6627/2260 
f 4915/6638/2264 4909/6632/2264 4904/6627/2260 
f 4916/6639/2259 4903/6626/2260 4902/6625/2259 
f 4909/6632/2264 4915/6638/2264 4910/6633/2263 
f 4914/6637/2258 4908/6631/2263 4910/6633/2263 
f 4898/6621/2256 4917/6640/2268 4918/6641/2268 
f 4906/6629/2262 4919/6642/2265 4911/6634/2265 
f 4912/6635/2266 4920/6643/2266 4913/6636/2267 
f 4919/6642/2265 4921/6644/2269 4911/6634/2265 
f 4895/6618/2252 4894/6617/2253 4913/6636/2267 
f 4893/6616/2252 4900/6623/2257 4899/6622/2257 
f 4897/6620/2255 4896/6619/2254 4922/6645/2255 
f 4901/6624/2258 4914/6637/2258 4899/6622/2257 
f 4923/6646/2270 4916/6639/2259 4924/6647/2270 
f 4925/6648/2269 4897/6620/2255 4922/6645/2255 
f 4906/6629/2262 4905/6628/2261 4926/6649/2261 
f 4925/6648/2269 4922/6645/2255 4921/6644/2269 
f 4926/6649/2261 4923/6646/2270 4924/6647/2270 
f 4898/6621/2256 4918/6641/2268 4896/6619/2254 
f 4921/6644/2269 4919/6642/2265 4925/6648/2269 
f 4926/6649/2261 4905/6628/2261 4923/6646/2270 
f 4916/6639/2259 4902/6625/2259 4924/6647/2270 
f 4927/6650/2271 4928/6651/2272 4929/6652/2271 
f 4930/6653/2273 4931/6654/2273 4932/6655/2274 
f 4933/6656/2275 4934/6657/2276 4935/6658/2276 
f 4936/6659/2277 4937/6660/2278 4938/6661/2277 
f 4939/6662/2278 4937/6660/2278 4940/6663/2279 
f 4928/6651/2272 4918/6664/2268 4941/6665/2280 
f 4932/6655/2274 4936/6659/2277 4942/6666/2274 
f 4931/6654/2273 4927/6650/2271 4929/6652/2271 
f 4943/6667/2279 4939/6662/2278 4940/6663/2279 
f 4942/6666/2274 4936/6659/2277 4938/6661/2277 
f 4944/6668/2281 4943/6667/2279 4945/6669/2281 
f 4937/6660/2278 4939/6662/2278 4938/6661/2277 
f 4944/6668/2281 4945/6669/2281 4935/6658/2276 
f 4945/6669/2281 4943/6667/2279 4940/6663/2279 
f 4946/6670/2282 4947/6671/2283 4948/6672/2283 
f 4920/6643/2266 4912/6635/2266 4949/6673/2284 
f 4950/6674/2285 4951/6675/2285 4952/6676/2286 
f 4952/6676/2286 4953/6677/2286 4950/6674/2285 
f 4954/6678/2282 4951/6675/2285 4950/6674/2285 
f 4955/6679/2287 4920/6643/2266 4949/6673/2284 
f 4932/6655/2274 4942/6666/2274 4930/6653/2273 
f 4935/6658/2276 4934/6657/2276 4944/6668/2281 
f 4918/6664/2268 4917/6680/2268 4941/6665/2280 
f 4951/6675/2285 4954/6678/2282 4946/6670/2282 
f 4955/6679/2287 4953/6677/2286 4952/6676/2286 
f 4929/6652/2271 4928/6651/2272 4941/6665/2280 
f 4956/6681/2275 4933/6656/2275 4948/6672/2283 
f 4927/6650/2271 4931/6654/2273 4930/6653/2273 
f 4956/6681/2275 4948/6672/2283 4947/6671/2283 
f 4933/6656/2275 4956/6681/2275 4934/6657/2276 
f 4953/6677/2286 4955/6679/2287 4949/6673/2284 
f 4946/6670/2282 4954/6678/2282 4947/6671/2283 
f 4922/6682/2288 4918/6683/2288 4957/6684/2288 
f 4957/6684/2288 4958/6685/2288 4922/6682/2288 
f 4922/6682/2288 4958/6685/2288 4911/6686/2288 
f 4911/6686/2288 4959/6687/2288 4905/6688/2288 
f 4959/6687/2288 4911/6686/2288 4958/6685/2288 
f 4916/6689/2288 4905/6688/2288 4960/6690/2288 
f 4960/6690/2288 4905/6688/2288 4959/6687/2288 
f 4916/6689/2288 4960/6690/2288 4961/6691/2288 
f 4962/6692/2288 4963/6693/2288 4893/6694/2288 
f 4912/6695/2288 4893/6694/2288 4963/6693/2288 
f 4962/6692/2288 4893/6694/2288 4914/6696/2288 
f 4916/6689/2288 4964/6697/2288 4915/6698/2288 
f 4916/6689/2288 4961/6691/2288 4964/6697/2288 
f 4915/6698/2288 4965/6699/2288 4914/6696/2288 
f 4965/6699/2288 4915/6698/2288 4964/6697/2288 
f 4914/6696/2288 4965/6699/2288 4962/6692/2288 
f 4966/6700/2288 4942/6701/2288 4939/6702/2288 
f 4944/6703/2288 4967/6704/2288 4968/6705/2288 
f 4968/6705/2288 4939/6702/2288 4944/6703/2288 
f 4966/6700/2288 4939/6702/2288 4968/6705/2288 
f 4918/6683/2288 4927/6706/2288 4957/6684/2288 
f 4969/6707/2288 4957/6684/2288 4927/6706/2288 
f 4969/6707/2288 4927/6706/2288 4942/6701/2288 
f 4942/6701/2288 4966/6700/2288 4969/6707/2288 
f 4970/6708/2288 4944/6703/2288 4956/6709/2288 
f 4970/6708/2288 4956/6709/2288 4971/6710/2288 
f 4971/6710/2288 4956/6709/2288 4954/6711/2288 
f 4971/6710/2288 4954/6711/2288 4972/6712/2288 
f 4963/6693/2288 4953/6713/2288 4912/6695/2288 
f 4953/6713/2288 4963/6693/2288 4972/6712/2288 
f 4954/6711/2288 4953/6713/2288 4972/6712/2288 
f 4970/6708/2288 4967/6704/2288 4944/6703/2288 
f 4973/6714/2252 4974/6715/2253 4962/6716/2252 
f 4975/6717/2257 4976/6718/2257 4965/6719/2258 
f 4959/6628/2265 4977/6720/2265 4978/6721/2262 
f 4979/6722/2289 4957/6723/2268 4980/6724/2268 
f 4981/6725/2263 4964/6633/2264 4982/6726/2263 
f 4983/6727/2261 4984/6728/2262 4978/6721/2262 
f 4974/6715/2253 4985/6729/2266 4986/6730/2290 
f 4965/6719/2258 4981/6725/2263 4987/6731/2258 
f 4976/6718/2257 4973/6714/2252 4962/6716/2252 
f 4988/6732/2260 4989/6733/2264 4990/6734/2260 
f 4961/6735/2259 4988/6732/2260 4990/6734/2260 
f 4991/6736/2259 4988/6732/2260 4961/6735/2259 
f 4987/6731/2258 4981/6725/2263 4982/6726/2263 
f 4989/6733/2264 4964/6633/2264 4990/6734/2260 
f 4992/6737/2269 4959/6628/2265 4993/6738/2269 
f 4978/6721/2262 4984/6728/2262 4959/6628/2265 
f 4985/6729/2266 4963/6635/2266 4986/6730/2290 
f 4958/6739/2255 4994/6740/2254 4995/6741/2255 
f 4965/6719/2258 4987/6731/2258 4975/6717/2257 
f 4964/6633/2264 4989/6733/2264 4982/6726/2263 
f 4959/6628/2265 4992/6737/2269 4977/6720/2265 
f 4962/6716/2252 4974/6715/2253 4986/6730/2290 
f 4996/6742/2270 4991/6736/2259 4997/6743/2270 
f 4994/6740/2254 4958/6739/2255 4979/6722/2289 
f 4984/6728/2262 4983/6727/2261 4960/6744/2261 
f 4993/6738/2269 4995/6741/2255 4992/6737/2269 
f 4991/6736/2259 4961/6735/2259 4997/6743/2270 
f 4979/6722/2289 4980/6724/2268 4994/6740/2254 
f 4973/6714/2252 4976/6718/2257 4975/6717/2257 
f 4960/6744/2261 4996/6742/2270 4997/6743/2270 
f 4960/6744/2261 4983/6727/2261 4996/6742/2270 
f 4993/6738/2269 4958/6739/2255 4995/6741/2255 
f 4998/6745/2271 4999/6746/2272 4969/6747/2271 
f 5000/6748/2273 5001/6749/2273 4966/6662/2274 
f 4970/6671/2275 5002/6750/2276 5003/6751/2276 
f 5004/6752/2277 4968/6753/2278 5005/6754/2277 
f 5006/6755/2278 4968/6753/2278 5007/6756/2279 
f 4999/6746/2272 4980/6757/2268 5008/6758/2291 
f 4966/6662/2274 5004/6752/2277 5009/6759/2274 
f 5001/6749/2273 4998/6745/2271 4969/6747/2271 
f 5010/6760/2279 5006/6755/2278 5007/6756/2279 
f 5009/6759/2274 5004/6752/2277 5005/6754/2277 
f 5011/6761/2281 5010/6760/2279 4967/6762/2281 
f 4968/6753/2278 5006/6755/2278 5005/6754/2277 
f 5011/6761/2281 4967/6762/2281 5003/6751/2276 
f 4967/6762/2281 5010/6760/2279 5007/6756/2279 
f 4971/6763/2282 5012/6764/2283 5013/6765/2283 
f 4963/6635/2266 4985/6729/2266 5014/6766/2292 
f 5015/6767/2285 5016/6768/2285 4972/6769/2286 
f 4972/6769/2286 5017/6770/2286 5015/6767/2285 
f 5018/6771/2282 5016/6768/2285 5015/6767/2285 
f 5019/6772/2287 4963/6635/2266 5014/6766/2292 
f 4966/6662/2274 5009/6759/2274 5000/6748/2273 
f 5003/6751/2276 5002/6750/2276 5011/6761/2281 
f 4980/6757/2268 4957/6773/2268 5008/6758/2291 
f 5016/6768/2285 5018/6771/2282 4971/6763/2282 
f 5019/6772/2287 5017/6770/2286 4972/6769/2286 
f 4969/6747/2271 4999/6746/2272 5008/6758/2291 
f 5020/6774/2275 4970/6671/2275 5013/6765/2283 
f 4998/6745/2271 5001/6749/2273 5000/6748/2273 
f 5020/6774/2275 5013/6765/2283 5012/6764/2283 
f 4970/6671/2275 5020/6774/2275 5002/6750/2276 
f 5017/6770/2286 5019/6772/2287 5014/6766/2292 
f 4971/6763/2282 5018/6771/2282 5012/6764/2283 
f 4995/6685/2288 4980/6684/2288 5021/6775/2288 
f 5021/6775/2288 5022/6776/2288 4995/6685/2288 
f 4995/6685/2288 5022/6776/2288 4977/6687/2288 
f 4977/6687/2288 5023/6777/2288 4983/6690/2288 
f 5023/6777/2288 4977/6687/2288 5022/6776/2288 
f 4983/6690/2288 5024/6778/2288 4991/6691/2288 
f 5024/6778/2288 4983/6690/2288 5023/6777/2288 
f 5025/6779/2288 5026/6780/2288 4973/6692/2288 
f 4985/6693/2288 4973/6692/2288 5026/6780/2288 
f 5025/6779/2288 4973/6692/2288 4987/6699/2288 
f 4991/6691/2288 5027/6781/2288 4989/6697/2288 
f 4991/6691/2288 5024/6778/2288 5027/6781/2288 
f 4989/6697/2288 5028/6782/2288 4987/6699/2288 
f 5028/6782/2288 4989/6697/2288 5027/6781/2288 
f 4987/6699/2288 5028/6782/2288 5025/6779/2288 
f 5009/6700/2288 5029/6783/2288 5030/6784/2288 
f 5029/6783/2288 5009/6700/2288 5006/6705/2288 
f 5006/6705/2288 5031/6785/2288 5029/6783/2288 
f 5031/6785/2288 5006/6705/2288 5011/6704/2288 
f 4980/6684/2288 4998/6707/2288 5021/6775/2288 
f 5030/6784/2288 5021/6775/2288 4998/6707/2288 
f 4998/6707/2288 5009/6700/2288 5030/6784/2288 
f 5032/6786/2288 5011/6704/2288 5020/6708/2288 
f 5032/6786/2288 5020/6708/2288 5033/6787/2288 
f 5033/6787/2288 5020/6708/2288 5018/6710/2288 
f 5033/6787/2288 5018/6710/2288 5034/6788/2288 
f 5026/6780/2288 5017/6712/2288 4985/6693/2288 
f 5017/6712/2288 5026/6780/2288 5034/6788/2288 
f 5018/6710/2288 5017/6712/2288 5034/6788/2288 
f 5032/6786/2288 5031/6785/2288 5011/6704/2288 
f 5035/6789/2293 5036/6790/2294 5025/6791/2293 
f 5037/6792/2295 5038/6793/2295 5028/6794/2296 
f 5039/6795/2297 5023/6796/2297 5040/6797/2298 
f 5041/6798/2299 5027/6799/2300 5042/6800/2299 
f 5043/6801/2300 5044/6802/2259 5045/6803/2259 
f 5036/6790/2294 5046/6804/2266 5047/6805/2301 
f 5048/6806/2302 5049/6807/2303 5050/6808/2303 
f 5038/6793/2295 5035/6789/2293 5025/6791/2293 
f 5041/6798/2299 5051/6809/2296 5028/6794/2296 
f 5023/6796/2297 5039/6795/2297 5050/6808/2303 
f 5045/6803/2259 5044/6802/2259 5024/6810/2302 
f 5024/6810/2302 5048/6806/2302 5045/6803/2259 
f 5023/6796/2297 5050/6808/2303 5049/6807/2303 
f 5035/6789/2293 5038/6793/2295 5037/6792/2295 
f 5021/6811/2268 5052/6812/2268 5053/6813/2304 
f 5025/6791/2293 5036/6790/2294 5047/6805/2301 
f 5051/6809/2296 5041/6798/2299 5042/6800/2299 
f 5054/6814/2305 5055/6815/2298 5022/6816/2305 
f 5028/6794/2296 5051/6809/2296 5037/6792/2295 
f 5048/6806/2302 5024/6810/2302 5049/6807/2303 
f 5046/6804/2266 5026/6729/2266 5047/6805/2301 
f 5021/6811/2268 5053/6813/2304 5056/6817/2306 
f 5055/6815/2298 5054/6814/2305 5040/6797/2298 
f 5027/6799/2300 5043/6801/2300 5042/6800/2299 
f 5022/6816/2305 5056/6817/2306 5054/6814/2305 
f 5027/6799/2300 5044/6802/2259 5043/6801/2300 
f 5040/6797/2298 5023/6796/2297 5055/6815/2298 
f 5054/6814/2305 5056/6817/2306 5053/6813/2304 
f 5057/6818/2307 5058/6819/2308 5030/6820/2307 
f 5059/6821/2309 5060/6822/2309 5029/6823/2310 
f 5061/6824/2311 5062/6825/2312 5063/6826/2313 
f 5064/6827/2314 5031/6828/2315 5065/6829/2314 
f 5030/6820/2307 5058/6819/2308 5066/6830/2316 
f 5058/6819/2308 5052/6831/2268 5066/6830/2316 
f 5057/6818/2307 5060/6822/2309 5059/6821/2309 
f 5060/6822/2309 5057/6818/2307 5030/6820/2307 
f 5064/6827/2314 5067/6832/2310 5029/6823/2310 
f 5029/6823/2310 5067/6832/2310 5059/6821/2309 
f 5068/6833/2281 5069/6834/2281 5032/6835/2317 
f 5052/6831/2268 5021/6836/2268 5066/6830/2316 
f 5033/6837/2318 5070/6838/2319 5071/6839/2319 
f 5072/6840/2318 5073/6841/2320 5074/6842/2320 
f 5074/6842/2320 5073/6841/2320 5034/6843/2311 
f 5075/6844/2317 5071/6839/2319 5070/6838/2319 
f 5034/6843/2311 5061/6824/2311 5074/6842/2320 
f 5062/6825/2312 5026/6729/2266 5063/6826/2313 
f 5067/6832/2310 5064/6827/2314 5065/6829/2314 
f 5075/6844/2317 5032/6835/2317 5071/6839/2319 
f 5076/6845/2315 5069/6834/2281 5068/6833/2281 
f 5073/6841/2320 5072/6840/2318 5033/6837/2318 
f 5062/6825/2312 5061/6824/2311 5034/6843/2311 
f 5032/6835/2317 5075/6844/2317 5068/6833/2281 
f 5033/6837/2318 5072/6840/2318 5070/6838/2319 
f 5031/6828/2315 5069/6834/2281 5076/6845/2315 
f 5026/6729/2266 5046/6804/2266 5063/6826/2313 
f 5031/6828/2315 5076/6845/2315 5065/6829/2314 
f 5077/6846/2288 5039/6777/2288 5054/6776/2288 
f 5077/6846/2288 5048/6778/2288 5039/6777/2288 
f 5054/6776/2288 5052/6775/2288 5077/6846/2288 
f 5077/6846/2288 5046/6780/2288 5035/6779/2288 
f 5077/6846/2288 5051/6782/2288 5043/6781/2288 
f 5051/6782/2288 5077/6846/2288 5035/6779/2288 
f 5077/6846/2288 5043/6781/2288 5048/6778/2288 
f 5057/6784/2288 5067/6783/2288 5077/6846/2288 
f 5077/6846/2288 5052/6775/2288 5057/6784/2288 
f 5077/6846/2288 5067/6783/2288 5076/6785/2288 
f 5075/6786/2288 5072/6787/2288 5077/6846/2288 
f 5077/6846/2288 5061/6788/2288 5046/6780/2288 
f 5061/6788/2288 5077/6846/2288 5072/6787/2288 
f 5075/6786/2288 5077/6846/2288 5076/6785/2288 
f 4897/6706/2321 5078/6847/2321 4917/6848/2321 
f 4897/6706/2321 4919/6701/2321 5078/6847/2321 
f 4926/6702/2321 5078/6847/2321 4919/6701/2321 
f 4926/6702/2321 4902/6703/2321 5078/6847/2321 
f 4895/6713/2321 5078/6847/2321 4901/6711/2321 
f 5078/6847/2321 4902/6703/2321 4909/6709/2321 
f 4909/6709/2321 4901/6711/2321 5078/6847/2321 
f 4895/6713/2321 4920/6849/2321 5078/6847/2321 
f 4932/6686/2321 5078/6847/2321 4937/6688/2321 
f 4932/6686/2321 4929/6682/2321 5078/6847/2321 
f 5078/6847/2321 4929/6682/2321 4917/6848/2321 
f 5078/6847/2321 4945/6689/2321 4937/6688/2321 
f 5078/6847/2321 4946/6696/2321 4933/6698/2321 
f 4920/6695/2321 4952/6694/2321 5078/6847/2321 
f 4946/6696/2321 5078/6847/2321 4952/6694/2321 
f 4945/6689/2321 5078/6847/2321 4933/6698/2321 
# 276 faces

#
# object _Extrusion__1986_
#

v  -38.5884 88.4325 36.4678
v  -38.2360 88.8573 36.5896
v  -38.1102 89.3870 36.7415
v  -40.5244 88.8573 36.5896
v  -40.6502 89.3870 36.7415
v  -39.6628 88.1968 36.4003
v  -39.0976 88.1968 36.4003
v  -40.1720 88.4325 36.4678
v  -38.5884 90.3414 37.0152
v  -39.6628 90.5771 37.0828
v  -39.0976 90.5771 37.0828
v  -40.5244 89.9166 36.8934
v  -40.1720 90.3414 37.0152
v  -38.2360 89.9166 36.8934
v  -38.1102 94.2878 19.6503
v  -39.0976 95.4780 19.9916
v  -38.5884 95.2422 19.9240
v  -39.6628 95.4780 19.9916
v  -40.1720 95.2422 19.9240
v  -40.6502 94.2878 19.6503
v  -40.5244 94.8175 19.8022
v  -38.2360 94.8175 19.8022
v  -38.2360 93.7581 19.4984
v  -38.5884 93.3333 19.3766
v  -40.5244 93.7581 19.4984
v  -40.1720 93.3333 19.3766
v  -39.0976 93.0976 19.3090
v  -39.6628 93.0976 19.3090
v  -40.3484 90.7260 29.0899
v  -39.3802 90.6166 27.8459
v  -40.6502 92.8168 24.7802
v  -38.1102 92.8168 24.7802
v  -38.4120 90.7260 29.0899
v  -38.4120 92.3061 29.5430
v  -39.3802 93.0582 28.5460
v  -40.3484 92.3061 29.5430
# 36 vertices

vn 0.0000 -0.2756 0.9613
vn -0.0000 0.2756 -0.9613
vn -0.7623 -0.6221 -0.1784
vn -0.9010 -0.4171 -0.1196
vn -0.6235 -0.7515 -0.2155
vn -0.2225 -0.9372 -0.2687
vn -0.0000 -0.9613 -0.2756
vn -1.0000 -0.0000 0.0000
vn 0.2225 -0.9372 -0.2687
vn 0.6235 -0.7515 -0.2155
vn 0.9010 -0.4171 -0.1196
vn 1.0000 -0.0000 -0.0000
vn 0.7623 -0.6221 -0.1784
vn 0.7623 0.6221 0.1784
vn 0.9010 0.4171 0.1196
vn 0.6235 0.7515 0.2155
vn 0.2225 0.9372 0.2687
vn -0.0000 0.9613 0.2756
vn -0.6235 0.7515 0.2155
vn -0.2225 0.9372 0.2687
vn -0.7623 0.6221 0.1784
vn -0.9010 0.4171 0.1196
# 22 vertex normals

vt 0.1585 0.9047 0.0000
vt 0.1700 0.9192 0.0000
vt 0.1742 0.9372 0.0000
vt 0.0950 0.9192 0.0000
vt 0.0908 0.9372 0.0000
vt 0.1232 0.8966 0.0000
vt 0.1418 0.8966 0.0000
vt 0.1065 0.9047 0.0000
vt 0.1585 0.9698 0.0000
vt 0.1232 0.9779 0.0000
vt 0.1418 0.9779 0.0000
vt 0.0950 0.9553 0.0000
vt 0.1065 0.9698 0.0000
vt 0.1700 0.9553 0.0000
vt -0.1742 0.9372 0.0000
vt -0.1418 0.9779 0.0000
vt -0.1585 0.9698 0.0000
vt -0.1232 0.9779 0.0000
vt -0.1065 0.9698 0.0000
vt -0.0908 0.9372 0.0000
vt -0.0950 0.9553 0.0000
vt -0.1700 0.9553 0.0000
vt -0.1700 0.9192 0.0000
vt -0.1585 0.9047 0.0000
vt -0.0950 0.9192 0.0000
vt -0.1065 0.9047 0.0000
vt -0.1418 0.8966 0.0000
vt -0.1232 0.8966 0.0000
vt -0.0752 -1.4969 0.0000
vt -0.0300 -1.1700 0.0000
vt -0.0486 -1.1680 0.0000
vt -0.0672 -1.1660 0.0000
vt -0.1071 -1.4551 0.0000
vt -0.1284 -1.7462 0.0000
vt -0.0114 -1.1719 0.0000
vt -0.0298 -1.3460 0.0000
vt -0.0858 -1.1641 0.0000
vt -0.1044 -1.1621 0.0000
vt -0.0912 -1.7501 0.0000
vt -0.0726 -1.7520 0.0000
vt -0.1098 -1.7481 0.0000
vt -0.1230 -1.1602 0.0000
vt -0.1599 -1.3323 0.0000
vt -0.1470 -1.4894 0.0000
vt -0.1416 -1.1582 0.0000
vt -0.2027 -1.7383 0.0000
vt -0.1841 -1.7403 0.0000
vt -0.1470 -1.7442 0.0000
vt -0.1656 -1.7422 0.0000
vt -0.2053 -1.4832 0.0000
vt -0.1602 -1.1562 0.0000
vt -0.1788 -1.1543 0.0000
vt -0.2585 -1.7324 0.0000
vt -0.2373 -1.4414 0.0000
vt -0.2346 -1.1484 0.0000
vt -0.2160 -1.1504 0.0000
vt -0.2772 -1.4757 0.0000
vt -0.3329 -1.7246 0.0000
vt -0.3143 -1.7266 0.0000
vt -0.1974 -1.1523 0.0000
vt -0.2771 -1.7305 0.0000
vt -0.2957 -1.7285 0.0000
vt -0.2213 -1.7364 0.0000
vt -0.2532 -1.1464 0.0000
vt -0.2901 -1.3186 0.0000
vt -0.2399 -1.7344 0.0000
vt -0.2718 -1.1445 0.0000
# 67 texture coords

g _Extrusion__1986_
usemtl metal
s off
f 5079/6850/2322 5080/6851/2322 5081/6852/2322 
f 5082/6853/2322 5079/6850/2322 5083/6854/2322 
f 5084/6855/2322 5085/6856/2322 5086/6857/2322 
f 5082/6853/2322 5086/6857/2322 5085/6856/2322 
f 5085/6856/2322 5079/6850/2322 5082/6853/2322 
f 5079/6850/2322 5081/6852/2322 5083/6854/2322 
f 5087/6858/2322 5088/6859/2322 5081/6852/2322 
f 5088/6859/2322 5087/6858/2322 5089/6860/2322 
f 5090/6861/2322 5083/6854/2322 5091/6862/2322 
f 5088/6859/2322 5091/6862/2322 5083/6854/2322 
f 5081/6852/2322 5088/6859/2322 5083/6854/2322 
f 5087/6858/2322 5081/6852/2322 5092/6863/2322 
f 5093/6864/2323 5094/6865/2323 5095/6866/2323 
f 5096/6867/2323 5094/6865/2323 5093/6864/2323 
f 5097/6868/2323 5096/6867/2323 5098/6869/2323 
f 5098/6869/2323 5099/6870/2323 5097/6868/2323 
f 5098/6869/2323 5096/6867/2323 5093/6864/2323 
f 5100/6871/2323 5093/6864/2323 5095/6866/2323 
f 5093/6864/2323 5101/6872/2323 5102/6873/2323 
f 5102/6873/2323 5103/6874/2323 5098/6869/2323 
f 5104/6875/2323 5103/6874/2323 5105/6876/2323 
f 5105/6876/2323 5106/6877/2323 5104/6875/2323 
f 5103/6874/2323 5102/6873/2323 5105/6876/2323 
f 5102/6873/2323 5098/6869/2323 5093/6864/2323 
f 5107/6878/2324 5103/6879/2325 5104/6880/2326 
f 5106/6881/2327 5108/6882/2328 5104/6880/2326 
f 5108/6882/2328 5084/6883/2327 5107/6878/2324 
f 5107/6878/2324 5104/6880/2326 5108/6882/2328 
f 5098/6884/2329 5103/6879/2325 5109/6885/2329 
f 5108/6882/2328 5105/6886/2330 5102/6887/2331 
f 5107/6878/2324 5082/6888/2325 5083/6889/2329 
f 5083/6889/2329 5109/6885/2329 5107/6878/2324 
f 5107/6878/2324 5084/6883/2327 5086/6890/2326 
f 5106/6881/2327 5105/6886/2330 5108/6882/2328 
f 5101/6891/2332 5110/6892/2333 5111/6893/2334 
f 5082/6888/2325 5107/6878/2324 5086/6890/2326 
f 5093/6894/2333 5110/6892/2333 5101/6891/2332 
f 5111/6893/2334 5081/6895/2333 5080/6896/2332 
f 5111/6893/2334 5085/6897/2330 5108/6882/2328 
f 5102/6887/2331 5111/6893/2334 5108/6882/2328 
f 5079/6898/2331 5111/6893/2334 5080/6896/2332 
f 5101/6891/2332 5111/6893/2334 5102/6887/2331 
f 5085/6897/2330 5111/6893/2334 5079/6898/2331 
f 5111/6893/2334 5110/6892/2333 5081/6895/2333 
f 5085/6897/2330 5084/6883/2327 5108/6882/2328 
f 5107/6878/2324 5109/6885/2329 5103/6879/2325 
f 5112/6899/2335 5100/6900/2336 5095/6901/2337 
f 5112/6899/2335 5110/6892/2333 5100/6900/2336 
f 5089/6902/2338 5112/6899/2335 5113/6903/2339 
f 5097/6904/2340 5113/6903/2339 5096/6905/2341 
f 5114/6906/2342 5083/6907/2329 5090/6908/2343 
f 5094/6909/2338 5113/6903/2339 5095/6901/2337 
f 5088/6910/2341 5114/6906/2342 5091/6911/2340 
f 5093/6894/2333 5100/6900/2336 5110/6892/2333 
f 5112/6899/2335 5095/6901/2337 5113/6903/2339 
f 5081/6895/2333 5112/6899/2335 5092/6912/2336 
f 5081/6895/2333 5110/6892/2333 5112/6899/2335 
f 5088/6910/2341 5089/6902/2338 5113/6903/2339 
f 5096/6905/2341 5113/6903/2339 5094/6909/2338 
f 5099/6913/2343 5109/6914/2329 5114/6906/2342 
f 5114/6906/2342 5109/6914/2329 5083/6907/2329 
f 5092/6912/2336 5112/6899/2335 5087/6915/2337 
f 5098/6916/2329 5109/6914/2329 5099/6913/2343 
f 5113/6903/2339 5114/6906/2342 5088/6910/2341 
f 5091/6911/2340 5114/6906/2342 5090/6908/2343 
f 5099/6913/2343 5114/6906/2342 5097/6904/2340 
f 5097/6904/2340 5114/6906/2342 5113/6903/2339 
f 5112/6899/2335 5089/6902/2338 5087/6915/2337 
# 68 faces

#
# object _Revolve__1990_
#

v  -39.4639 97.0170 38.9294
v  -39.4639 89.6922 36.8290
v  -42.3799 96.4594 38.7695
v  -44.8520 94.8716 38.3142
v  -46.5038 92.4952 37.6328
v  -47.0839 89.6922 36.8290
v  -44.8520 84.5127 35.3439
v  -42.3799 82.9249 34.8886
v  -46.5038 86.8891 36.0253
v  -39.4639 82.3673 34.7287
v  -32.4239 92.4952 37.6328
v  -34.0757 94.8716 38.3142
v  -36.5478 96.4594 38.7695
v  -31.8439 89.6922 36.8290
v  -32.4239 86.8891 36.0253
v  -34.0757 84.5127 35.3439
v  -36.5478 82.9249 34.8886
v  -41.6680 91.4663 47.2466
v  -43.4356 90.1113 46.8581
v  -39.4639 87.0667 45.9851
v  -44.4165 88.1533 46.2966
v  -39.4639 91.9499 47.3853
v  -41.6680 82.6671 44.7235
v  -39.4639 82.1835 44.5848
v  -44.4165 85.9801 45.6735
v  -43.4356 84.0221 45.1120
v  -35.4922 90.1113 46.8581
v  -37.2598 91.4663 47.2466
v  -34.5112 88.1533 46.2966
v  -35.4922 84.0221 45.1120
v  -34.5112 85.9801 45.6735
v  -37.2598 82.6671 44.7235
v  -41.6680 83.3672 42.2819
v  -40.5659 82.4253 44.6542
v  -42.5518 84.0447 42.4762
v  -41.6680 92.1665 44.8050
v  -42.5518 91.4890 44.6108
v  -43.4356 90.8115 44.4165
v  -42.5518 90.7888 47.0524
v  -43.9260 85.7012 42.9511
v  -43.4356 84.7222 42.6704
v  -44.4165 87.0667 45.9851
v  -44.4165 88.8534 43.8550
v  -44.4165 87.7668 43.5435
v  -40.5137 83.1140 42.2093
v  -43.9260 89.8325 44.1358
v  -43.9260 89.1323 46.5774
v  -42.5518 83.3446 44.9178
v  -43.9260 85.0011 45.3927
v  -44.4165 86.6802 43.2319
v  -40.5659 92.4082 44.8744
v  -39.4639 82.8836 42.1432
v  -40.5137 91.7196 47.3192
v  -39.4639 92.6500 44.9437
v  -37.2598 92.1665 44.8050
v  -38.3618 91.7081 47.3160
v  -36.3760 91.4890 44.6108
v  -38.3618 83.1254 42.2126
v  -38.4141 82.4138 44.6509
v  -35.0017 89.8325 44.1358
v  -35.4922 90.8115 44.4165
v  -38.4141 92.4197 44.8777
v  -36.3760 90.7888 47.0524
v  -35.0017 89.1323 46.5774
v  -34.5112 88.8534 43.8550
v  -34.5112 86.6802 43.2319
v  -34.5112 87.0667 45.9851
v  -35.0017 85.7012 42.9511
v  -36.3760 84.0447 42.4762
v  -36.3760 83.3446 44.9178
v  -35.4922 84.7222 42.6704
v  -35.0017 85.0011 45.3927
v  -37.2598 83.3672 42.2819
v  -34.5112 87.7668 43.5435
v  -39.4639 93.8708 45.2937
v  -41.8939 93.4062 45.1605
v  -43.9540 92.0830 44.7811
v  -45.3305 90.1027 44.2133
v  -45.8139 87.7668 43.5435
v  -41.8939 82.1275 41.9264
v  -39.4639 81.6628 41.7932
v  -43.9540 83.4506 42.3058
v  -45.3305 85.4309 42.8736
v  -34.9737 92.0830 44.7811
v  -33.5972 90.1027 44.2133
v  -33.1139 87.7668 43.5435
v  -37.0338 93.4062 45.1605
v  -33.5972 85.4309 42.8736
v  -34.9737 83.4506 42.3058
v  -37.0338 82.1275 41.9264
v  -41.8939 83.0026 38.8744
v  -40.6789 81.8951 41.8598
v  -44.6423 91.9680 41.4452
v  -44.6423 91.0929 44.4972
v  -44.6423 85.3159 39.5377
v  -43.9540 84.3258 39.2538
v  -45.5722 86.5989 43.2086
v  -45.8139 88.6420 40.4915
v  -45.5722 87.4740 40.1565
v  -43.9540 92.9582 41.7291
v  -42.9240 92.7446 44.9708
v  -42.9240 93.6198 41.9188
v  -42.9240 83.6642 39.0641
v  -39.4639 94.7460 42.2417
v  -40.6470 94.5198 42.1769
v  -40.6470 82.7642 38.8060
v  -44.6423 84.4408 42.5897
v  -45.3305 86.3061 39.8216
v  -42.9240 82.7891 42.1161
v  -45.3305 90.9779 41.1613
v  -41.8939 94.2813 42.1085
v  -45.5722 89.8099 40.8264
v  -40.6789 93.6385 45.2271
v  -45.5722 88.9348 43.8784
v  -39.4639 82.5380 38.7411
v  -37.0338 94.2813 42.1085
v  -38.2489 93.6385 45.2271
v  -36.0038 92.7446 44.9708
v  -34.9737 92.9582 41.7291
v  -34.2855 91.9680 41.4452
v  -36.0038 93.6198 41.9188
v  -33.3556 88.9348 43.8784
v  -33.1139 88.6420 40.4915
v  -33.3556 89.8099 40.8264
v  -33.5972 90.9779 41.1613
v  -38.2808 94.5198 42.1769
v  -34.2855 91.0929 44.4972
v  -38.2489 82.7703 38.8078
v  -38.2808 81.8890 41.8580
v  -34.2855 84.4408 42.5897
v  -34.9737 84.3258 39.2538
v  -34.2855 85.3159 39.5377
v  -33.5972 86.3061 39.8216
v  -37.0338 83.0026 38.8744
v  -36.0038 83.6642 39.0641
v  -33.3556 86.5989 43.2086
v  -33.3556 87.4740 40.1565
v  -36.0038 82.7891 42.1161
v  -39.4639 95.9668 42.5918
v  -42.3799 95.4092 42.4319
v  -44.8520 93.8214 41.9766
v  -46.5038 91.4451 41.2952
v  -47.0839 88.6420 40.4915
v  -42.3799 81.8747 38.5510
v  -39.4639 81.3172 38.3911
v  -44.8520 83.4626 39.0063
v  -46.5038 85.8389 39.6877
v  -32.4239 91.4451 41.2952
v  -34.0757 93.8214 41.9766
v  -31.8439 88.6420 40.4915
v  -36.5478 95.4092 42.4319
v  -32.4239 85.8389 39.6877
v  -34.0757 83.4626 39.0063
v  -36.5478 81.8747 38.5510
v  -40.9219 81.5959 38.4710
v  -46.7939 88.2906 36.4272
v  -45.6779 85.7009 35.6846
v  -43.6160 82.6686 38.7786
v  -46.7939 90.0435 40.8933
v  -43.6160 83.7188 35.1162
v  -45.6779 93.6834 37.9735
v  -45.6779 92.6332 41.6359
v  -40.7599 82.6152 34.7997
v  -45.6779 84.6507 39.3470
v  -46.7939 87.2404 40.0896
v  -46.7939 91.0937 37.2309
v  -43.6160 95.6655 38.5419
v  -43.6160 94.6153 42.2043
v  -40.9219 96.7382 38.8495
v  -40.9219 95.6880 42.5119
v  -38.0059 95.6880 42.5119
v  -35.3118 94.6153 42.2043
v  -33.2498 93.6834 37.9735
v  -35.3118 95.6655 38.5419
v  -32.1339 90.0435 40.8933
v  -32.1339 91.0937 37.2309
v  -38.1679 96.7692 38.8583
v  -33.2498 92.6332 41.6359
v  -38.0059 82.6461 34.8086
v  -38.1679 81.5650 38.4622
v  -33.2498 84.6507 39.3470
v  -33.2498 85.7009 35.6846
v  -35.3118 83.7188 35.1162
v  -32.1339 87.2404 40.0896
v  -32.1339 88.2906 36.4272
v  -35.3118 82.6686 38.7786
# 186 vertices

vn 0.0000 0.2756 -0.9613
vn -0.0000 -0.2756 0.9613
vn -0.4339 -0.8661 -0.2483
vn -0.2225 -0.9372 -0.2687
vn -0.6235 -0.7515 -0.2155
vn -0.4339 0.8661 0.2483
vn -0.6235 0.7515 0.2155
vn -0.7818 0.5993 0.1719
vn -0.7818 -0.5993 -0.1719
vn -0.9010 -0.4171 -0.1196
vn -1.0000 -0.0000 -0.0000
vn -0.9749 0.2139 0.0613
vn -0.2121 -0.9394 -0.2694
vn -0.0000 -0.9613 -0.2756
vn -0.9010 0.4171 0.1196
vn -0.9749 -0.2139 -0.0613
vn -0.2225 0.9372 0.2687
vn -0.2121 0.9394 0.2694
vn -0.0000 0.9613 0.2756
vn 0.4339 0.8661 0.2483
vn 0.2225 0.9372 0.2687
vn 0.6235 0.7515 0.2155
vn 0.2225 -0.9372 -0.2687
vn 0.4339 -0.8661 -0.2483
vn 0.2121 -0.9394 -0.2694
vn 0.7818 0.5993 0.1719
vn 0.9010 0.4171 0.1196
vn 0.2121 0.9394 0.2694
vn 0.9749 0.2139 0.0613
vn 0.9749 -0.2139 -0.0613
vn 1.0000 0.0000 0.0000
vn 0.9010 -0.4171 -0.1196
vn 0.6235 -0.7515 -0.2155
vn 0.7818 -0.5993 -0.1719
vn -0.3827 -0.8881 -0.2547
vn -0.1951 -0.9428 -0.2703
vn -0.8315 0.5340 0.1531
vn -0.9239 0.3679 0.1055
vn -0.7071 -0.6797 -0.1949
vn -0.8315 -0.5340 -0.1531
vn -0.9808 -0.1875 -0.0538
vn -0.7071 0.6797 0.1949
vn -0.5556 0.7993 0.2292
vn -0.5556 -0.7993 -0.2292
vn -0.1900 0.9437 0.2706
vn -0.1900 -0.9437 -0.2706
vn -0.9239 -0.3679 -0.1055
vn -0.3827 0.8881 0.2547
vn -0.9808 0.1875 0.0538
vn -0.1951 0.9428 0.2703
vn 0.3827 0.8881 0.2547
vn 0.1951 0.9428 0.2703
vn 0.5556 0.7993 0.2292
vn 0.7071 0.6797 0.1949
vn 0.8315 0.5340 0.1531
vn 0.9808 0.1875 0.0538
vn 0.9239 0.3679 0.1055
vn 0.1900 0.9437 0.2706
vn 0.1951 -0.9428 -0.2703
vn 0.3827 -0.8881 -0.2547
vn 0.1900 -0.9437 -0.2706
vn 0.8315 -0.5340 -0.1531
vn 0.7071 -0.6797 -0.1949
vn 0.9239 -0.3679 -0.1055
vn 0.5556 -0.7993 -0.2292
vn 0.9808 -0.1875 -0.0538
vn -0.1736 -0.9467 -0.2714
vn 0.1736 0.9467 0.2714
vn 0.1736 -0.9467 -0.2714
# 69 vertex normals

vt -0.0000 5.7429 0.0000
vt -0.0000 5.4929 0.0000
vt 0.0957 5.7239 0.0000
vt 0.1768 5.6697 0.0000
vt 0.2310 5.5886 0.0000
vt 0.2500 5.4929 0.0000
vt 0.1768 5.3161 0.0000
vt 0.0957 5.2619 0.0000
vt 0.2310 5.3972 0.0000
vt -0.0000 5.2429 0.0000
vt -0.2310 5.5886 0.0000
vt -0.1768 5.6697 0.0000
vt -0.0957 5.7239 0.0000
vt -0.2500 5.4929 0.0000
vt -0.2310 5.3972 0.0000
vt -0.1768 5.3161 0.0000
vt -0.0957 5.2619 0.0000
vt -0.0723 5.6431 0.0000
vt -0.1303 5.5968 0.0000
vt 0.0000 5.4929 0.0000
vt -0.1625 5.5300 0.0000
vt 0.0000 5.6596 0.0000
vt -0.0723 5.3427 0.0000
vt 0.0000 5.3262 0.0000
vt -0.1625 5.4558 0.0000
vt -0.1303 5.3890 0.0000
vt 0.1303 5.5968 0.0000
vt 0.0723 5.6431 0.0000
vt 0.1625 5.5300 0.0000
vt 0.1303 5.3890 0.0000
vt 0.1625 5.4558 0.0000
vt 0.0723 5.3427 0.0000
vt 0.0748 -0.8333 0.0000
vt 0.0374 -0.9167 0.0000
vt 0.0748 -0.9167 0.0000
vt 0.1122 -0.8333 0.0000
vt 0.4488 -0.9167 0.0000
vt 0.4488 -0.8333 0.0000
vt 0.4114 -0.8333 0.0000
vt 0.3740 -0.8333 0.0000
vt 0.4114 -0.9167 0.0000
vt 0.1496 -0.9167 0.0000
vt 0.1870 -0.8333 0.0000
vt 0.1496 -0.8333 0.0000
vt 0.2618 -0.9167 0.0000
vt 0.2992 -0.8333 0.0000
vt 0.2618 -0.8333 0.0000
vt 0.0356 -0.8333 0.0000
vt 0.0000 -0.9167 0.0000
vt 0.3366 -0.8333 0.0000
vt 0.2992 -0.9167 0.0000
vt 0.3366 -0.9167 0.0000
vt 0.1122 -0.9167 0.0000
vt 0.1870 -0.9167 0.0000
vt 0.2244 -0.8333 0.0000
vt 0.2244 -0.9167 0.0000
vt 0.4862 -0.8333 0.0000
vt 0.0000 -0.8333 0.0000
vt 0.4880 -0.9167 0.0000
vt 0.5236 -0.8333 0.0000
vt 0.3740 -0.9167 0.0000
vt 0.5236 -0.9167 0.0000
vt -0.4488 -0.8333 0.0000
vt -0.4862 -0.9167 0.0000
vt -0.4488 -0.9167 0.0000
vt -0.4114 -0.8333 0.0000
vt -0.0374 -0.8333 0.0000
vt -0.0748 -0.9167 0.0000
vt -0.0356 -0.9167 0.0000
vt -0.3740 -0.9167 0.0000
vt -0.3366 -0.8333 0.0000
vt -0.3740 -0.8333 0.0000
vt -0.5236 -0.9167 0.0000
vt -0.4880 -0.8333 0.0000
vt -0.5236 -0.8333 0.0000
vt -0.4114 -0.9167 0.0000
vt -0.3366 -0.9167 0.0000
vt -0.2992 -0.8333 0.0000
vt -0.2244 -0.8333 0.0000
vt -0.2618 -0.9167 0.0000
vt -0.2244 -0.9167 0.0000
vt -0.1870 -0.8333 0.0000
vt -0.1122 -0.8333 0.0000
vt -0.1496 -0.9167 0.0000
vt -0.1122 -0.9167 0.0000
vt -0.1496 -0.8333 0.0000
vt -0.1870 -0.9167 0.0000
vt -0.0748 -0.8333 0.0000
vt -0.2618 -0.8333 0.0000
vt -0.2992 -0.9167 0.0000
vt 0.0000 5.7012 0.0000
vt -0.0797 5.6854 0.0000
vt -0.1473 5.6402 0.0000
vt -0.1925 5.5726 0.0000
vt -0.2083 5.4929 0.0000
vt -0.0797 5.3004 0.0000
vt 0.0000 5.2846 0.0000
vt -0.1473 5.3456 0.0000
vt -0.1925 5.4132 0.0000
vt 0.1473 5.6402 0.0000
vt 0.1925 5.5726 0.0000
vt 0.2083 5.4929 0.0000
vt 0.0797 5.6854 0.0000
vt 0.1925 5.4132 0.0000
vt 0.1473 5.3456 0.0000
vt 0.0797 5.3004 0.0000
vt 0.0818 -0.7292 0.0000
vt 0.0409 -0.8333 0.0000
vt 0.0818 -0.8333 0.0000
vt 0.4500 -0.7292 0.0000
vt 0.4091 -0.8333 0.0000
vt 0.4500 -0.8333 0.0000
vt 0.1636 -0.8333 0.0000
vt 0.2045 -0.7292 0.0000
vt 0.1636 -0.7292 0.0000
vt 0.2863 -0.8333 0.0000
vt 0.3272 -0.7292 0.0000
vt 0.2863 -0.7292 0.0000
vt 0.4909 -0.7292 0.0000
vt 0.5318 -0.8333 0.0000
vt 0.5318 -0.7292 0.0000
vt 0.1227 -0.7292 0.0000
vt 0.6545 -0.8333 0.0000
vt 0.6545 -0.7292 0.0000
vt 0.6147 -0.7292 0.0000
vt 0.0398 -0.7292 0.0000
vt 0.2045 -0.8333 0.0000
vt 0.2454 -0.7292 0.0000
vt 0.1227 -0.8333 0.0000
vt 0.2454 -0.8333 0.0000
vt 0.3272 -0.8333 0.0000
vt 0.4909 -0.8333 0.0000
vt 0.4091 -0.7292 0.0000
vt 0.5727 -0.8333 0.0000
vt 0.5727 -0.7292 0.0000
vt 0.3682 -0.7292 0.0000
vt 0.6136 -0.8333 0.0000
vt 0.3682 -0.8333 0.0000
vt 0.0000 -0.7292 0.0000
vt -0.5727 -0.7292 0.0000
vt -0.6136 -0.8333 0.0000
vt -0.5727 -0.8333 0.0000
vt -0.5318 -0.8333 0.0000
vt -0.4909 -0.8333 0.0000
vt -0.4909 -0.7292 0.0000
vt -0.4500 -0.7292 0.0000
vt -0.5318 -0.7292 0.0000
vt -0.3682 -0.8333 0.0000
vt -0.3272 -0.7292 0.0000
vt -0.3682 -0.7292 0.0000
vt -0.4091 -0.7292 0.0000
vt -0.4091 -0.8333 0.0000
vt -0.6147 -0.7292 0.0000
vt -0.6545 -0.8333 0.0000
vt -0.4500 -0.8333 0.0000
vt -0.0409 -0.7292 0.0000
vt -0.0818 -0.8333 0.0000
vt -0.0398 -0.8333 0.0000
vt -0.2045 -0.8333 0.0000
vt -0.1636 -0.8333 0.0000
vt -0.1636 -0.7292 0.0000
vt -0.3272 -0.8333 0.0000
vt -0.2045 -0.7292 0.0000
vt -0.2454 -0.8333 0.0000
vt -0.2454 -0.7292 0.0000
vt -0.0818 -0.7292 0.0000
vt -0.6545 -0.7292 0.0000
vt -0.1227 -0.7292 0.0000
vt -0.2863 -0.8333 0.0000
vt -0.2863 -0.7292 0.0000
vt -0.1227 -0.8333 0.0000
vt 0.0000 5.7429 0.0000
vt 0.0000 5.2429 0.0000
vt 0.0982 -0.6042 0.0000
vt 0.0491 -0.7292 0.0000
vt 0.0982 -0.7292 0.0000
vt 0.3436 -0.6042 0.0000
vt 0.2945 -0.6042 0.0000
vt 0.2945 -0.7292 0.0000
vt 0.1963 -0.7292 0.0000
vt 0.2454 -0.6042 0.0000
vt 0.1963 -0.6042 0.0000
vt 0.1473 -0.7292 0.0000
vt 0.4418 -0.7292 0.0000
vt 0.4909 -0.6042 0.0000
vt 0.1473 -0.6042 0.0000
vt 0.5400 -0.6042 0.0000
vt 0.5400 -0.7292 0.0000
vt 0.0436 -0.6042 0.0000
vt 0.3436 -0.7292 0.0000
vt 0.3927 -0.6042 0.0000
vt 0.3927 -0.7292 0.0000
vt 0.4418 -0.6042 0.0000
vt 0.5890 -0.7292 0.0000
vt 0.6872 -0.7292 0.0000
vt 0.6872 -0.6042 0.0000
vt 0.6381 -0.6042 0.0000
vt 0.6381 -0.7292 0.0000
vt 0.0000 -0.6042 0.0000
vt 0.5890 -0.6042 0.0000
vt 0.7363 -0.6042 0.0000
vt 0.7363 -0.7292 0.0000
vt 0.7854 -0.7292 0.0000
vt 0.7854 -0.6042 0.0000
vt -0.6872 -0.6042 0.0000
vt -0.7363 -0.7292 0.0000
vt -0.6872 -0.7292 0.0000
vt -0.6381 -0.7292 0.0000
vt -0.5890 -0.7292 0.0000
vt -0.5890 -0.6042 0.0000
vt -0.5400 -0.6042 0.0000
vt -0.6381 -0.6042 0.0000
vt -0.4418 -0.7292 0.0000
vt -0.3927 -0.6042 0.0000
vt -0.4418 -0.6042 0.0000
vt -0.4909 -0.6042 0.0000
vt -0.7418 -0.6042 0.0000
vt -0.7854 -0.7292 0.0000
vt -0.5400 -0.7292 0.0000
vt -0.0491 -0.6042 0.0000
vt -0.0982 -0.7292 0.0000
vt -0.0436 -0.7292 0.0000
vt -0.1963 -0.7292 0.0000
vt -0.1963 -0.6042 0.0000
vt -0.3927 -0.7292 0.0000
vt -0.2454 -0.6042 0.0000
vt -0.2945 -0.7292 0.0000
vt -0.2945 -0.6042 0.0000
vt -0.0982 -0.6042 0.0000
vt -0.7854 -0.6042 0.0000
vt -0.1473 -0.6042 0.0000
vt -0.3436 -0.7292 0.0000
vt -0.3436 -0.6042 0.0000
vt -0.1473 -0.7292 0.0000
# 234 texture coords

g _Revolve__1990_
usemtl plastic
s off
f 5115/6917/2344 5116/6918/2344 5117/6919/2344 
f 5116/6918/2344 5118/6920/2344 5117/6919/2344 
f 5118/6920/2344 5116/6918/2344 5119/6921/2344 
f 5116/6918/2344 5120/6922/2344 5119/6921/2344 
f 5121/6923/2344 5116/6918/2344 5122/6924/2344 
f 5123/6925/2344 5120/6922/2344 5116/6918/2344 
f 5116/6918/2344 5121/6923/2344 5123/6925/2344 
f 5116/6918/2344 5124/6926/2344 5122/6924/2344 
f 5125/6927/2344 5116/6918/2344 5126/6928/2344 
f 5116/6918/2344 5127/6929/2344 5126/6928/2344 
f 5115/6917/2344 5127/6929/2344 5116/6918/2344 
f 5125/6927/2344 5128/6930/2344 5116/6918/2344 
f 5129/6931/2344 5130/6932/2344 5116/6918/2344 
f 5116/6918/2344 5131/6933/2344 5124/6926/2344 
f 5131/6933/2344 5116/6918/2344 5130/6932/2344 
f 5129/6931/2344 5116/6918/2344 5128/6930/2344 
f 5132/6934/2345 5133/6935/2345 5134/6936/2345 
f 5133/6935/2345 5135/6937/2345 5134/6936/2345 
f 5134/6936/2345 5136/6938/2345 5132/6934/2345 
f 5137/6939/2345 5138/6940/2345 5134/6936/2345 
f 5139/6941/2345 5140/6942/2345 5134/6936/2345 
f 5137/6939/2345 5134/6936/2345 5140/6942/2345 
f 5135/6937/2345 5139/6941/2345 5134/6936/2345 
f 5134/6936/2345 5141/6943/2345 5142/6944/2345 
f 5142/6944/2345 5136/6938/2345 5134/6936/2345 
f 5143/6945/2345 5141/6943/2345 5134/6936/2345 
f 5134/6936/2345 5144/6946/2345 5145/6947/2345 
f 5138/6940/2345 5146/6948/2345 5134/6936/2345 
f 5144/6946/2345 5134/6936/2345 5146/6948/2345 
f 5143/6945/2345 5134/6936/2345 5145/6947/2345 
f 5147/6949/2346 5148/6950/2347 5137/6951/2346 
f 5137/6951/2346 5149/6952/2348 5147/6949/2346 
f 5132/6953/2349 5150/6954/2349 5151/6955/2350 
f 5152/6956/2351 5153/6957/2350 5151/6955/2350 
f 5140/6958/2352 5154/6959/2353 5155/6960/2352 
f 5156/6961/2354 5157/6962/2355 5158/6963/2354 
f 5159/6964/2356 5138/6965/2357 5148/6950/2347 
f 5160/6966/2358 5135/6967/2355 5161/6968/2358 
f 5162/6969/2348 5155/6960/2352 5149/6952/2348 
f 5163/6970/2353 5164/6971/2359 5154/6959/2353 
f 5158/6963/2354 5164/6971/2359 5139/6972/2359 
f 5157/6962/2355 5156/6961/2354 5135/6967/2355 
f 5135/6967/2355 5160/6966/2358 5157/6962/2355 
f 5162/6969/2348 5140/6958/2352 5155/6960/2352 
f 5132/6953/2349 5165/6973/2360 5150/6954/2349 
f 5147/6949/2346 5159/6964/2356 5148/6950/2347 
f 5163/6970/2353 5139/6972/2359 5164/6971/2359 
f 5132/6953/2349 5151/6955/2350 5153/6957/2350 
f 5149/6952/2348 5137/6951/2346 5162/6969/2348 
f 5161/6968/2358 5152/6956/2351 5160/6966/2358 
f 5138/6965/2357 5159/6964/2356 5166/6974/2357 
f 5167/6975/2361 5168/6976/2362 5165/6973/2360 
f 5133/6977/2351 5153/6957/2350 5152/6956/2351 
f 5154/6959/2353 5140/6958/2352 5163/6970/2353 
f 5165/6973/2360 5132/6953/2349 5167/6975/2361 
f 5158/6963/2354 5139/6972/2359 5156/6961/2354 
f 5167/6975/2361 5136/6978/2362 5168/6976/2362 
f 5161/6968/2358 5133/6977/2351 5152/6956/2351 
f 5169/6979/2363 5170/6980/2364 5142/6981/2363 
f 5142/6981/2363 5171/6982/2365 5169/6979/2363 
f 5172/6983/2366 5146/6984/2367 5173/6985/2368 
f 5173/6985/2368 5138/6965/2357 5166/6974/2357 
f 5141/6986/2369 5174/6987/2370 5175/6988/2369 
f 5136/6989/2362 5176/6990/2371 5168/6991/2362 
f 5176/6990/2371 5136/6989/2362 5170/6980/2364 
f 5171/6982/2365 5142/6981/2363 5177/6992/2365 
f 5177/6992/2365 5175/6988/2369 5171/6982/2365 
f 5178/6993/2370 5179/6994/2372 5174/6987/2370 
f 5169/6979/2363 5176/6990/2371 5170/6980/2364 
f 5180/6995/2373 5181/6996/2374 5145/6997/2373 
f 5145/6997/2373 5182/6998/2375 5180/6995/2373 
f 5183/6999/2376 5144/7000/2377 5184/7001/2376 
f 5144/7000/2377 5183/6999/2376 5185/7002/2377 
f 5182/6998/2375 5145/6997/2373 5186/7003/2375 
f 5186/7003/2375 5144/7000/2377 5185/7002/2377 
f 5146/6984/2367 5172/6983/2366 5187/7004/2367 
f 5174/6987/2370 5141/6986/2369 5178/6993/2370 
f 5186/7003/2375 5185/7002/2377 5182/6998/2375 
f 5181/6996/2374 5180/6995/2373 5188/7005/2374 
f 5184/7001/2376 5187/7004/2367 5183/6999/2376 
f 5173/6985/2368 5166/6974/2357 5172/6983/2366 
f 5178/6993/2370 5143/7006/2372 5179/6994/2372 
f 5188/7005/2374 5179/6994/2372 5143/7006/2372 
f 5188/7005/2374 5143/7006/2372 5181/6996/2374 
f 5184/7001/2376 5146/6984/2367 5187/7004/2367 
f 5177/6992/2365 5141/6986/2369 5175/6988/2369 
f 5168/6938/2345 5189/7007/2345 5190/7008/2345 
f 5190/7008/2345 5150/6934/2345 5168/6938/2345 
f 5191/7009/2345 5150/6934/2345 5190/7008/2345 
f 5192/7010/2345 5152/6935/2345 5191/7009/2345 
f 5150/6934/2345 5191/7009/2345 5152/6935/2345 
f 5193/7011/2345 5157/6937/2345 5192/7010/2345 
f 5152/6935/2345 5192/7010/2345 5157/6937/2345 
f 5194/7012/2345 5166/6940/2345 5147/6939/2345 
f 5166/6940/2345 5194/7012/2345 5195/7013/2345 
f 5196/7014/2345 5194/7012/2345 5147/6939/2345 
f 5197/7015/2345 5164/6941/2345 5193/7011/2345 
f 5164/6941/2345 5157/6937/2345 5193/7011/2345 
f 5196/7014/2345 5155/6942/2345 5197/7015/2345 
f 5164/6941/2345 5197/7015/2345 5155/6942/2345 
f 5147/6939/2345 5155/6942/2345 5196/7014/2345 
f 5169/6944/2345 5175/6943/2345 5198/7016/2345 
f 5199/7017/2345 5198/7016/2345 5175/6943/2345 
f 5175/6943/2345 5179/6945/2345 5199/7017/2345 
f 5200/7018/2345 5199/7017/2345 5179/6945/2345 
f 5168/6938/2345 5201/7019/2345 5189/7007/2345 
f 5201/7019/2345 5168/6938/2345 5169/6944/2345 
f 5169/6944/2345 5198/7016/2345 5201/7019/2345 
f 5202/7020/2345 5200/7018/2345 5180/6947/2345 
f 5185/6946/2345 5202/7020/2345 5180/6947/2345 
f 5203/7021/2345 5202/7020/2345 5185/6946/2345 
f 5187/6948/2345 5203/7021/2345 5185/6946/2345 
f 5195/7013/2345 5204/7022/2345 5166/6940/2345 
f 5187/6948/2345 5166/6940/2345 5204/7022/2345 
f 5187/6948/2345 5204/7022/2345 5203/7021/2345 
f 5200/7018/2345 5179/6945/2345 5180/6947/2345 
f 5205/7023/2378 5206/7024/2379 5194/7025/2378 
f 5207/7026/2380 5192/7027/2381 5208/7028/2380 
f 5196/7029/2382 5209/7030/2383 5210/7031/2382 
f 5211/7032/2384 5212/7033/2354 5213/7034/2384 
f 5214/7035/2385 5215/7036/2386 5216/7037/2386 
f 5194/7025/2378 5217/7038/2387 5205/7023/2378 
f 5189/7039/2362 5218/7040/2362 5219/7041/2388 
f 5220/7042/2389 5195/6974/2357 5206/7024/2379 
f 5221/7043/2383 5222/7044/2390 5209/7030/2383 
f 5223/7045/2387 5210/7031/2382 5217/7038/2387 
f 5223/7045/2387 5196/7029/2382 5210/7031/2382 
f 5213/7034/2384 5222/7044/2390 5197/7046/2390 
f 5212/7033/2354 5211/7032/2384 5193/7047/2354 
f 5208/7028/2380 5191/7048/2385 5214/7035/2385 
f 5213/7034/2384 5197/7046/2390 5211/7032/2384 
f 5192/7027/2381 5207/7026/2380 5224/7049/2381 
f 5209/7030/2383 5196/7029/2382 5221/7043/2383 
f 5190/7050/2391 5216/7037/2386 5215/7036/2386 
f 5190/7050/2391 5225/7051/2391 5216/7037/2386 
f 5226/7052/2392 5212/7033/2354 5193/7047/2354 
f 5189/7039/2362 5219/7041/2388 5227/7053/2393 
f 5224/7049/2381 5228/7054/2392 5192/7027/2381 
f 5226/7052/2392 5193/7047/2354 5228/7054/2392 
f 5205/7023/2378 5220/7042/2389 5206/7024/2379 
f 5208/7028/2380 5214/7035/2385 5207/7026/2380 
f 5214/7035/2385 5191/7048/2385 5215/7036/2386 
f 5195/6974/2357 5220/7042/2389 5229/7055/2357 
f 5190/7050/2391 5227/7053/2393 5225/7051/2391 
f 5221/7043/2383 5197/7046/2390 5222/7044/2390 
f 5228/7054/2392 5224/7049/2381 5226/7052/2392 
f 5217/7038/2387 5194/7025/2378 5223/7045/2387 
f 5225/7051/2391 5227/7053/2393 5219/7041/2388 
f 5230/7056/2394 5231/7057/2395 5201/7058/2394 
f 5232/7059/2396 5198/7060/2397 5233/7061/2397 
f 5198/7060/2397 5234/7062/2398 5233/7061/2397 
f 5235/7063/2396 5201/7058/2394 5232/7059/2396 
f 5236/7064/2399 5237/7065/2374 5238/7066/2399 
f 5201/7058/2394 5235/7063/2396 5230/7056/2394 
f 5238/7066/2399 5239/7067/2400 5199/7068/2400 
f 5240/7069/2401 5189/7070/2362 5231/7057/2395 
f 5241/7071/2398 5239/7067/2400 5234/7062/2398 
f 5232/7059/2396 5233/7061/2397 5235/7063/2396 
f 5242/7072/2402 5204/7073/2403 5243/7074/2404 
f 5244/7075/2405 5203/7076/2406 5245/7077/2406 
f 5237/7065/2374 5236/7064/2399 5200/7078/2374 
f 5246/7079/2405 5202/7080/2407 5244/7075/2405 
f 5238/7066/2399 5199/7068/2400 5236/7064/2399 
f 5202/7080/2407 5246/7079/2405 5247/7081/2407 
f 5230/7056/2394 5240/7069/2401 5231/7057/2395 
f 5204/7073/2403 5242/7072/2402 5248/7082/2403 
f 5189/7070/2362 5240/7069/2401 5218/7083/2362 
f 5234/7062/2398 5198/7060/2397 5241/7071/2398 
f 5203/7076/2406 5249/7084/2408 5245/7077/2406 
f 5247/7081/2407 5250/7085/2409 5202/7080/2407 
f 5251/7086/2409 5200/7078/2374 5250/7085/2409 
f 5244/7075/2405 5245/7077/2406 5246/7079/2405 
f 5252/7087/2408 5248/7082/2403 5249/7084/2408 
f 5250/7085/2409 5247/7081/2407 5251/7086/2409 
f 5252/7087/2408 5204/7073/2403 5248/7082/2403 
f 5243/7074/2404 5229/7055/2357 5242/7072/2402 
f 5249/7084/2408 5203/7076/2406 5252/7087/2408 
f 5251/7086/2409 5237/7065/2374 5200/7078/2374 
f 5241/7071/2398 5199/7068/2400 5239/7067/2400 
f 5243/7074/2404 5195/6974/2357 5229/7055/2357 
f 5218/7007/2345 5253/7088/2345 5254/6929/2345 
f 5254/6929/2345 5225/7008/2345 5218/7007/2345 
f 5255/6928/2345 5225/7008/2345 5254/6929/2345 
f 5256/6927/2345 5214/7009/2345 5255/6928/2345 
f 5225/7008/2345 5255/6928/2345 5214/7009/2345 
f 5224/7010/2345 5256/6927/2345 5257/6930/2345 
f 5214/7009/2345 5256/6927/2345 5224/7010/2345 
f 5212/7011/2345 5224/7010/2345 5257/6930/2345 
f 5258/6933/2345 5229/7013/2345 5205/7012/2345 
f 5229/7013/2345 5258/6933/2345 5259/7089/2345 
f 5260/6932/2345 5258/6933/2345 5205/7012/2345 
f 5261/6931/2345 5222/7015/2345 5257/6930/2345 
f 5222/7015/2345 5212/7011/2345 5257/6930/2345 
f 5260/6932/2345 5210/7014/2345 5261/6931/2345 
f 5222/7015/2345 5261/6931/2345 5210/7014/2345 
f 5205/7012/2345 5210/7014/2345 5260/6932/2345 
f 5262/6921/2345 5263/6920/2345 5233/7016/2345 
f 5239/7017/2345 5237/7018/2345 5264/6922/2345 
f 5264/6922/2345 5262/6921/2345 5239/7017/2345 
f 5239/7017/2345 5262/6921/2345 5233/7016/2345 
f 5218/7007/2345 5265/6919/2345 5253/7088/2345 
f 5265/6919/2345 5218/7007/2345 5230/7019/2345 
f 5263/6920/2345 5265/6919/2345 5230/7019/2345 
f 5230/7019/2345 5233/7016/2345 5263/6920/2345 
f 5266/6925/2345 5264/6922/2345 5247/7020/2345 
f 5245/7021/2345 5266/6925/2345 5247/7020/2345 
f 5267/6923/2345 5266/6925/2345 5245/7021/2345 
f 5248/7022/2345 5267/6923/2345 5245/7021/2345 
f 5259/7089/2345 5268/6924/2345 5229/7013/2345 
f 5248/7022/2345 5229/7013/2345 5268/6924/2345 
f 5248/7022/2345 5268/6924/2345 5267/6923/2345 
f 5264/6922/2345 5237/7018/2345 5247/7020/2345 
f 5122/7090/2378 5269/7091/2379 5258/7092/2378 
f 5270/7093/2384 5123/7094/2390 5261/7095/2390 
f 5260/7096/2382 5271/7097/2383 5121/7098/2382 
f 5272/7099/2387 5260/7096/2382 5121/7098/2382 
f 5273/7100/2392 5256/7035/2381 5119/7101/2381 
f 5258/7092/2378 5274/7102/2387 5122/7090/2378 
f 5275/7103/2380 5256/7035/2381 5276/7104/2380 
f 5277/7105/2410 5259/7055/2357 5269/7091/2379 
f 5278/7044/2383 5123/7094/2390 5271/7097/2383 
f 5272/7099/2387 5121/7098/2382 5274/7102/2387 
f 5274/7102/2387 5258/7092/2378 5272/7099/2387 
f 5279/7106/2384 5120/7107/2354 5270/7093/2384 
f 5120/7107/2354 5279/7106/2384 5257/7108/2354 
f 5280/7109/2392 5257/7108/2354 5273/7100/2392 
f 5270/7093/2384 5261/7095/2390 5279/7106/2384 
f 5257/7108/2354 5280/7109/2392 5120/7107/2354 
f 5278/7044/2383 5261/7095/2390 5123/7094/2390 
f 5255/7110/2385 5275/7103/2380 5276/7104/2380 
f 5119/7101/2381 5256/7035/2381 5275/7103/2380 
f 5254/7111/2391 5117/7112/2391 5281/7113/2386 
f 5282/7114/2386 5254/7111/2391 5281/7113/2386 
f 5259/7055/2357 5277/7105/2410 5124/7115/2357 
f 5118/7116/2385 5275/7103/2380 5255/7110/2385 
f 5283/7117/2393 5117/7112/2391 5284/7118/2393 
f 5282/7114/2386 5118/7116/2385 5255/7110/2385 
f 5117/7112/2391 5254/7111/2391 5284/7118/2393 
f 5271/7097/2383 5260/7096/2382 5278/7044/2383 
f 5253/7119/2362 5115/7120/2362 5283/7117/2393 
f 5122/7090/2378 5277/7105/2410 5269/7091/2379 
f 5253/7119/2362 5283/7117/2393 5284/7118/2393 
f 5273/7100/2392 5119/7101/2381 5280/7109/2392 
f 5118/7116/2385 5282/7114/2386 5281/7113/2386 
f 5127/7121/2394 5285/7122/2395 5265/7123/2394 
f 5286/7124/2396 5263/7125/2397 5126/7126/2397 
f 5263/7125/2397 5287/7127/2398 5126/7126/2397 
f 5288/7128/2396 5265/7123/2394 5286/7124/2396 
f 5289/7129/2399 5128/7130/2374 5290/7131/2399 
f 5265/7123/2394 5288/7128/2396 5127/7121/2394 
f 5290/7131/2399 5125/7132/2400 5262/7061/2400 
f 5291/7133/2411 5253/7134/2362 5285/7122/2395 
f 5292/7135/2398 5125/7132/2400 5287/7127/2398 
f 5286/7124/2396 5126/7126/2397 5288/7128/2396 
f 5293/7136/2402 5268/7137/2403 5294/7138/2412 
f 5295/7081/2405 5267/7139/2406 5130/7140/2406 
f 5128/7130/2374 5289/7129/2399 5264/7141/2374 
f 5296/7142/2405 5266/7143/2407 5295/7081/2405 
f 5290/7131/2399 5262/7061/2400 5289/7129/2399 
f 5266/7143/2407 5296/7142/2405 5129/7144/2407 
f 5127/7121/2394 5291/7133/2411 5285/7122/2395 
f 5268/7137/2403 5293/7136/2402 5131/7145/2403 
f 5253/7134/2362 5291/7133/2411 5115/7146/2362 
f 5287/7127/2398 5263/7125/2397 5292/7135/2398 
f 5267/7139/2406 5297/7147/2408 5130/7140/2406 
f 5129/7144/2407 5298/7148/2409 5266/7143/2407 
f 5299/7149/2409 5264/7141/2374 5298/7148/2409 
f 5295/7081/2405 5130/7140/2406 5296/7142/2405 
f 5300/7150/2408 5131/7145/2403 5297/7147/2408 
f 5298/7148/2409 5129/7144/2407 5299/7149/2409 
f 5300/7150/2408 5268/7137/2403 5131/7145/2403 
f 5294/7138/2412 5124/7115/2357 5293/7136/2402 
f 5297/7147/2408 5267/7139/2406 5300/7150/2408 
f 5299/7149/2409 5128/7130/2374 5264/7141/2374 
f 5292/7135/2398 5262/7061/2400 5125/7132/2400 
f 5294/7138/2412 5259/7055/2357 5124/7115/2357 
# 276 faces

#
# object _Revolve__2001_
#

v  -20.8425 87.4282 13.7198
v  -19.3845 87.1494 13.6399
v  -20.8425 86.3780 17.3822
v  -19.3845 101.2415 17.6807
v  -20.8425 99.9125 21.2632
v  -19.2225 100.2223 21.3520
v  -22.0786 88.2221 13.9474
v  -22.0786 87.1720 17.6098
v  -23.3146 87.9659 17.8375
v  -25.5465 93.1453 19.3227
v  -25.2564 92.7939 15.2584
v  -25.2564 91.7438 18.9208
v  -24.9664 96.9986 16.4641
v  -24.1405 97.1366 20.4672
v  -24.1405 98.1867 16.8048
v  -24.1405 89.1540 18.1782
v  -24.9664 90.3422 18.5189
v  -24.1405 90.2042 14.5158
v  -23.3146 99.3749 17.1455
v  -17.9265 86.8707 13.5599
v  -19.2225 86.0683 17.2934
v  -23.3146 89.0160 14.1751
v  -24.9664 91.3924 14.8565
v  -25.5465 94.1955 15.6603
v  -17.9265 100.4701 21.4230
v  -17.9265 101.5203 17.7607
v  -23.3146 98.3247 20.8079
v  -17.9265 85.8205 17.2223
v  -22.0786 100.1688 17.3731
v  -20.8425 100.9627 17.6008
v  -25.2564 95.5970 16.0622
v  -25.2564 94.5468 19.7246
v  -22.0786 99.1186 21.0355
v  -24.9664 95.9484 20.1265
v  -15.0104 100.9627 17.6008
v  -16.4684 101.2415 17.6807
v  -15.0104 99.9125 21.2632
v  -13.7744 100.1688 17.3731
v  -13.7744 99.1186 21.0355
v  -12.5383 98.3247 20.8079
v  -10.8865 90.3422 18.5189
v  -10.5965 92.7939 15.2584
v  -10.5965 91.7438 18.9208
v  -11.7124 97.1366 20.4672
v  -10.8865 95.9484 20.1265
v  -11.7124 98.1867 16.8048
v  -10.8865 96.9986 16.4641
v  -10.5965 94.5468 19.7246
v  -16.6304 100.2223 21.3520
v  -12.5383 99.3749 17.1455
v  -10.5965 95.5970 16.0622
v  -10.3065 94.1955 15.6603
v  -10.3065 93.1453 19.3227
v  -12.5383 87.9659 17.8375
v  -11.7124 90.2042 14.5158
v  -11.7124 89.1540 18.1782
v  -16.6304 87.1185 13.6310
v  -13.7744 88.2221 13.9474
v  -13.7744 87.1720 17.6098
v  -15.0104 86.3780 17.3822
v  -15.0104 87.4282 13.7198
v  -12.5383 89.0160 14.1751
v  -16.4684 86.0993 17.3023
v  -10.8865 91.3924 14.8565
v  -17.9265 100.2995 17.4106
v  -20.3565 99.8348 17.2773
v  -22.4166 98.5117 16.8979
v  -23.7931 96.5314 16.3301
v  -24.2765 94.1955 15.6603
v  -20.3565 88.5561 14.0432
v  -17.9265 88.0915 13.9100
v  -23.7931 91.8596 14.9905
v  -22.4166 89.8793 14.4226
v  -13.4363 98.5117 16.8979
v  -11.5765 94.1955 15.6603
v  -12.0598 96.5314 16.3301
v  -15.4964 99.8348 17.2773
v  -12.0598 91.8596 14.9905
v  -13.4363 89.8793 14.4226
v  -15.4964 88.5561 14.0432
v  -20.3565 89.4313 10.9912
v  -19.1415 89.1989 10.9246
v  -21.3866 90.0928 11.1809
v  -21.3866 89.2177 14.2329
v  -22.4166 99.3868 13.8459
v  -23.1049 98.3967 13.5620
v  -19.1096 100.0733 17.3457
v  -17.9265 101.1746 14.3586
v  -23.1049 90.8694 14.7066
v  -23.1049 91.7446 11.6546
v  -23.7931 97.4065 13.2781
v  -23.1049 97.5215 16.6140
v  -17.9265 88.9666 10.8580
v  -19.1096 88.3177 13.9748
v  -22.4166 90.7544 11.3706
v  -24.0348 93.9027 12.2734
v  -23.7931 92.7347 11.9385
v  -24.0348 93.0275 15.3254
v  -24.2765 95.0706 12.6083
v  -21.3866 100.0484 14.0356
v  -21.3866 99.1732 17.0876
v  -19.1415 100.9423 14.2920
v  -20.3565 100.7100 14.2253
v  -24.0348 96.2386 12.9432
v  -24.0348 95.3634 15.9952
v  -15.4964 100.7100 14.2253
v  -16.7115 100.9423 14.2920
v  -14.4664 100.0484 14.0356
v  -14.4664 99.1732 17.0876
v  -11.8181 93.9027 12.2734
v  -11.8181 93.0275 15.3254
v  -12.7481 97.5215 16.6140
v  -12.7481 98.3967 13.5620
v  -12.0598 97.4065 13.2781
v  -11.8181 95.3634 15.9952
v  -16.7434 100.0733 17.3457
v  -13.4363 99.3868 13.8459
v  -11.8181 96.2386 12.9432
v  -11.5765 95.0706 12.6083
v  -12.7481 91.7446 11.6546
v  -12.7481 90.8694 14.7066
v  -16.7434 89.1928 10.9229
v  -14.4664 90.0928 11.1809
v  -14.4664 89.2177 14.2329
v  -15.4964 89.4313 10.9912
v  -13.4363 90.7544 11.3706
v  -16.7115 88.3238 13.9766
v  -12.0598 92.7347 11.9385
v  -17.9265 99.9538 14.0085
v  -20.1306 99.4702 13.8699
v  -21.8982 98.1152 13.4813
v  -22.8791 96.1572 12.9198
v  -20.1306 90.6710 11.3467
v  -17.9265 90.1874 11.2080
v  -22.8791 93.9840 12.2967
v  -21.8982 92.0260 11.7352
v  -13.9548 98.1152 13.4813
v  -15.7224 99.4702 13.8699
v  -12.9738 96.1572 12.9198
v  -12.9738 93.9840 12.2967
v  -13.9548 92.0260 11.7352
v  -15.7224 90.6710 11.3467
v  -20.1306 91.3711 8.9051
v  -19.0285 91.1293 8.8358
v  -21.0144 92.0486 9.0994
v  -21.0144 91.3485 11.5410
v  -21.8982 98.8154 11.0397
v  -21.0144 99.4929 11.2340
v  -22.3886 93.0050 12.0160
v  -22.3886 93.7051 9.5744
v  -22.8791 94.6841 9.8551
v  -22.8791 95.0706 12.6083
v  -22.8791 95.7707 10.1667
v  -17.9265 90.8875 8.7664
v  -18.9763 90.4177 11.2741
v  -22.8791 96.8574 10.4783
v  -22.3886 97.1362 13.2006
v  -22.3886 97.8364 10.7590
v  -21.8982 92.7261 9.2936
v  -17.9265 100.6539 11.5669
v  -18.9763 100.4236 11.5009
v  -20.1306 100.1704 11.4282
v  -21.0144 98.7927 13.6756
v  -19.0285 99.7120 13.9392
v  -15.7224 100.1704 11.4282
v  -16.8244 100.4122 11.4976
v  -14.8386 99.4929 11.2340
v  -14.8386 98.7927 13.6756
v  -15.7224 91.3711 8.9051
v  -16.8244 90.4292 11.2774
v  -16.8767 91.1179 8.8325
v  -13.4643 97.1362 13.2006
v  -13.4643 97.8364 10.7590
v  -16.8767 99.7235 13.9425
v  -13.9548 98.8154 11.0397
v  -12.9738 95.7707 10.1667
v  -12.9738 95.0706 12.6083
v  -13.4643 93.7051 9.5744
v  -13.4643 93.0050 12.0160
v  -13.9548 92.7261 9.2936
v  -14.8386 91.3485 11.5410
v  -14.8386 92.0486 9.0994
v  -12.9738 94.6841 9.8551
v  -12.9738 96.8574 10.4783
v  -17.9265 95.7707 10.1667
v  -17.9265 93.1453 19.3227
# 186 vertices

vn -0.3827 -0.8881 -0.2547
vn -0.1951 -0.9428 -0.2703
vn -0.1951 0.9428 0.2703
vn -0.3827 0.8881 0.2547
vn -0.1736 0.9467 0.2714
vn -0.5556 -0.7993 -0.2292
vn -0.7071 -0.6797 -0.1949
vn -1.0000 -0.0000 0.0000
vn -0.9808 -0.1875 -0.0538
vn -0.9239 0.3679 0.1055
vn -0.8315 0.5340 0.1531
vn -0.8315 -0.5340 -0.1531
vn -0.9239 -0.3679 -0.1055
vn -0.7071 0.6797 0.1949
vn 0.0000 -0.9613 -0.2756
vn -0.1736 -0.9467 -0.2714
vn -0.0000 0.9613 0.2756
vn -0.5556 0.7993 0.2292
vn -0.9808 0.1875 0.0538
vn 0.3827 0.8881 0.2547
vn 0.1951 0.9428 0.2703
vn 0.5556 0.7993 0.2292
vn 0.7071 0.6797 0.1949
vn 0.9239 -0.3679 -0.1055
vn 0.9808 -0.1875 -0.0538
vn 0.8315 0.5340 0.1531
vn 0.9239 0.3679 0.1055
vn 0.9808 0.1875 0.0538
vn 0.1736 0.9467 0.2714
vn 1.0000 0.0000 0.0000
vn 0.7071 -0.6797 -0.1949
vn 0.8315 -0.5340 -0.1531
vn 0.1736 -0.9467 -0.2714
vn 0.5556 -0.7993 -0.2292
vn 0.3827 -0.8881 -0.2547
vn 0.1951 -0.9428 -0.2703
vn -0.0000 0.2756 -0.9613
vn -0.1900 0.9437 0.2706
vn -0.1900 -0.9437 -0.2706
vn 0.1900 0.9437 0.2706
vn 0.1900 -0.9437 -0.2706
vn -0.4339 -0.8661 -0.2483
vn -0.2225 -0.9372 -0.2687
vn -0.6235 -0.7515 -0.2155
vn -0.7818 -0.5993 -0.1719
vn -0.7818 0.5993 0.1719
vn -0.6235 0.7515 0.2155
vn -0.9010 -0.4171 -0.1196
vn -0.9749 -0.2139 -0.0613
vn -0.2121 -0.9394 -0.2694
vn -0.9749 0.2139 0.0613
vn -0.9010 0.4171 0.1196
vn -0.2121 0.9394 0.2694
vn -0.4339 0.8661 0.2483
vn -0.2225 0.9372 0.2687
vn 0.4339 0.8661 0.2483
vn 0.2225 0.9372 0.2687
vn 0.6235 0.7515 0.2155
vn 0.7818 0.5993 0.1719
vn 0.4339 -0.8661 -0.2483
vn 0.2225 -0.9372 -0.2687
vn 0.2121 -0.9394 -0.2694
vn 0.9010 0.4171 0.1196
vn 0.9749 0.2139 0.0613
vn 0.2121 0.9394 0.2694
vn 0.9749 -0.2139 -0.0613
vn 0.7818 -0.5993 -0.1719
vn 0.9010 -0.4171 -0.1196
vn 0.6235 -0.7515 -0.2155
vn 0.0000 -0.2756 0.9613
# 70 vertex normals

vt 0.0982 0.7292 0.0000
vt 0.0491 0.7292 0.0000
vt 0.0982 0.6042 0.0000
vt 0.7363 0.7292 0.0000
vt 0.6872 0.6042 0.0000
vt 0.7418 0.6042 0.0000
vt 0.1473 0.7292 0.0000
vt 0.1473 0.6042 0.0000
vt 0.1963 0.6042 0.0000
vt 0.3927 0.6042 0.0000
vt 0.3436 0.7292 0.0000
vt 0.3436 0.6042 0.0000
vt 0.4909 0.7292 0.0000
vt 0.5400 0.6042 0.0000
vt 0.5400 0.7292 0.0000
vt 0.2454 0.6042 0.0000
vt 0.2945 0.6042 0.0000
vt 0.2454 0.7292 0.0000
vt 0.5890 0.7292 0.0000
vt 0.0000 0.7292 0.0000
vt 0.0436 0.6042 0.0000
vt 0.1963 0.7292 0.0000
vt 0.2945 0.7292 0.0000
vt 0.3927 0.7292 0.0000
vt 0.7854 0.6042 0.0000
vt 0.7854 0.7292 0.0000
vt 0.5890 0.6042 0.0000
vt 0.0000 0.6042 0.0000
vt 0.6381 0.7292 0.0000
vt 0.6872 0.7292 0.0000
vt 0.4418 0.7292 0.0000
vt 0.4418 0.6042 0.0000
vt 0.6381 0.6042 0.0000
vt 0.4909 0.6042 0.0000
vt -0.6872 0.7292 0.0000
vt -0.7363 0.7292 0.0000
vt -0.6872 0.6042 0.0000
vt -0.6381 0.7292 0.0000
vt -0.6381 0.6042 0.0000
vt -0.5890 0.6042 0.0000
vt -0.2945 0.6042 0.0000
vt -0.3436 0.7292 0.0000
vt -0.3436 0.6042 0.0000
vt -0.5400 0.6042 0.0000
vt -0.4909 0.6042 0.0000
vt -0.5400 0.7292 0.0000
vt -0.4909 0.7292 0.0000
vt -0.4418 0.6042 0.0000
vt -0.7854 0.7292 0.0000
vt -0.7418 0.6042 0.0000
vt -0.5890 0.7292 0.0000
vt -0.4418 0.7292 0.0000
vt -0.3927 0.7292 0.0000
vt -0.3927 0.6042 0.0000
vt -0.1963 0.6042 0.0000
vt -0.2454 0.7292 0.0000
vt -0.2454 0.6042 0.0000
vt -0.0436 0.7292 0.0000
vt -0.1473 0.7292 0.0000
vt -0.1473 0.6042 0.0000
vt -0.0982 0.6042 0.0000
vt -0.0982 0.7292 0.0000
vt -0.1963 0.7292 0.0000
vt -0.0491 0.6042 0.0000
vt -0.7854 0.6042 0.0000
vt -0.2945 0.7292 0.0000
vt 0.0957 5.7239 0.0000
vt 0.0000 5.7429 0.0000
vt 0.0000 5.7012 0.0000
vt 0.0797 5.6854 0.0000
vt 0.1768 5.6697 0.0000
vt 0.1473 5.6402 0.0000
vt 0.2310 5.5886 0.0000
vt 0.2500 5.4929 0.0000
vt 0.1925 5.5726 0.0000
vt 0.2083 5.4929 0.0000
vt 0.0797 5.3004 0.0000
vt 0.0000 5.2846 0.0000
vt 0.0957 5.2619 0.0000
vt 0.0000 5.2429 0.0000
vt 0.1768 5.3161 0.0000
vt 0.1925 5.4132 0.0000
vt 0.2310 5.3972 0.0000
vt 0.1473 5.3456 0.0000
vt -0.1473 5.6402 0.0000
vt -0.1768 5.6697 0.0000
vt -0.2310 5.5886 0.0000
vt -0.2500 5.4929 0.0000
vt -0.2083 5.4929 0.0000
vt -0.1925 5.5726 0.0000
vt -0.0957 5.7239 0.0000
vt -0.0797 5.6854 0.0000
vt -0.1925 5.4132 0.0000
vt -0.2310 5.3972 0.0000
vt -0.1473 5.3456 0.0000
vt -0.1768 5.3161 0.0000
vt -0.0797 5.3004 0.0000
vt -0.0957 5.2619 0.0000
vt 0.0818 0.8333 0.0000
vt 0.0409 0.8333 0.0000
vt 0.0818 0.7292 0.0000
vt 0.1227 0.8333 0.0000
vt 0.1227 0.7292 0.0000
vt 0.1636 0.7292 0.0000
vt 0.4909 0.8333 0.0000
vt 0.4500 0.8333 0.0000
vt 0.6147 0.7292 0.0000
vt 0.6545 0.7292 0.0000
vt 0.6545 0.8333 0.0000
vt 0.2045 0.7292 0.0000
vt 0.2045 0.8333 0.0000
vt 0.4091 0.8333 0.0000
vt 0.4500 0.7292 0.0000
vt 0.0000 0.8333 0.0000
vt 0.0398 0.7292 0.0000
vt 0.1636 0.8333 0.0000
vt 0.2863 0.8333 0.0000
vt 0.2454 0.8333 0.0000
vt 0.2863 0.7292 0.0000
vt 0.3272 0.7292 0.0000
vt 0.3272 0.8333 0.0000
vt 0.5318 0.8333 0.0000
vt 0.5318 0.7292 0.0000
vt 0.5727 0.7292 0.0000
vt 0.6136 0.8333 0.0000
vt 0.5727 0.8333 0.0000
vt 0.3682 0.8333 0.0000
vt 0.3682 0.7292 0.0000
vt 0.4091 0.7292 0.0000
vt -0.5727 0.8333 0.0000
vt -0.6136 0.8333 0.0000
vt -0.5727 0.7292 0.0000
vt -0.5318 0.8333 0.0000
vt -0.5318 0.7292 0.0000
vt -0.2863 0.8333 0.0000
vt -0.2863 0.7292 0.0000
vt -0.4500 0.7292 0.0000
vt -0.4091 0.7292 0.0000
vt -0.4500 0.8333 0.0000
vt -0.4091 0.8333 0.0000
vt -0.3682 0.7292 0.0000
vt -0.6545 0.8333 0.0000
vt -0.6147 0.7292 0.0000
vt -0.4909 0.8333 0.0000
vt -0.3682 0.8333 0.0000
vt -0.3272 0.8333 0.0000
vt -0.3272 0.7292 0.0000
vt -0.1636 0.7292 0.0000
vt -0.2045 0.8333 0.0000
vt -0.2045 0.7292 0.0000
vt -0.0398 0.8333 0.0000
vt -0.1227 0.8333 0.0000
vt -0.1227 0.7292 0.0000
vt -0.0818 0.7292 0.0000
vt -0.0818 0.8333 0.0000
vt -0.1636 0.8333 0.0000
vt -0.0409 0.7292 0.0000
vt -0.6545 0.7292 0.0000
vt -0.2454 0.8333 0.0000
vt 0.0000 5.6596 0.0000
vt 0.0723 5.6431 0.0000
vt 0.1303 5.5968 0.0000
vt 0.1625 5.5300 0.0000
vt 0.0723 5.3427 0.0000
vt 0.0000 5.3262 0.0000
vt 0.1625 5.4558 0.0000
vt 0.1303 5.3890 0.0000
vt -0.1303 5.5968 0.0000
vt -0.0723 5.6431 0.0000
vt -0.1625 5.5300 0.0000
vt -0.1625 5.4558 0.0000
vt -0.1303 5.3890 0.0000
vt -0.0723 5.3427 0.0000
vt 0.0748 0.9167 0.0000
vt 0.0374 0.9167 0.0000
vt 0.0748 0.8333 0.0000
vt 0.1122 0.9167 0.0000
vt 0.1122 0.8333 0.0000
vt 0.1496 0.8333 0.0000
vt 0.3740 0.9167 0.0000
vt 0.3740 0.8333 0.0000
vt 0.4114 0.9167 0.0000
vt 0.1870 0.8333 0.0000
vt 0.2244 0.8333 0.0000
vt 0.1870 0.9167 0.0000
vt 0.2244 0.9167 0.0000
vt 0.2618 0.8333 0.0000
vt 0.2618 0.9167 0.0000
vt 0.0000 0.9167 0.0000
vt 0.0356 0.8333 0.0000
vt 0.2992 0.9167 0.0000
vt 0.3366 0.8333 0.0000
vt 0.3366 0.9167 0.0000
vt 0.1496 0.9167 0.0000
vt 0.2992 0.8333 0.0000
vt 0.5236 0.8333 0.0000
vt 0.5236 0.9167 0.0000
vt 0.4880 0.9167 0.0000
vt 0.4488 0.9167 0.0000
vt 0.4114 0.8333 0.0000
vt 0.4488 0.8333 0.0000
vt 0.4862 0.8333 0.0000
vt -0.4488 0.9167 0.0000
vt -0.4862 0.9167 0.0000
vt -0.4488 0.8333 0.0000
vt -0.4114 0.9167 0.0000
vt -0.4114 0.8333 0.0000
vt -0.3740 0.8333 0.0000
vt -0.0748 0.9167 0.0000
vt -0.0374 0.8333 0.0000
vt -0.0356 0.9167 0.0000
vt -0.3366 0.8333 0.0000
vt -0.2992 0.8333 0.0000
vt -0.3366 0.9167 0.0000
vt -0.4880 0.8333 0.0000
vt -0.5236 0.9167 0.0000
vt -0.3740 0.9167 0.0000
vt -0.2618 0.9167 0.0000
vt -0.2618 0.8333 0.0000
vt -0.2244 0.8333 0.0000
vt -0.5236 0.8333 0.0000
vt -0.1496 0.8333 0.0000
vt -0.1870 0.9167 0.0000
vt -0.1870 0.8333 0.0000
vt -0.1496 0.9167 0.0000
vt -0.1122 0.8333 0.0000
vt -0.1122 0.9167 0.0000
vt -0.0748 0.8333 0.0000
vt -0.2244 0.9167 0.0000
vt -0.2992 0.9167 0.0000
vt 0.0000 5.4929 0.0000
vt -0.0000 5.4929 0.0000
vt -0.0000 5.7429 0.0000
vt -0.0000 5.2429 0.0000
# 234 texture coords

g _Revolve__2001_
usemtl plastic
s off
f 5301/7151/2413 5302/7152/2414 5303/7153/2413 
f 5304/7154/2415 5305/7155/2416 5306/7156/2417 
f 5307/7157/2418 5308/7158/2418 5309/7159/2419 
f 5310/7160/2420 5311/7161/2421 5312/7162/2421 
f 5313/7163/2422 5314/7164/2423 5315/7165/2423 
f 5316/7166/2424 5317/7167/2425 5318/7168/2424 
f 5319/7169/2426 5315/7165/2423 5314/7164/2423 
f 5302/7152/2414 5320/7170/2427 5321/7171/2428 
f 5309/7159/2419 5316/7166/2424 5322/7172/2419 
f 5308/7158/2418 5301/7151/2413 5303/7153/2413 
f 5311/7161/2421 5323/7173/2425 5312/7162/2421 
f 5323/7173/2425 5317/7167/2425 5312/7162/2421 
f 5324/7174/2420 5311/7161/2421 5310/7160/2420 
f 5317/7167/2425 5323/7173/2425 5318/7168/2424 
f 5322/7172/2419 5316/7166/2424 5318/7168/2424 
f 5306/7156/2417 5325/7175/2429 5326/7176/2429 
f 5314/7164/2423 5327/7177/2426 5319/7169/2426 
f 5320/7170/2427 5328/7178/2427 5321/7171/2428 
f 5327/7177/2426 5329/7179/2430 5319/7169/2426 
f 5303/7153/2413 5302/7152/2414 5321/7171/2428 
f 5301/7151/2413 5308/7158/2418 5307/7157/2418 
f 5305/7155/2416 5304/7154/2415 5330/7180/2416 
f 5309/7159/2419 5322/7172/2419 5307/7157/2418 
f 5331/7181/2431 5324/7174/2420 5332/7182/2431 
f 5333/7183/2430 5305/7155/2416 5330/7180/2416 
f 5314/7164/2423 5313/7163/2422 5334/7184/2422 
f 5333/7183/2430 5330/7180/2416 5329/7179/2430 
f 5334/7184/2422 5331/7181/2431 5332/7182/2431 
f 5306/7156/2417 5326/7176/2429 5304/7154/2415 
f 5329/7179/2430 5327/7177/2426 5333/7183/2430 
f 5334/7184/2422 5313/7163/2422 5331/7181/2431 
f 5324/7174/2420 5310/7160/2420 5332/7182/2431 
f 5335/7185/2432 5336/7186/2433 5337/7187/2432 
f 5338/7188/2434 5339/7189/2434 5340/7190/2435 
f 5341/7191/2436 5342/7192/2437 5343/7193/2437 
f 5344/7194/2438 5345/7195/2439 5346/7196/2438 
f 5347/7197/2439 5345/7195/2439 5348/7198/2440 
f 5336/7186/2433 5326/7199/2429 5349/7200/2441 
f 5340/7190/2435 5344/7194/2438 5350/7201/2435 
f 5339/7189/2434 5335/7185/2432 5337/7187/2432 
f 5351/7202/2440 5347/7197/2439 5348/7198/2440 
f 5350/7201/2435 5344/7194/2438 5346/7196/2438 
f 5352/7203/2442 5351/7202/2440 5353/7204/2442 
f 5345/7195/2439 5347/7197/2439 5346/7196/2438 
f 5352/7203/2442 5353/7204/2442 5343/7193/2437 
f 5353/7204/2442 5351/7202/2440 5348/7198/2440 
f 5354/7205/2443 5355/7206/2444 5356/7207/2444 
f 5328/7178/2427 5320/7170/2427 5357/7208/2445 
f 5358/7209/2446 5359/7210/2446 5360/7211/2447 
f 5360/7211/2447 5361/7212/2447 5358/7209/2446 
f 5362/7213/2443 5359/7210/2446 5358/7209/2446 
f 5363/7214/2448 5328/7178/2427 5357/7208/2445 
f 5340/7190/2435 5350/7201/2435 5338/7188/2434 
f 5343/7193/2437 5342/7192/2437 5352/7203/2442 
f 5326/7199/2429 5325/7215/2429 5349/7200/2441 
f 5359/7210/2446 5362/7213/2443 5354/7205/2443 
f 5363/7214/2448 5361/7212/2447 5360/7211/2447 
f 5337/7187/2432 5336/7186/2433 5349/7200/2441 
f 5364/7216/2436 5341/7191/2436 5356/7207/2444 
f 5335/7185/2432 5339/7189/2434 5338/7188/2434 
f 5364/7216/2436 5356/7207/2444 5355/7206/2444 
f 5341/7191/2436 5364/7216/2436 5342/7192/2437 
f 5361/7212/2447 5363/7214/2448 5357/7208/2445 
f 5354/7205/2443 5362/7213/2443 5355/7206/2444 
f 5330/7217/2449 5326/7218/2449 5365/7219/2449 
f 5365/7219/2449 5366/7220/2449 5330/7217/2449 
f 5330/7217/2449 5366/7220/2449 5319/7221/2449 
f 5319/7221/2449 5367/7222/2449 5313/7223/2449 
f 5367/7222/2449 5319/7221/2449 5366/7220/2449 
f 5324/7224/2449 5313/7223/2449 5368/7225/2449 
f 5368/7225/2449 5313/7223/2449 5367/7222/2449 
f 5324/7224/2449 5368/7225/2449 5369/7226/2449 
f 5370/7227/2449 5371/7228/2449 5301/7229/2449 
f 5320/7230/2449 5301/7229/2449 5371/7228/2449 
f 5370/7227/2449 5301/7229/2449 5322/7231/2449 
f 5324/7224/2449 5372/7232/2449 5323/7233/2449 
f 5324/7224/2449 5369/7226/2449 5372/7232/2449 
f 5323/7233/2449 5373/7234/2449 5322/7231/2449 
f 5373/7234/2449 5323/7233/2449 5372/7232/2449 
f 5322/7231/2449 5373/7234/2449 5370/7227/2449 
f 5374/7235/2449 5350/7236/2449 5347/7237/2449 
f 5352/7238/2449 5375/7239/2449 5376/7240/2449 
f 5376/7240/2449 5347/7237/2449 5352/7238/2449 
f 5374/7235/2449 5347/7237/2449 5376/7240/2449 
f 5326/7218/2449 5335/7241/2449 5365/7219/2449 
f 5377/7242/2449 5365/7219/2449 5335/7241/2449 
f 5377/7242/2449 5335/7241/2449 5350/7236/2449 
f 5350/7236/2449 5374/7235/2449 5377/7242/2449 
f 5378/7243/2449 5352/7238/2449 5364/7244/2449 
f 5378/7243/2449 5364/7244/2449 5379/7245/2449 
f 5379/7245/2449 5364/7244/2449 5362/7246/2449 
f 5379/7245/2449 5362/7246/2449 5380/7247/2449 
f 5371/7228/2449 5361/7248/2449 5320/7230/2449 
f 5361/7248/2449 5371/7228/2449 5380/7247/2449 
f 5362/7246/2449 5361/7248/2449 5380/7247/2449 
f 5378/7243/2449 5375/7239/2449 5352/7238/2449 
f 5381/7249/2413 5382/7250/2414 5370/7251/2413 
f 5383/7252/2418 5384/7253/2418 5373/7254/2419 
f 5367/7163/2426 5385/7255/2426 5386/7256/2423 
f 5387/7257/2450 5365/7258/2429 5388/7259/2429 
f 5389/7260/2424 5372/7168/2425 5390/7261/2424 
f 5391/7262/2422 5392/7263/2423 5386/7256/2423 
f 5382/7250/2414 5393/7264/2427 5394/7265/2451 
f 5373/7254/2419 5389/7260/2424 5395/7266/2419 
f 5384/7253/2418 5381/7249/2413 5370/7251/2413 
f 5396/7267/2421 5397/7268/2425 5398/7269/2421 
f 5369/7270/2420 5396/7267/2421 5398/7269/2421 
f 5399/7271/2420 5396/7267/2421 5369/7270/2420 
f 5395/7266/2419 5389/7260/2424 5390/7261/2424 
f 5397/7268/2425 5372/7168/2425 5398/7269/2421 
f 5400/7272/2430 5367/7163/2426 5401/7273/2430 
f 5386/7256/2423 5392/7263/2423 5367/7163/2426 
f 5393/7264/2427 5371/7170/2427 5394/7265/2451 
f 5366/7274/2416 5402/7275/2415 5403/7276/2416 
f 5373/7254/2419 5395/7266/2419 5383/7252/2418 
f 5372/7168/2425 5397/7268/2425 5390/7261/2424 
f 5367/7163/2426 5400/7272/2430 5385/7255/2426 
f 5370/7251/2413 5382/7250/2414 5394/7265/2451 
f 5404/7277/2431 5399/7271/2420 5405/7278/2431 
f 5402/7275/2415 5366/7274/2416 5387/7257/2450 
f 5392/7263/2423 5391/7262/2422 5368/7279/2422 
f 5401/7273/2430 5403/7276/2416 5400/7272/2430 
f 5399/7271/2420 5369/7270/2420 5405/7278/2431 
f 5387/7257/2450 5388/7259/2429 5402/7275/2415 
f 5381/7249/2413 5384/7253/2418 5383/7252/2418 
f 5368/7279/2422 5404/7277/2431 5405/7278/2431 
f 5368/7279/2422 5391/7262/2422 5404/7277/2431 
f 5401/7273/2430 5366/7274/2416 5403/7276/2416 
f 5406/7280/2432 5407/7281/2433 5377/7282/2432 
f 5408/7283/2434 5409/7284/2434 5374/7197/2435 
f 5378/7206/2436 5410/7285/2437 5411/7286/2437 
f 5412/7287/2438 5376/7288/2439 5413/7289/2438 
f 5414/7290/2439 5376/7288/2439 5415/7291/2440 
f 5407/7281/2433 5388/7292/2429 5416/7293/2452 
f 5374/7197/2435 5412/7287/2438 5417/7294/2435 
f 5409/7284/2434 5406/7280/2432 5377/7282/2432 
f 5418/7295/2440 5414/7290/2439 5415/7291/2440 
f 5417/7294/2435 5412/7287/2438 5413/7289/2438 
f 5419/7296/2442 5418/7295/2440 5375/7297/2442 
f 5376/7288/2439 5414/7290/2439 5413/7289/2438 
f 5419/7296/2442 5375/7297/2442 5411/7286/2437 
f 5375/7297/2442 5418/7295/2440 5415/7291/2440 
f 5379/7298/2443 5420/7299/2444 5421/7300/2444 
f 5371/7170/2427 5393/7264/2427 5422/7301/2453 
f 5423/7302/2446 5424/7303/2446 5380/7304/2447 
f 5380/7304/2447 5425/7305/2447 5423/7302/2446 
f 5426/7306/2443 5424/7303/2446 5423/7302/2446 
f 5427/7307/2448 5371/7170/2427 5422/7301/2453 
f 5374/7197/2435 5417/7294/2435 5408/7283/2434 
f 5411/7286/2437 5410/7285/2437 5419/7296/2442 
f 5388/7292/2429 5365/7308/2429 5416/7293/2452 
f 5424/7303/2446 5426/7306/2443 5379/7298/2443 
f 5427/7307/2448 5425/7305/2447 5380/7304/2447 
f 5377/7282/2432 5407/7281/2433 5416/7293/2452 
f 5428/7309/2436 5378/7206/2436 5421/7300/2444 
f 5406/7280/2432 5409/7284/2434 5408/7283/2434 
f 5428/7309/2436 5421/7300/2444 5420/7299/2444 
f 5378/7206/2436 5428/7309/2436 5410/7285/2437 
f 5425/7305/2447 5427/7307/2448 5422/7301/2453 
f 5379/7298/2443 5426/7306/2443 5420/7299/2444 
f 5403/7220/2449 5388/7219/2449 5429/7310/2449 
f 5429/7310/2449 5430/7311/2449 5403/7220/2449 
f 5403/7220/2449 5430/7311/2449 5385/7222/2449 
f 5385/7222/2449 5431/7312/2449 5391/7225/2449 
f 5431/7312/2449 5385/7222/2449 5430/7311/2449 
f 5391/7225/2449 5432/7313/2449 5399/7226/2449 
f 5432/7313/2449 5391/7225/2449 5431/7312/2449 
f 5433/7314/2449 5434/7315/2449 5381/7227/2449 
f 5393/7228/2449 5381/7227/2449 5434/7315/2449 
f 5433/7314/2449 5381/7227/2449 5395/7234/2449 
f 5399/7226/2449 5435/7316/2449 5397/7232/2449 
f 5399/7226/2449 5432/7313/2449 5435/7316/2449 
f 5397/7232/2449 5436/7317/2449 5395/7234/2449 
f 5436/7317/2449 5397/7232/2449 5435/7316/2449 
f 5395/7234/2449 5436/7317/2449 5433/7314/2449 
f 5417/7235/2449 5437/7318/2449 5438/7319/2449 
f 5437/7318/2449 5417/7235/2449 5414/7240/2449 
f 5414/7240/2449 5439/7320/2449 5437/7318/2449 
f 5439/7320/2449 5414/7240/2449 5419/7239/2449 
f 5388/7219/2449 5406/7242/2449 5429/7310/2449 
f 5438/7319/2449 5429/7310/2449 5406/7242/2449 
f 5406/7242/2449 5417/7235/2449 5438/7319/2449 
f 5440/7321/2449 5419/7239/2449 5428/7243/2449 
f 5440/7321/2449 5428/7243/2449 5441/7322/2449 
f 5441/7322/2449 5428/7243/2449 5426/7245/2449 
f 5441/7322/2449 5426/7245/2449 5442/7323/2449 
f 5434/7315/2449 5425/7247/2449 5393/7228/2449 
f 5425/7247/2449 5434/7315/2449 5442/7323/2449 
f 5426/7245/2449 5425/7247/2449 5442/7323/2449 
f 5440/7321/2449 5439/7320/2449 5419/7239/2449 
f 5443/7324/2454 5444/7325/2455 5433/7326/2454 
f 5445/7327/2456 5446/7328/2456 5436/7329/2457 
f 5447/7330/2458 5431/7331/2458 5448/7332/2459 
f 5449/7333/2460 5435/7334/2461 5450/7335/2460 
f 5451/7336/2461 5452/7337/2420 5453/7338/2420 
f 5444/7325/2455 5454/7339/2427 5455/7340/2462 
f 5456/7341/2463 5457/7342/2464 5458/7343/2464 
f 5446/7328/2456 5443/7324/2454 5433/7326/2454 
f 5449/7333/2460 5459/7344/2457 5436/7329/2457 
f 5431/7331/2458 5447/7330/2458 5458/7343/2464 
f 5453/7338/2420 5452/7337/2420 5432/7345/2463 
f 5432/7345/2463 5456/7341/2463 5453/7338/2420 
f 5431/7331/2458 5458/7343/2464 5457/7342/2464 
f 5443/7324/2454 5446/7328/2456 5445/7327/2456 
f 5429/7346/2429 5460/7347/2429 5461/7348/2465 
f 5433/7326/2454 5444/7325/2455 5455/7340/2462 
f 5459/7344/2457 5449/7333/2460 5450/7335/2460 
f 5462/7349/2466 5463/7350/2459 5430/7351/2466 
f 5436/7329/2457 5459/7344/2457 5445/7327/2456 
f 5456/7341/2463 5432/7345/2463 5457/7342/2464 
f 5454/7339/2427 5434/7264/2427 5455/7340/2462 
f 5429/7346/2429 5461/7348/2465 5464/7352/2467 
f 5463/7350/2459 5462/7349/2466 5448/7332/2459 
f 5435/7334/2461 5451/7336/2461 5450/7335/2460 
f 5430/7351/2466 5464/7352/2467 5462/7349/2466 
f 5435/7334/2461 5452/7337/2420 5451/7336/2461 
f 5448/7332/2459 5431/7331/2458 5463/7350/2459 
f 5462/7349/2466 5464/7352/2467 5461/7348/2465 
f 5465/7353/2468 5466/7354/2469 5438/7355/2468 
f 5467/7356/2470 5468/7357/2470 5437/7358/2471 
f 5469/7359/2472 5470/7360/2473 5471/7361/2474 
f 5472/7362/2475 5439/7363/2476 5473/7364/2475 
f 5438/7355/2468 5466/7354/2469 5474/7365/2477 
f 5466/7354/2469 5460/7366/2429 5474/7365/2477 
f 5465/7353/2468 5468/7357/2470 5467/7356/2470 
f 5468/7357/2470 5465/7353/2468 5438/7355/2468 
f 5472/7362/2475 5475/7367/2471 5437/7358/2471 
f 5437/7358/2471 5475/7367/2471 5467/7356/2470 
f 5476/7368/2442 5477/7369/2442 5440/7370/2478 
f 5460/7366/2429 5429/7371/2429 5474/7365/2477 
f 5441/7372/2479 5478/7373/2480 5479/7374/2480 
f 5480/7375/2479 5481/7376/2481 5482/7377/2481 
f 5482/7377/2481 5481/7376/2481 5442/7378/2472 
f 5483/7379/2478 5479/7374/2480 5478/7373/2480 
f 5442/7378/2472 5469/7359/2472 5482/7377/2481 
f 5470/7360/2473 5434/7264/2427 5471/7361/2474 
f 5475/7367/2471 5472/7362/2475 5473/7364/2475 
f 5483/7379/2478 5440/7370/2478 5479/7374/2480 
f 5484/7380/2476 5477/7369/2442 5476/7368/2442 
f 5481/7376/2481 5480/7375/2479 5441/7372/2479 
f 5470/7360/2473 5469/7359/2472 5442/7378/2472 
f 5440/7370/2478 5483/7379/2478 5476/7368/2442 
f 5441/7372/2479 5480/7375/2479 5478/7373/2480 
f 5439/7363/2476 5477/7369/2442 5484/7380/2476 
f 5434/7264/2427 5454/7339/2427 5471/7361/2474 
f 5439/7363/2476 5484/7380/2476 5473/7364/2475 
f 5485/7381/2449 5447/7312/2449 5462/7311/2449 
f 5485/7381/2449 5456/7313/2449 5447/7312/2449 
f 5462/7311/2449 5460/7310/2449 5485/7381/2449 
f 5485/7381/2449 5454/7315/2449 5443/7314/2449 
f 5485/7381/2449 5459/7317/2449 5451/7316/2449 
f 5459/7317/2449 5485/7381/2449 5443/7314/2449 
f 5485/7381/2449 5451/7316/2449 5456/7313/2449 
f 5465/7319/2449 5475/7318/2449 5485/7381/2449 
f 5485/7381/2449 5460/7310/2449 5465/7319/2449 
f 5485/7381/2449 5475/7318/2449 5484/7320/2449 
f 5483/7321/2449 5480/7322/2449 5485/7381/2449 
f 5485/7381/2449 5469/7323/2449 5454/7315/2449 
f 5469/7323/2449 5485/7381/2449 5480/7322/2449 
f 5483/7321/2449 5485/7381/2449 5484/7320/2449 
f 5305/7241/2482 5486/7382/2482 5325/7383/2482 
f 5305/7241/2482 5327/7236/2482 5486/7382/2482 
f 5334/7237/2482 5486/7382/2482 5327/7236/2482 
f 5334/7237/2482 5310/7238/2482 5486/7382/2482 
f 5303/7248/2482 5486/7382/2482 5309/7246/2482 
f 5486/7382/2482 5310/7238/2482 5317/7244/2482 
f 5317/7244/2482 5309/7246/2482 5486/7382/2482 
f 5303/7248/2482 5328/7384/2482 5486/7382/2482 
f 5340/7221/2482 5486/7382/2482 5345/7223/2482 
f 5340/7221/2482 5337/7217/2482 5486/7382/2482 
f 5486/7382/2482 5337/7217/2482 5325/7383/2482 
f 5486/7382/2482 5353/7224/2482 5345/7223/2482 
f 5486/7382/2482 5354/7231/2482 5341/7233/2482 
f 5328/7384/2482 5360/7229/2482 5486/7382/2482 
f 5354/7231/2482 5486/7382/2482 5360/7229/2482 
f 5353/7224/2482 5486/7382/2482 5341/7233/2482 
# 276 faces

#
# object _Extrusion__2013_
#

v  -17.5602 86.7491 35.9851
v  -17.0509 88.8937 36.6001
v  -18.1254 86.7491 35.9851
v  -17.0509 86.9848 36.0527
v  -18.6346 86.9848 36.0527
v  -18.9870 87.4096 36.1745
v  -18.6346 88.8937 36.6001
v  -18.9870 88.4689 36.4783
v  -19.1128 87.9393 36.3264
v  -16.5728 87.9393 36.3264
v  -16.6986 87.4096 36.1745
v  -16.6986 88.4689 36.4783
v  -17.5602 89.1294 36.6677
v  -18.1254 89.1294 36.6677
v  -18.6346 93.7945 19.5089
v  -17.5602 94.0303 19.5764
v  -17.0509 93.7945 19.5089
v  -17.0509 91.8856 18.9615
v  -18.1254 94.0303 19.5764
v  -18.9870 92.3104 19.0833
v  -19.1128 92.8401 19.2352
v  -18.9870 93.3698 19.3871
v  -16.6986 93.3698 19.3871
v  -16.5728 92.8401 19.2352
v  -16.6986 92.3104 19.0833
v  -18.6346 91.8856 18.9615
v  -18.1254 91.6499 18.8939
v  -17.5602 91.6499 18.8939
v  -18.8110 89.2783 28.6748
v  -17.8428 89.1689 27.4307
v  -19.1128 91.3691 24.3650
v  -16.5728 91.3691 24.3650
v  -16.8746 89.2783 28.6748
v  -16.8746 90.8584 29.1279
v  -17.8428 91.6105 28.1309
v  -18.8110 90.8584 29.1279
# 36 vertices

vn 0.0000 -0.2756 0.9613
vn -0.0000 0.2756 -0.9613
vn -0.7623 -0.6221 -0.1784
vn -0.9010 -0.4171 -0.1196
vn -0.6235 -0.7515 -0.2155
vn -0.2225 -0.9372 -0.2687
vn -0.0000 -0.9613 -0.2756
vn -1.0000 0.0000 0.0000
vn 0.2225 -0.9372 -0.2687
vn 0.6235 -0.7515 -0.2155
vn 0.9010 -0.4171 -0.1196
vn 1.0000 -0.0000 -0.0000
vn 0.7623 -0.6221 -0.1784
vn 0.7623 0.6221 0.1784
vn 0.9010 0.4171 0.1196
vn 0.6235 0.7515 0.2155
vn 0.2225 0.9372 0.2687
vn -0.0000 0.9613 0.2756
vn -0.6235 0.7515 0.2155
vn -0.2225 0.9372 0.2687
vn -0.7623 0.6221 0.1784
vn -0.9010 0.4171 0.1196
# 22 vertex normals

vt 0.1418 0.8966 0.0000
vt 0.1585 0.9698 0.0000
vt 0.1232 0.8966 0.0000
vt 0.1585 0.9047 0.0000
vt 0.1065 0.9047 0.0000
vt 0.0950 0.9192 0.0000
vt 0.1065 0.9698 0.0000
vt 0.0950 0.9553 0.0000
vt 0.0908 0.9372 0.0000
vt 0.1742 0.9372 0.0000
vt 0.1700 0.9192 0.0000
vt 0.1700 0.9553 0.0000
vt 0.1418 0.9779 0.0000
vt 0.1232 0.9779 0.0000
vt -0.1065 0.9698 0.0000
vt -0.1418 0.9779 0.0000
vt -0.1585 0.9698 0.0000
vt -0.1585 0.9047 0.0000
vt -0.1232 0.9779 0.0000
vt -0.0950 0.9192 0.0000
vt -0.0908 0.9372 0.0000
vt -0.0950 0.9553 0.0000
vt -0.1700 0.9553 0.0000
vt -0.1742 0.9372 0.0000
vt -0.1700 0.9192 0.0000
vt -0.1065 0.9047 0.0000
vt -0.1232 0.8966 0.0000
vt -0.1418 0.8966 0.0000
vt -0.0752 -1.4969 0.0000
vt -0.0300 -1.1700 0.0000
vt -0.0486 -1.1680 0.0000
vt -0.0672 -1.1660 0.0000
vt -0.1071 -1.4551 0.0000
vt -0.1284 -1.7462 0.0000
vt -0.0114 -1.1719 0.0000
vt -0.0298 -1.3460 0.0000
vt -0.0858 -1.1641 0.0000
vt -0.1044 -1.1621 0.0000
vt -0.0912 -1.7501 0.0000
vt -0.0726 -1.7520 0.0000
vt -0.1098 -1.7481 0.0000
vt -0.1230 -1.1602 0.0000
vt -0.1599 -1.3323 0.0000
vt -0.1470 -1.4894 0.0000
vt -0.1416 -1.1582 0.0000
vt -0.2027 -1.7383 0.0000
vt -0.1841 -1.7403 0.0000
vt -0.1470 -1.7442 0.0000
vt -0.1656 -1.7422 0.0000
vt -0.2053 -1.4832 0.0000
vt -0.1602 -1.1562 0.0000
vt -0.1788 -1.1543 0.0000
vt -0.2585 -1.7324 0.0000
vt -0.2373 -1.4414 0.0000
vt -0.2346 -1.1484 0.0000
vt -0.2160 -1.1504 0.0000
vt -0.2772 -1.4757 0.0000
vt -0.3329 -1.7246 0.0000
vt -0.3143 -1.7266 0.0000
vt -0.1974 -1.1523 0.0000
vt -0.2771 -1.7305 0.0000
vt -0.2957 -1.7285 0.0000
vt -0.2213 -1.7364 0.0000
vt -0.2532 -1.1464 0.0000
vt -0.2901 -1.3186 0.0000
vt -0.2399 -1.7344 0.0000
vt -0.2718 -1.1445 0.0000
# 67 texture coords

g _Extrusion__2013_
usemtl metal
s off
f 5487/7385/2483 5488/7386/2483 5489/7387/2483 
f 5490/7388/2483 5488/7386/2483 5487/7385/2483 
f 5491/7389/2483 5489/7387/2483 5492/7390/2483 
f 5493/7391/2483 5492/7390/2483 5489/7387/2483 
f 5492/7390/2483 5494/7392/2483 5495/7393/2483 
f 5496/7394/2483 5490/7388/2483 5497/7395/2483 
f 5496/7394/2483 5498/7396/2483 5488/7386/2483 
f 5488/7386/2483 5493/7391/2483 5489/7387/2483 
f 5492/7390/2483 5493/7391/2483 5494/7392/2483 
f 5499/7397/2483 5500/7398/2483 5493/7391/2483 
f 5488/7386/2483 5499/7397/2483 5493/7391/2483 
f 5490/7388/2483 5496/7394/2483 5488/7386/2483 
f 5501/7399/2484 5502/7400/2484 5503/7401/2484 
f 5503/7401/2484 5504/7402/2484 5501/7399/2484 
f 5505/7403/2484 5502/7400/2484 5501/7399/2484 
f 5506/7404/2484 5507/7405/2484 5508/7406/2484 
f 5508/7406/2484 5501/7399/2484 5506/7404/2484 
f 5503/7401/2484 5509/7407/2484 5510/7408/2484 
f 5510/7408/2484 5511/7409/2484 5504/7402/2484 
f 5504/7402/2484 5506/7404/2484 5501/7399/2484 
f 5512/7410/2484 5506/7404/2484 5513/7411/2484 
f 5513/7411/2484 5506/7404/2484 5504/7402/2484 
f 5504/7402/2484 5514/7412/2484 5513/7411/2484 
f 5504/7402/2484 5503/7401/2484 5510/7408/2484 
f 5515/7413/2485 5506/7414/2486 5512/7415/2487 
f 5513/7416/2488 5516/7417/2489 5512/7415/2487 
f 5516/7417/2489 5489/7418/2488 5515/7413/2485 
f 5515/7413/2485 5512/7415/2487 5516/7417/2489 
f 5507/7419/2490 5506/7414/2486 5517/7420/2490 
f 5516/7417/2489 5514/7421/2491 5504/7422/2492 
f 5515/7413/2485 5492/7423/2486 5495/7424/2490 
f 5495/7424/2490 5517/7420/2490 5515/7413/2485 
f 5515/7413/2485 5489/7418/2488 5491/7425/2487 
f 5513/7416/2488 5514/7421/2491 5516/7417/2489 
f 5511/7426/2493 5518/7427/2494 5519/7428/2495 
f 5492/7423/2486 5515/7413/2485 5491/7425/2487 
f 5510/7429/2494 5518/7427/2494 5511/7426/2493 
f 5519/7428/2495 5496/7430/2494 5497/7431/2493 
f 5519/7428/2495 5487/7432/2491 5516/7417/2489 
f 5504/7422/2492 5519/7428/2495 5516/7417/2489 
f 5490/7433/2492 5519/7428/2495 5497/7431/2493 
f 5511/7426/2493 5519/7428/2495 5504/7422/2492 
f 5487/7432/2491 5519/7428/2495 5490/7433/2492 
f 5519/7428/2495 5518/7427/2494 5496/7430/2494 
f 5487/7432/2491 5489/7418/2488 5516/7417/2489 
f 5515/7413/2485 5517/7420/2490 5506/7414/2486 
f 5520/7434/2496 5509/7435/2497 5503/7436/2498 
f 5520/7434/2496 5518/7427/2494 5509/7435/2497 
f 5499/7437/2499 5520/7434/2496 5521/7438/2500 
f 5501/7439/2501 5521/7438/2500 5505/7440/2502 
f 5522/7441/2503 5495/7442/2490 5494/7443/2504 
f 5502/7444/2499 5521/7438/2500 5503/7436/2498 
f 5500/7445/2502 5522/7441/2503 5493/7446/2501 
f 5510/7429/2494 5509/7435/2497 5518/7427/2494 
f 5520/7434/2496 5503/7436/2498 5521/7438/2500 
f 5496/7430/2494 5520/7434/2496 5498/7447/2497 
f 5496/7430/2494 5518/7427/2494 5520/7434/2496 
f 5500/7445/2502 5499/7437/2499 5521/7438/2500 
f 5505/7440/2502 5521/7438/2500 5502/7444/2499 
f 5508/7448/2504 5517/7449/2490 5522/7441/2503 
f 5522/7441/2503 5517/7449/2490 5495/7442/2490 
f 5498/7447/2497 5520/7434/2496 5488/7450/2498 
f 5507/7451/2490 5517/7449/2490 5508/7448/2504 
f 5521/7438/2500 5522/7441/2503 5500/7445/2502 
f 5493/7446/2501 5522/7441/2503 5494/7443/2504 
f 5508/7448/2504 5522/7441/2503 5501/7439/2501 
f 5501/7439/2501 5522/7441/2503 5521/7438/2500 
f 5520/7434/2496 5499/7437/2499 5488/7450/2498 
# 68 faces

#
# object _Revolve__2017_
#

v  -17.9265 95.5693 38.5143
v  -17.9265 88.2445 36.4139
v  -20.8425 95.0117 38.3544
v  -23.3146 93.4239 37.8991
v  -24.9664 91.0475 37.2177
v  -25.5465 88.2445 36.4139
v  -23.3146 83.0650 34.9287
v  -20.8425 81.4772 34.4734
v  -24.9664 85.4414 35.6102
v  -17.9265 80.9196 34.3136
v  -10.8865 91.0475 37.2177
v  -12.5383 93.4239 37.8991
v  -15.0104 95.0117 38.3544
v  -10.3065 88.2445 36.4139
v  -10.8865 85.4414 35.6102
v  -12.5383 83.0650 34.9287
v  -15.0104 81.4772 34.4734
v  -20.1306 90.0186 46.8315
v  -21.8982 88.6636 46.4430
v  -17.9265 85.6190 45.5699
v  -22.8791 86.7056 45.8815
v  -17.9265 90.5022 46.9702
v  -20.1306 81.2194 44.3084
v  -17.9265 80.7358 44.1697
v  -22.8791 84.5324 45.2584
v  -21.8982 82.5744 44.6969
v  -13.9548 88.6636 46.4430
v  -15.7224 90.0186 46.8315
v  -12.9738 86.7056 45.8815
v  -13.9548 82.5744 44.6969
v  -12.9738 84.5324 45.2584
v  -15.7224 81.2194 44.3084
v  -20.1306 81.9195 41.8668
v  -19.0285 80.9776 44.2390
v  -21.0144 82.5970 42.0610
v  -20.1306 90.7188 44.3899
v  -21.0144 90.0413 44.1956
v  -21.8982 89.3638 44.0014
v  -21.0144 89.3411 46.6372
v  -22.3886 84.2535 42.5360
v  -21.8982 83.2745 42.2553
v  -22.8791 85.6190 45.5699
v  -22.8791 87.4057 43.4399
v  -22.8791 86.3191 43.1283
v  -18.9763 81.6663 41.7941
v  -22.3886 88.3848 43.7206
v  -22.3886 87.6846 46.1622
v  -21.0144 81.8969 44.5026
v  -22.3886 83.5534 44.9776
v  -22.8791 85.2325 42.8167
v  -19.0285 90.9605 44.4592
v  -17.9265 81.4359 41.7281
v  -18.9763 90.2719 46.9041
v  -17.9265 91.2023 44.5286
v  -15.7224 90.7188 44.3899
v  -16.8244 90.2604 46.9008
v  -14.8386 90.0413 44.1956
v  -16.8244 81.6777 41.7974
v  -16.8767 80.9661 44.2357
v  -13.4643 88.3848 43.7206
v  -13.9548 89.3638 44.0014
v  -16.8767 90.9720 44.4625
v  -14.8386 89.3411 46.6372
v  -13.4643 87.6846 46.1622
v  -12.9738 87.4057 43.4399
v  -12.9738 85.2325 42.8167
v  -12.9738 85.6190 45.5699
v  -13.4643 84.2535 42.5360
v  -14.8386 82.5970 42.0610
v  -14.8386 81.8969 44.5026
v  -13.9548 83.2745 42.2553
v  -13.4643 83.5534 44.9776
v  -15.7224 81.9195 41.8668
v  -12.9738 86.3191 43.1283
v  -17.9265 92.4231 44.8786
v  -20.3565 91.9585 44.7454
v  -22.4166 90.6353 44.3660
v  -23.7931 88.6550 43.7981
v  -24.2765 86.3191 43.1283
v  -20.3565 80.6798 41.5113
v  -17.9265 80.2151 41.3780
v  -22.4166 82.0029 41.8907
v  -23.7931 83.9832 42.4585
v  -13.4363 90.6353 44.3660
v  -12.0598 88.6550 43.7981
v  -11.5765 86.3191 43.1283
v  -15.4964 91.9585 44.7454
v  -12.0598 83.9832 42.4585
v  -13.4363 82.0029 41.8907
v  -15.4964 80.6798 41.5113
v  -20.3565 81.5549 38.4593
v  -19.1415 80.4474 41.4447
v  -23.1049 90.5203 41.0301
v  -23.1049 89.6452 44.0821
v  -23.1049 83.8682 39.1226
v  -22.4166 82.8781 38.8387
v  -24.0348 85.1512 42.7934
v  -24.2765 87.1943 40.0763
v  -24.0348 86.0263 39.7414
v  -22.4166 91.5105 41.3140
v  -21.3866 91.2969 44.5557
v  -21.3866 92.1721 41.5037
v  -21.3866 82.2165 38.6490
v  -17.9265 93.2983 41.8266
v  -19.1096 93.0721 41.7617
v  -19.1096 81.3165 38.3909
v  -23.1049 82.9931 42.1746
v  -23.7931 84.8584 39.4065
v  -21.3866 81.3413 41.7010
v  -23.7931 89.5302 40.7461
v  -20.3565 92.8336 41.6934
v  -24.0348 88.3622 40.4112
v  -19.1415 92.1908 44.8120
v  -24.0348 87.4871 43.4632
v  -17.9265 81.0903 38.3260
v  -15.4964 92.8336 41.6934
v  -16.7115 92.1908 44.8120
v  -14.4664 91.2969 44.5557
v  -13.4363 91.5105 41.3140
v  -12.7481 90.5203 41.0301
v  -14.4664 92.1721 41.5037
v  -11.8181 87.4871 43.4632
v  -11.5765 87.1943 40.0763
v  -11.8181 88.3622 40.4112
v  -12.0598 89.5302 40.7461
v  -16.7434 93.0721 41.7617
v  -12.7481 89.6452 44.0821
v  -16.7115 81.3226 38.3926
v  -16.7434 80.4413 41.4429
v  -12.7481 82.9931 42.1746
v  -13.4363 82.8781 38.8387
v  -12.7481 83.8682 39.1226
v  -12.0598 84.8584 39.4065
v  -15.4964 81.5549 38.4593
v  -14.4664 82.2165 38.6490
v  -11.8181 85.1512 42.7934
v  -11.8181 86.0263 39.7414
v  -14.4664 81.3413 41.7010
v  -17.9265 94.5191 42.1767
v  -20.8425 93.9615 42.0168
v  -23.3146 92.3737 41.5615
v  -24.9664 89.9974 40.8801
v  -25.5465 87.1943 40.0763
v  -20.8425 80.4270 38.1358
v  -17.9265 79.8695 37.9760
v  -23.3146 82.0149 38.5911
v  -24.9664 84.3912 39.2726
v  -10.8865 89.9974 40.8801
v  -12.5383 92.3737 41.5615
v  -10.3065 87.1943 40.0763
v  -15.0104 93.9615 42.0168
v  -10.8865 84.3912 39.2726
v  -12.5383 82.0149 38.5911
v  -15.0104 80.4270 38.1358
v  -19.3845 80.1483 38.0559
v  -25.2564 86.8429 36.0120
v  -24.1405 84.2532 35.2694
v  -22.0786 81.2209 38.3635
v  -25.2564 88.5958 40.4782
v  -22.0786 82.2711 34.7011
v  -24.1405 92.2357 37.5584
v  -24.1405 91.1855 41.2208
v  -19.2225 81.1674 34.3846
v  -24.1405 83.2030 38.9319
v  -25.2564 85.7927 39.6744
v  -25.2564 89.6460 36.8158
v  -22.0786 94.2178 38.1267
v  -22.0786 93.1676 41.7892
v  -19.3845 95.2905 38.4343
v  -19.3845 94.2403 42.0967
v  -16.4684 94.2403 42.0967
v  -13.7744 93.1676 41.7892
v  -11.7124 92.2357 37.5584
v  -13.7744 94.2178 38.1267
v  -10.5965 88.5958 40.4782
v  -10.5965 89.6460 36.8158
v  -16.6304 95.3215 38.4432
v  -11.7124 91.1855 41.2208
v  -16.4684 81.1984 34.3935
v  -16.6304 80.1173 38.0470
v  -11.7124 83.2030 38.9319
v  -11.7124 84.2532 35.2694
v  -13.7744 82.2711 34.7011
v  -10.5965 85.7927 39.6744
v  -10.5965 86.8429 36.0120
v  -13.7744 81.2209 38.3635
# 186 vertices

vn 0.0000 0.2756 -0.9613
vn -0.0000 -0.2756 0.9613
vn -0.4339 -0.8661 -0.2483
vn -0.2225 -0.9372 -0.2687
vn -0.6235 -0.7515 -0.2155
vn -0.4339 0.8661 0.2483
vn -0.6235 0.7515 0.2155
vn -0.7818 0.5993 0.1719
vn -0.7818 -0.5993 -0.1719
vn -0.9010 -0.4171 -0.1196
vn -1.0000 -0.0000 -0.0000
vn -0.9749 0.2139 0.0613
vn -0.2121 -0.9394 -0.2694
vn -0.0000 -0.9613 -0.2756
vn -0.9010 0.4171 0.1196
vn -0.9749 -0.2139 -0.0613
vn -0.2225 0.9372 0.2687
vn -0.2121 0.9394 0.2694
vn -0.0000 0.9613 0.2756
vn 0.4339 0.8661 0.2483
vn 0.2225 0.9372 0.2687
vn 0.6235 0.7515 0.2155
vn 0.2225 -0.9372 -0.2687
vn 0.4339 -0.8661 -0.2483
vn 0.2121 -0.9394 -0.2694
vn 0.7818 0.5993 0.1719
vn 0.9010 0.4171 0.1196
vn 0.2121 0.9394 0.2694
vn 0.9749 0.2139 0.0613
vn 0.9749 -0.2139 -0.0613
vn 1.0000 0.0000 0.0000
vn 0.9010 -0.4171 -0.1196
vn 0.6235 -0.7515 -0.2155
vn 0.7818 -0.5993 -0.1719
vn -0.3827 -0.8881 -0.2547
vn -0.1951 -0.9428 -0.2703
vn -0.8315 0.5340 0.1531
vn -0.9239 0.3679 0.1055
vn -0.7071 -0.6797 -0.1949
vn -0.8315 -0.5340 -0.1531
vn -0.9808 -0.1875 -0.0538
vn -0.7071 0.6797 0.1949
vn -0.5556 0.7993 0.2292
vn -0.5556 -0.7993 -0.2292
vn -0.1900 0.9437 0.2706
vn -0.1900 -0.9437 -0.2706
vn -0.9239 -0.3679 -0.1055
vn -0.3827 0.8881 0.2547
vn -0.9808 0.1875 0.0538
vn -0.1951 0.9428 0.2703
vn 0.3827 0.8881 0.2547
vn 0.1951 0.9428 0.2703
vn 0.5556 0.7993 0.2292
vn 0.7071 0.6797 0.1949
vn 0.8315 0.5340 0.1531
vn 0.9808 0.1875 0.0538
vn 0.9239 0.3679 0.1055
vn 0.1900 0.9437 0.2706
vn 0.1951 -0.9428 -0.2703
vn 0.3827 -0.8881 -0.2547
vn 0.1900 -0.9437 -0.2706
vn 0.8315 -0.5340 -0.1531
vn 0.7071 -0.6797 -0.1949
vn 0.9239 -0.3679 -0.1055
vn 0.5556 -0.7993 -0.2292
vn 0.9808 -0.1875 -0.0538
vn -0.1736 -0.9467 -0.2714
vn 0.1736 0.9467 0.2714
vn 0.1736 -0.9467 -0.2714
# 69 vertex normals

vt -0.0000 5.7429 0.0000
vt -0.0000 5.4929 0.0000
vt 0.0957 5.7239 0.0000
vt 0.1768 5.6697 0.0000
vt 0.2310 5.5886 0.0000
vt 0.2500 5.4929 0.0000
vt 0.1768 5.3161 0.0000
vt 0.0957 5.2619 0.0000
vt 0.2310 5.3972 0.0000
vt -0.0000 5.2429 0.0000
vt -0.2310 5.5886 0.0000
vt -0.1768 5.6697 0.0000
vt -0.0957 5.7239 0.0000
vt -0.2500 5.4929 0.0000
vt -0.2310 5.3972 0.0000
vt -0.1768 5.3161 0.0000
vt -0.0957 5.2619 0.0000
vt -0.0723 5.6431 0.0000
vt -0.1303 5.5968 0.0000
vt 0.0000 5.4929 0.0000
vt -0.1625 5.5300 0.0000
vt 0.0000 5.6596 0.0000
vt -0.0723 5.3427 0.0000
vt 0.0000 5.3262 0.0000
vt -0.1625 5.4558 0.0000
vt -0.1303 5.3890 0.0000
vt 0.1303 5.5968 0.0000
vt 0.0723 5.6431 0.0000
vt 0.1625 5.5300 0.0000
vt 0.1303 5.3890 0.0000
vt 0.1625 5.4558 0.0000
vt 0.0723 5.3427 0.0000
vt 0.0748 -0.8333 0.0000
vt 0.0374 -0.9167 0.0000
vt 0.0748 -0.9167 0.0000
vt 0.1122 -0.8333 0.0000
vt 0.4488 -0.9167 0.0000
vt 0.4488 -0.8333 0.0000
vt 0.4114 -0.8333 0.0000
vt 0.3740 -0.8333 0.0000
vt 0.4114 -0.9167 0.0000
vt 0.1496 -0.9167 0.0000
vt 0.1870 -0.8333 0.0000
vt 0.1496 -0.8333 0.0000
vt 0.2618 -0.9167 0.0000
vt 0.2992 -0.8333 0.0000
vt 0.2618 -0.8333 0.0000
vt 0.0356 -0.8333 0.0000
vt 0.0000 -0.9167 0.0000
vt 0.3366 -0.8333 0.0000
vt 0.2992 -0.9167 0.0000
vt 0.3366 -0.9167 0.0000
vt 0.1122 -0.9167 0.0000
vt 0.1870 -0.9167 0.0000
vt 0.2244 -0.8333 0.0000
vt 0.2244 -0.9167 0.0000
vt 0.4862 -0.8333 0.0000
vt 0.0000 -0.8333 0.0000
vt 0.4880 -0.9167 0.0000
vt 0.5236 -0.8333 0.0000
vt 0.3740 -0.9167 0.0000
vt 0.5236 -0.9167 0.0000
vt -0.4488 -0.8333 0.0000
vt -0.4862 -0.9167 0.0000
vt -0.4488 -0.9167 0.0000
vt -0.4114 -0.8333 0.0000
vt -0.0374 -0.8333 0.0000
vt -0.0748 -0.9167 0.0000
vt -0.0356 -0.9167 0.0000
vt -0.3740 -0.9167 0.0000
vt -0.3366 -0.8333 0.0000
vt -0.3740 -0.8333 0.0000
vt -0.5236 -0.9167 0.0000
vt -0.4880 -0.8333 0.0000
vt -0.5236 -0.8333 0.0000
vt -0.4114 -0.9167 0.0000
vt -0.3366 -0.9167 0.0000
vt -0.2992 -0.8333 0.0000
vt -0.2244 -0.8333 0.0000
vt -0.2618 -0.9167 0.0000
vt -0.2244 -0.9167 0.0000
vt -0.1870 -0.8333 0.0000
vt -0.1122 -0.8333 0.0000
vt -0.1496 -0.9167 0.0000
vt -0.1122 -0.9167 0.0000
vt -0.1496 -0.8333 0.0000
vt -0.1870 -0.9167 0.0000
vt -0.0748 -0.8333 0.0000
vt -0.2618 -0.8333 0.0000
vt -0.2992 -0.9167 0.0000
vt 0.0000 5.7012 0.0000
vt -0.0797 5.6854 0.0000
vt -0.1473 5.6402 0.0000
vt -0.1925 5.5726 0.0000
vt -0.2083 5.4929 0.0000
vt -0.0797 5.3004 0.0000
vt 0.0000 5.2846 0.0000
vt -0.1473 5.3456 0.0000
vt -0.1925 5.4132 0.0000
vt 0.1473 5.6402 0.0000
vt 0.1925 5.5726 0.0000
vt 0.2083 5.4929 0.0000
vt 0.0797 5.6854 0.0000
vt 0.1925 5.4132 0.0000
vt 0.1473 5.3456 0.0000
vt 0.0797 5.3004 0.0000
vt 0.0818 -0.7292 0.0000
vt 0.0409 -0.8333 0.0000
vt 0.0818 -0.8333 0.0000
vt 0.4500 -0.7292 0.0000
vt 0.4091 -0.8333 0.0000
vt 0.4500 -0.8333 0.0000
vt 0.1636 -0.8333 0.0000
vt 0.2045 -0.7292 0.0000
vt 0.1636 -0.7292 0.0000
vt 0.2863 -0.8333 0.0000
vt 0.3272 -0.7292 0.0000
vt 0.2863 -0.7292 0.0000
vt 0.4909 -0.7292 0.0000
vt 0.5318 -0.8333 0.0000
vt 0.5318 -0.7292 0.0000
vt 0.1227 -0.7292 0.0000
vt 0.6545 -0.8333 0.0000
vt 0.6545 -0.7292 0.0000
vt 0.6147 -0.7292 0.0000
vt 0.0398 -0.7292 0.0000
vt 0.2045 -0.8333 0.0000
vt 0.2454 -0.7292 0.0000
vt 0.1227 -0.8333 0.0000
vt 0.2454 -0.8333 0.0000
vt 0.3272 -0.8333 0.0000
vt 0.4909 -0.8333 0.0000
vt 0.4091 -0.7292 0.0000
vt 0.5727 -0.8333 0.0000
vt 0.5727 -0.7292 0.0000
vt 0.3682 -0.7292 0.0000
vt 0.6136 -0.8333 0.0000
vt 0.3682 -0.8333 0.0000
vt 0.0000 -0.7292 0.0000
vt -0.5727 -0.7292 0.0000
vt -0.6136 -0.8333 0.0000
vt -0.5727 -0.8333 0.0000
vt -0.5318 -0.8333 0.0000
vt -0.4909 -0.8333 0.0000
vt -0.4909 -0.7292 0.0000
vt -0.4500 -0.7292 0.0000
vt -0.5318 -0.7292 0.0000
vt -0.3682 -0.8333 0.0000
vt -0.3272 -0.7292 0.0000
vt -0.3682 -0.7292 0.0000
vt -0.4091 -0.7292 0.0000
vt -0.4091 -0.8333 0.0000
vt -0.6147 -0.7292 0.0000
vt -0.6545 -0.8333 0.0000
vt -0.4500 -0.8333 0.0000
vt -0.0409 -0.7292 0.0000
vt -0.0818 -0.8333 0.0000
vt -0.0398 -0.8333 0.0000
vt -0.2045 -0.8333 0.0000
vt -0.1636 -0.8333 0.0000
vt -0.1636 -0.7292 0.0000
vt -0.3272 -0.8333 0.0000
vt -0.2045 -0.7292 0.0000
vt -0.2454 -0.8333 0.0000
vt -0.2454 -0.7292 0.0000
vt -0.0818 -0.7292 0.0000
vt -0.6545 -0.7292 0.0000
vt -0.1227 -0.7292 0.0000
vt -0.2863 -0.8333 0.0000
vt -0.2863 -0.7292 0.0000
vt -0.1227 -0.8333 0.0000
vt 0.0000 5.7429 0.0000
vt 0.0000 5.2429 0.0000
vt 0.0982 -0.6042 0.0000
vt 0.0491 -0.7292 0.0000
vt 0.0982 -0.7292 0.0000
vt 0.3436 -0.6042 0.0000
vt 0.2945 -0.6042 0.0000
vt 0.2945 -0.7292 0.0000
vt 0.1963 -0.7292 0.0000
vt 0.2454 -0.6042 0.0000
vt 0.1963 -0.6042 0.0000
vt 0.1473 -0.7292 0.0000
vt 0.4418 -0.7292 0.0000
vt 0.4909 -0.6042 0.0000
vt 0.1473 -0.6042 0.0000
vt 0.5400 -0.6042 0.0000
vt 0.5400 -0.7292 0.0000
vt 0.0436 -0.6042 0.0000
vt 0.3436 -0.7292 0.0000
vt 0.3927 -0.6042 0.0000
vt 0.3927 -0.7292 0.0000
vt 0.4418 -0.6042 0.0000
vt 0.5890 -0.7292 0.0000
vt 0.6872 -0.7292 0.0000
vt 0.6872 -0.6042 0.0000
vt 0.6381 -0.6042 0.0000
vt 0.6381 -0.7292 0.0000
vt 0.0000 -0.6042 0.0000
vt 0.5890 -0.6042 0.0000
vt 0.7363 -0.6042 0.0000
vt 0.7363 -0.7292 0.0000
vt 0.7854 -0.7292 0.0000
vt 0.7854 -0.6042 0.0000
vt -0.6872 -0.6042 0.0000
vt -0.7363 -0.7292 0.0000
vt -0.6872 -0.7292 0.0000
vt -0.6381 -0.7292 0.0000
vt -0.5890 -0.7292 0.0000
vt -0.5890 -0.6042 0.0000
vt -0.5400 -0.6042 0.0000
vt -0.6381 -0.6042 0.0000
vt -0.4418 -0.7292 0.0000
vt -0.3927 -0.6042 0.0000
vt -0.4418 -0.6042 0.0000
vt -0.4909 -0.6042 0.0000
vt -0.7418 -0.6042 0.0000
vt -0.7854 -0.7292 0.0000
vt -0.5400 -0.7292 0.0000
vt -0.0491 -0.6042 0.0000
vt -0.0982 -0.7292 0.0000
vt -0.0436 -0.7292 0.0000
vt -0.1963 -0.7292 0.0000
vt -0.1963 -0.6042 0.0000
vt -0.3927 -0.7292 0.0000
vt -0.2454 -0.6042 0.0000
vt -0.2945 -0.7292 0.0000
vt -0.2945 -0.6042 0.0000
vt -0.0982 -0.6042 0.0000
vt -0.7854 -0.6042 0.0000
vt -0.1473 -0.6042 0.0000
vt -0.3436 -0.7292 0.0000
vt -0.3436 -0.6042 0.0000
vt -0.1473 -0.7292 0.0000
# 234 texture coords

g _Revolve__2017_
usemtl plastic
s off
f 5523/7452/2505 5524/7453/2505 5525/7454/2505 
f 5524/7453/2505 5526/7455/2505 5525/7454/2505 
f 5526/7455/2505 5524/7453/2505 5527/7456/2505 
f 5524/7453/2505 5528/7457/2505 5527/7456/2505 
f 5529/7458/2505 5524/7453/2505 5530/7459/2505 
f 5531/7460/2505 5528/7457/2505 5524/7453/2505 
f 5524/7453/2505 5529/7458/2505 5531/7460/2505 
f 5524/7453/2505 5532/7461/2505 5530/7459/2505 
f 5533/7462/2505 5524/7453/2505 5534/7463/2505 
f 5524/7453/2505 5535/7464/2505 5534/7463/2505 
f 5523/7452/2505 5535/7464/2505 5524/7453/2505 
f 5533/7462/2505 5536/7465/2505 5524/7453/2505 
f 5537/7466/2505 5538/7467/2505 5524/7453/2505 
f 5524/7453/2505 5539/7468/2505 5532/7461/2505 
f 5539/7468/2505 5524/7453/2505 5538/7467/2505 
f 5537/7466/2505 5524/7453/2505 5536/7465/2505 
f 5540/7469/2506 5541/7470/2506 5542/7471/2506 
f 5541/7470/2506 5543/7472/2506 5542/7471/2506 
f 5542/7471/2506 5544/7473/2506 5540/7469/2506 
f 5545/7474/2506 5546/7475/2506 5542/7471/2506 
f 5547/7476/2506 5548/7477/2506 5542/7471/2506 
f 5545/7474/2506 5542/7471/2506 5548/7477/2506 
f 5543/7472/2506 5547/7476/2506 5542/7471/2506 
f 5542/7471/2506 5549/7478/2506 5550/7479/2506 
f 5550/7479/2506 5544/7473/2506 5542/7471/2506 
f 5551/7480/2506 5549/7478/2506 5542/7471/2506 
f 5542/7471/2506 5552/7481/2506 5553/7482/2506 
f 5546/7475/2506 5554/7483/2506 5542/7471/2506 
f 5552/7481/2506 5542/7471/2506 5554/7483/2506 
f 5551/7480/2506 5542/7471/2506 5553/7482/2506 
f 5555/7484/2507 5556/7485/2508 5545/7486/2507 
f 5545/7486/2507 5557/7487/2509 5555/7484/2507 
f 5540/7488/2510 5558/7489/2510 5559/7490/2511 
f 5560/7491/2512 5561/7492/2511 5559/7490/2511 
f 5548/7493/2513 5562/7494/2514 5563/7495/2513 
f 5564/7496/2515 5565/7497/2516 5566/7498/2515 
f 5567/7499/2517 5546/7500/2518 5556/7485/2508 
f 5568/7501/2519 5543/7502/2516 5569/7503/2519 
f 5570/7504/2509 5563/7495/2513 5557/7487/2509 
f 5571/7505/2514 5572/7506/2520 5562/7494/2514 
f 5566/7498/2515 5572/7506/2520 5547/7507/2520 
f 5565/7497/2516 5564/7496/2515 5543/7502/2516 
f 5543/7502/2516 5568/7501/2519 5565/7497/2516 
f 5570/7504/2509 5548/7493/2513 5563/7495/2513 
f 5540/7488/2510 5573/7508/2521 5558/7489/2510 
f 5555/7484/2507 5567/7499/2517 5556/7485/2508 
f 5571/7505/2514 5547/7507/2520 5572/7506/2520 
f 5540/7488/2510 5559/7490/2511 5561/7492/2511 
f 5557/7487/2509 5545/7486/2507 5570/7504/2509 
f 5569/7503/2519 5560/7491/2512 5568/7501/2519 
f 5546/7500/2518 5567/7499/2517 5574/7509/2518 
f 5575/7510/2522 5576/7511/2523 5573/7508/2521 
f 5541/7512/2512 5561/7492/2511 5560/7491/2512 
f 5562/7494/2514 5548/7493/2513 5571/7505/2514 
f 5573/7508/2521 5540/7488/2510 5575/7510/2522 
f 5566/7498/2515 5547/7507/2520 5564/7496/2515 
f 5575/7510/2522 5544/7513/2523 5576/7511/2523 
f 5569/7503/2519 5541/7512/2512 5560/7491/2512 
f 5577/7514/2524 5578/7515/2525 5550/7516/2524 
f 5550/7516/2524 5579/7517/2526 5577/7514/2524 
f 5580/7518/2527 5554/7519/2528 5581/7520/2529 
f 5581/7520/2529 5546/7500/2518 5574/7509/2518 
f 5549/7521/2530 5582/7522/2531 5583/7523/2530 
f 5544/7524/2523 5584/7525/2532 5576/7526/2523 
f 5584/7525/2532 5544/7524/2523 5578/7515/2525 
f 5579/7517/2526 5550/7516/2524 5585/7527/2526 
f 5585/7527/2526 5583/7523/2530 5579/7517/2526 
f 5586/7528/2531 5587/7529/2533 5582/7522/2531 
f 5577/7514/2524 5584/7525/2532 5578/7515/2525 
f 5588/7530/2534 5589/7531/2535 5553/7532/2534 
f 5553/7532/2534 5590/7533/2536 5588/7530/2534 
f 5591/7534/2537 5552/7535/2538 5592/7536/2537 
f 5552/7535/2538 5591/7534/2537 5593/7537/2538 
f 5590/7533/2536 5553/7532/2534 5594/7538/2536 
f 5594/7538/2536 5552/7535/2538 5593/7537/2538 
f 5554/7519/2528 5580/7518/2527 5595/7539/2528 
f 5582/7522/2531 5549/7521/2530 5586/7528/2531 
f 5594/7538/2536 5593/7537/2538 5590/7533/2536 
f 5589/7531/2535 5588/7530/2534 5596/7540/2535 
f 5592/7536/2537 5595/7539/2528 5591/7534/2537 
f 5581/7520/2529 5574/7509/2518 5580/7518/2527 
f 5586/7528/2531 5551/7541/2533 5587/7529/2533 
f 5596/7540/2535 5587/7529/2533 5551/7541/2533 
f 5596/7540/2535 5551/7541/2533 5589/7531/2535 
f 5592/7536/2537 5554/7519/2528 5595/7539/2528 
f 5585/7527/2526 5549/7521/2530 5583/7523/2530 
f 5576/7473/2506 5597/7542/2506 5598/7543/2506 
f 5598/7543/2506 5558/7469/2506 5576/7473/2506 
f 5599/7544/2506 5558/7469/2506 5598/7543/2506 
f 5600/7545/2506 5560/7470/2506 5599/7544/2506 
f 5558/7469/2506 5599/7544/2506 5560/7470/2506 
f 5601/7546/2506 5565/7472/2506 5600/7545/2506 
f 5560/7470/2506 5600/7545/2506 5565/7472/2506 
f 5602/7547/2506 5574/7475/2506 5555/7474/2506 
f 5574/7475/2506 5602/7547/2506 5603/7548/2506 
f 5604/7549/2506 5602/7547/2506 5555/7474/2506 
f 5605/7550/2506 5572/7476/2506 5601/7546/2506 
f 5572/7476/2506 5565/7472/2506 5601/7546/2506 
f 5604/7549/2506 5563/7477/2506 5605/7550/2506 
f 5572/7476/2506 5605/7550/2506 5563/7477/2506 
f 5555/7474/2506 5563/7477/2506 5604/7549/2506 
f 5577/7479/2506 5583/7478/2506 5606/7551/2506 
f 5607/7552/2506 5606/7551/2506 5583/7478/2506 
f 5583/7478/2506 5587/7480/2506 5607/7552/2506 
f 5608/7553/2506 5607/7552/2506 5587/7480/2506 
f 5576/7473/2506 5609/7554/2506 5597/7542/2506 
f 5609/7554/2506 5576/7473/2506 5577/7479/2506 
f 5577/7479/2506 5606/7551/2506 5609/7554/2506 
f 5610/7555/2506 5608/7553/2506 5588/7482/2506 
f 5593/7481/2506 5610/7555/2506 5588/7482/2506 
f 5611/7556/2506 5610/7555/2506 5593/7481/2506 
f 5595/7483/2506 5611/7556/2506 5593/7481/2506 
f 5603/7548/2506 5612/7557/2506 5574/7475/2506 
f 5595/7483/2506 5574/7475/2506 5612/7557/2506 
f 5595/7483/2506 5612/7557/2506 5611/7556/2506 
f 5608/7553/2506 5587/7480/2506 5588/7482/2506 
f 5613/7558/2539 5614/7559/2540 5602/7560/2539 
f 5615/7561/2541 5600/7562/2542 5616/7563/2541 
f 5604/7564/2543 5617/7565/2544 5618/7566/2543 
f 5619/7567/2545 5620/7568/2515 5621/7569/2545 
f 5622/7570/2546 5623/7571/2547 5624/7572/2547 
f 5602/7560/2539 5625/7573/2548 5613/7558/2539 
f 5597/7574/2523 5626/7575/2523 5627/7576/2549 
f 5628/7577/2550 5603/7509/2518 5614/7559/2540 
f 5629/7578/2544 5630/7579/2551 5617/7565/2544 
f 5631/7580/2548 5618/7566/2543 5625/7573/2548 
f 5631/7580/2548 5604/7564/2543 5618/7566/2543 
f 5621/7569/2545 5630/7579/2551 5605/7581/2551 
f 5620/7568/2515 5619/7567/2545 5601/7582/2515 
f 5616/7563/2541 5599/7583/2546 5622/7570/2546 
f 5621/7569/2545 5605/7581/2551 5619/7567/2545 
f 5600/7562/2542 5615/7561/2541 5632/7584/2542 
f 5617/7565/2544 5604/7564/2543 5629/7578/2544 
f 5598/7585/2552 5624/7572/2547 5623/7571/2547 
f 5598/7585/2552 5633/7586/2552 5624/7572/2547 
f 5634/7587/2553 5620/7568/2515 5601/7582/2515 
f 5597/7574/2523 5627/7576/2549 5635/7588/2554 
f 5632/7584/2542 5636/7589/2553 5600/7562/2542 
f 5634/7587/2553 5601/7582/2515 5636/7589/2553 
f 5613/7558/2539 5628/7577/2550 5614/7559/2540 
f 5616/7563/2541 5622/7570/2546 5615/7561/2541 
f 5622/7570/2546 5599/7583/2546 5623/7571/2547 
f 5603/7509/2518 5628/7577/2550 5637/7590/2518 
f 5598/7585/2552 5635/7588/2554 5633/7586/2552 
f 5629/7578/2544 5605/7581/2551 5630/7579/2551 
f 5636/7589/2553 5632/7584/2542 5634/7587/2553 
f 5625/7573/2548 5602/7560/2539 5631/7580/2548 
f 5633/7586/2552 5635/7588/2554 5627/7576/2549 
f 5638/7591/2555 5639/7592/2556 5609/7593/2555 
f 5640/7594/2557 5606/7595/2558 5641/7596/2558 
f 5606/7595/2558 5642/7597/2559 5641/7596/2558 
f 5643/7598/2557 5609/7593/2555 5640/7594/2557 
f 5644/7599/2560 5645/7600/2535 5646/7601/2560 
f 5609/7593/2555 5643/7598/2557 5638/7591/2555 
f 5646/7601/2560 5647/7602/2561 5607/7603/2561 
f 5648/7604/2562 5597/7605/2523 5639/7592/2556 
f 5649/7606/2559 5647/7602/2561 5642/7597/2559 
f 5640/7594/2557 5641/7596/2558 5643/7598/2557 
f 5650/7607/2563 5612/7608/2564 5651/7609/2565 
f 5652/7610/2566 5611/7611/2567 5653/7612/2567 
f 5645/7600/2535 5644/7599/2560 5608/7613/2535 
f 5654/7614/2566 5610/7615/2568 5652/7610/2566 
f 5646/7601/2560 5607/7603/2561 5644/7599/2560 
f 5610/7615/2568 5654/7614/2566 5655/7616/2568 
f 5638/7591/2555 5648/7604/2562 5639/7592/2556 
f 5612/7608/2564 5650/7607/2563 5656/7617/2564 
f 5597/7605/2523 5648/7604/2562 5626/7618/2523 
f 5642/7597/2559 5606/7595/2558 5649/7606/2559 
f 5611/7611/2567 5657/7619/2569 5653/7612/2567 
f 5655/7616/2568 5658/7620/2570 5610/7615/2568 
f 5659/7621/2570 5608/7613/2535 5658/7620/2570 
f 5652/7610/2566 5653/7612/2567 5654/7614/2566 
f 5660/7622/2569 5656/7617/2564 5657/7619/2569 
f 5658/7620/2570 5655/7616/2568 5659/7621/2570 
f 5660/7622/2569 5612/7608/2564 5656/7617/2564 
f 5651/7609/2565 5637/7590/2518 5650/7607/2563 
f 5657/7619/2569 5611/7611/2567 5660/7622/2569 
f 5659/7621/2570 5645/7600/2535 5608/7613/2535 
f 5649/7606/2559 5607/7603/2561 5647/7602/2561 
f 5651/7609/2565 5603/7509/2518 5637/7590/2518 
f 5626/7542/2506 5661/7623/2506 5662/7464/2506 
f 5662/7464/2506 5633/7543/2506 5626/7542/2506 
f 5663/7463/2506 5633/7543/2506 5662/7464/2506 
f 5664/7462/2506 5622/7544/2506 5663/7463/2506 
f 5633/7543/2506 5663/7463/2506 5622/7544/2506 
f 5632/7545/2506 5664/7462/2506 5665/7465/2506 
f 5622/7544/2506 5664/7462/2506 5632/7545/2506 
f 5620/7546/2506 5632/7545/2506 5665/7465/2506 
f 5666/7468/2506 5637/7548/2506 5613/7547/2506 
f 5637/7548/2506 5666/7468/2506 5667/7624/2506 
f 5668/7467/2506 5666/7468/2506 5613/7547/2506 
f 5669/7466/2506 5630/7550/2506 5665/7465/2506 
f 5630/7550/2506 5620/7546/2506 5665/7465/2506 
f 5668/7467/2506 5618/7549/2506 5669/7466/2506 
f 5630/7550/2506 5669/7466/2506 5618/7549/2506 
f 5613/7547/2506 5618/7549/2506 5668/7467/2506 
f 5670/7456/2506 5671/7455/2506 5641/7551/2506 
f 5647/7552/2506 5645/7553/2506 5672/7457/2506 
f 5672/7457/2506 5670/7456/2506 5647/7552/2506 
f 5647/7552/2506 5670/7456/2506 5641/7551/2506 
f 5626/7542/2506 5673/7454/2506 5661/7623/2506 
f 5673/7454/2506 5626/7542/2506 5638/7554/2506 
f 5671/7455/2506 5673/7454/2506 5638/7554/2506 
f 5638/7554/2506 5641/7551/2506 5671/7455/2506 
f 5674/7460/2506 5672/7457/2506 5655/7555/2506 
f 5653/7556/2506 5674/7460/2506 5655/7555/2506 
f 5675/7458/2506 5674/7460/2506 5653/7556/2506 
f 5656/7557/2506 5675/7458/2506 5653/7556/2506 
f 5667/7624/2506 5676/7459/2506 5637/7548/2506 
f 5656/7557/2506 5637/7548/2506 5676/7459/2506 
f 5656/7557/2506 5676/7459/2506 5675/7458/2506 
f 5672/7457/2506 5645/7553/2506 5655/7555/2506 
f 5530/7625/2539 5677/7626/2540 5666/7627/2539 
f 5678/7628/2545 5531/7629/2551 5669/7630/2551 
f 5668/7631/2543 5679/7632/2544 5529/7633/2543 
f 5680/7634/2548 5668/7631/2543 5529/7633/2543 
f 5681/7635/2553 5664/7570/2542 5527/7636/2542 
f 5666/7627/2539 5682/7637/2548 5530/7625/2539 
f 5683/7638/2541 5664/7570/2542 5684/7639/2541 
f 5685/7640/2571 5667/7590/2518 5677/7626/2540 
f 5686/7579/2544 5531/7629/2551 5679/7632/2544 
f 5680/7634/2548 5529/7633/2543 5682/7637/2548 
f 5682/7637/2548 5666/7627/2539 5680/7634/2548 
f 5687/7641/2545 5528/7642/2515 5678/7628/2545 
f 5528/7642/2515 5687/7641/2545 5665/7643/2515 
f 5688/7644/2553 5665/7643/2515 5681/7635/2553 
f 5678/7628/2545 5669/7630/2551 5687/7641/2545 
f 5665/7643/2515 5688/7644/2553 5528/7642/2515 
f 5686/7579/2544 5669/7630/2551 5531/7629/2551 
f 5663/7645/2546 5683/7638/2541 5684/7639/2541 
f 5527/7636/2542 5664/7570/2542 5683/7638/2541 
f 5662/7646/2552 5525/7647/2552 5689/7648/2547 
f 5690/7649/2547 5662/7646/2552 5689/7648/2547 
f 5667/7590/2518 5685/7640/2571 5532/7650/2518 
f 5526/7651/2546 5683/7638/2541 5663/7645/2546 
f 5691/7652/2554 5525/7647/2552 5692/7653/2554 
f 5690/7649/2547 5526/7651/2546 5663/7645/2546 
f 5525/7647/2552 5662/7646/2552 5692/7653/2554 
f 5679/7632/2544 5668/7631/2543 5686/7579/2544 
f 5661/7654/2523 5523/7655/2523 5691/7652/2554 
f 5530/7625/2539 5685/7640/2571 5677/7626/2540 
f 5661/7654/2523 5691/7652/2554 5692/7653/2554 
f 5681/7635/2553 5527/7636/2542 5688/7644/2553 
f 5526/7651/2546 5690/7649/2547 5689/7648/2547 
f 5535/7656/2555 5693/7657/2556 5673/7658/2555 
f 5694/7659/2557 5671/7660/2558 5534/7661/2558 
f 5671/7660/2558 5695/7662/2559 5534/7661/2558 
f 5696/7663/2557 5673/7658/2555 5694/7659/2557 
f 5697/7664/2560 5536/7665/2535 5698/7666/2560 
f 5673/7658/2555 5696/7663/2557 5535/7656/2555 
f 5698/7666/2560 5533/7667/2561 5670/7596/2561 
f 5699/7668/2572 5661/7669/2523 5693/7657/2556 
f 5700/7670/2559 5533/7667/2561 5695/7662/2559 
f 5694/7659/2557 5534/7661/2558 5696/7663/2557 
f 5701/7671/2563 5676/7672/2564 5702/7673/2573 
f 5703/7616/2566 5675/7674/2567 5538/7675/2567 
f 5536/7665/2535 5697/7664/2560 5672/7676/2535 
f 5704/7677/2566 5674/7678/2568 5703/7616/2566 
f 5698/7666/2560 5670/7596/2561 5697/7664/2560 
f 5674/7678/2568 5704/7677/2566 5537/7679/2568 
f 5535/7656/2555 5699/7668/2572 5693/7657/2556 
f 5676/7672/2564 5701/7671/2563 5539/7680/2564 
f 5661/7669/2523 5699/7668/2572 5523/7681/2523 
f 5695/7662/2559 5671/7660/2558 5700/7670/2559 
f 5675/7674/2567 5705/7682/2569 5538/7675/2567 
f 5537/7679/2568 5706/7683/2570 5674/7678/2568 
f 5707/7684/2570 5672/7676/2535 5706/7683/2570 
f 5703/7616/2566 5538/7675/2567 5704/7677/2566 
f 5708/7685/2569 5539/7680/2564 5705/7682/2569 
f 5706/7683/2570 5537/7679/2568 5707/7684/2570 
f 5708/7685/2569 5676/7672/2564 5539/7680/2564 
f 5702/7673/2573 5532/7650/2518 5701/7671/2563 
f 5705/7682/2569 5675/7674/2567 5708/7685/2569 
f 5707/7684/2570 5536/7665/2535 5672/7676/2535 
f 5700/7670/2559 5670/7596/2561 5533/7667/2561 
f 5702/7673/2573 5667/7590/2518 5532/7650/2518 
# 276 faces

#
# object _Revolve__2028_
#

v  -3.6975 87.4282 13.7198
v  -2.2395 87.1494 13.6399
v  -3.6975 86.3780 17.3822
v  -2.2395 101.2415 17.6807
v  -3.6975 99.9125 21.2632
v  -2.0775 100.2223 21.3520
v  -4.9336 88.2221 13.9474
v  -4.9336 87.1720 17.6098
v  -6.1696 87.9659 17.8375
v  -8.4015 93.1453 19.3227
v  -8.1115 92.7939 15.2584
v  -8.1115 91.7438 18.9208
v  -7.8214 96.9986 16.4641
v  -6.9955 97.1366 20.4672
v  -6.9955 98.1867 16.8048
v  -6.9955 89.1540 18.1782
v  -7.8214 90.3422 18.5189
v  -6.9955 90.2042 14.5158
v  -6.1696 99.3749 17.1455
v  -0.7815 86.8707 13.5599
v  -2.0775 86.0683 17.2934
v  -6.1696 89.0160 14.1751
v  -7.8214 91.3924 14.8565
v  -8.4015 94.1955 15.6603
v  -0.7815 100.4701 21.4230
v  -0.7815 101.5203 17.7607
v  -6.1696 98.3247 20.8079
v  -0.7815 85.8205 17.2223
v  -4.9336 100.1688 17.3731
v  -3.6975 100.9627 17.6008
v  -8.1115 95.5970 16.0622
v  -8.1115 94.5468 19.7246
v  -4.9336 99.1186 21.0355
v  -7.8214 95.9484 20.1265
v  2.1346 100.9627 17.6008
v  0.6766 101.2415 17.6807
v  2.1346 99.9125 21.2632
v  3.3706 100.1688 17.3731
v  3.3706 99.1186 21.0355
v  4.6067 98.3247 20.8079
v  6.2585 90.3422 18.5189
v  6.5485 92.7939 15.2584
v  6.5485 91.7438 18.9208
v  5.4326 97.1366 20.4672
v  6.2585 95.9484 20.1265
v  5.4326 98.1867 16.8048
v  6.2585 96.9986 16.4641
v  6.5485 94.5468 19.7246
v  0.5146 100.2223 21.3520
v  4.6067 99.3749 17.1455
v  6.5485 95.5970 16.0622
v  6.8385 94.1955 15.6603
v  6.8385 93.1453 19.3227
v  4.6067 87.9659 17.8375
v  5.4326 90.2042 14.5158
v  5.4326 89.1540 18.1782
v  0.5146 87.1185 13.6310
v  3.3706 88.2221 13.9474
v  3.3706 87.1720 17.6098
v  2.1346 86.3780 17.3822
v  2.1346 87.4282 13.7198
v  4.6067 89.0160 14.1751
v  0.6766 86.0993 17.3023
v  6.2585 91.3924 14.8565
v  -0.7815 100.2995 17.4106
v  -3.2115 99.8348 17.2773
v  -5.2716 98.5117 16.8979
v  -6.6481 96.5314 16.3301
v  -7.1315 94.1955 15.6603
v  -3.2115 88.5561 14.0432
v  -0.7815 88.0915 13.9100
v  -6.6481 91.8596 14.9905
v  -5.2716 89.8793 14.4226
v  3.7087 98.5117 16.8979
v  5.5685 94.1955 15.6603
v  5.0852 96.5314 16.3301
v  1.6486 99.8348 17.2773
v  5.0852 91.8596 14.9905
v  3.7087 89.8793 14.4226
v  1.6486 88.5561 14.0432
v  -3.2115 89.4313 10.9912
v  -1.9965 89.1989 10.9246
v  -4.2415 90.0928 11.1809
v  -4.2415 89.2177 14.2329
v  -5.2716 99.3868 13.8459
v  -5.9599 98.3967 13.5620
v  -1.9646 100.0733 17.3457
v  -0.7815 101.1746 14.3586
v  -5.9599 90.8694 14.7066
v  -5.9599 91.7446 11.6546
v  -6.6481 97.4065 13.2781
v  -5.9599 97.5215 16.6140
v  -0.7815 88.9666 10.8580
v  -1.9646 88.3177 13.9748
v  -5.2716 90.7544 11.3706
v  -6.8898 93.9027 12.2734
v  -6.6481 92.7347 11.9385
v  -6.8898 93.0275 15.3254
v  -7.1315 95.0706 12.6083
v  -4.2415 100.0484 14.0356
v  -4.2415 99.1732 17.0876
v  -1.9965 100.9423 14.2920
v  -3.2115 100.7100 14.2253
v  -6.8898 96.2386 12.9432
v  -6.8898 95.3634 15.9952
v  1.6486 100.7100 14.2253
v  0.4335 100.9423 14.2920
v  2.6786 100.0484 14.0356
v  2.6786 99.1732 17.0876
v  5.3268 93.9027 12.2734
v  5.3268 93.0275 15.3254
v  4.3969 97.5215 16.6140
v  4.3969 98.3967 13.5620
v  5.0852 97.4065 13.2781
v  5.3268 95.3634 15.9952
v  0.4016 100.0733 17.3457
v  3.7087 99.3868 13.8459
v  5.3268 96.2386 12.9432
v  5.5685 95.0706 12.6083
v  4.3969 91.7446 11.6546
v  4.3969 90.8694 14.7066
v  0.4016 89.1928 10.9229
v  2.6786 90.0928 11.1809
v  2.6786 89.2177 14.2329
v  1.6486 89.4313 10.9912
v  3.7087 90.7544 11.3706
v  0.4335 88.3238 13.9766
v  5.0852 92.7347 11.9385
v  -0.7815 99.9538 14.0085
v  -2.9856 99.4702 13.8699
v  -4.7532 98.1152 13.4813
v  -5.7341 96.1572 12.9198
v  -2.9856 90.6710 11.3467
v  -0.7815 90.1874 11.2080
v  -5.7341 93.9840 12.2967
v  -4.7532 92.0260 11.7352
v  3.1902 98.1152 13.4813
v  1.4227 99.4702 13.8699
v  4.1712 96.1572 12.9198
v  4.1712 93.9840 12.2967
v  3.1902 92.0260 11.7352
v  1.4227 90.6710 11.3467
v  -2.9856 91.3711 8.9051
v  -1.8835 91.1293 8.8358
v  -3.8694 92.0486 9.0994
v  -3.8694 91.3485 11.5410
v  -4.7532 98.8154 11.0397
v  -3.8694 99.4929 11.2340
v  -5.2436 93.0050 12.0160
v  -5.2436 93.7051 9.5744
v  -5.7341 94.6841 9.8551
v  -5.7341 95.0706 12.6083
v  -5.7341 95.7707 10.1667
v  -0.7815 90.8875 8.7664
v  -1.8313 90.4177 11.2741
v  -5.7341 96.8574 10.4783
v  -5.2436 97.1362 13.2006
v  -5.2436 97.8364 10.7590
v  -4.7532 92.7261 9.2936
v  -0.7815 100.6539 11.5669
v  -1.8313 100.4236 11.5009
v  -2.9856 100.1704 11.4282
v  -3.8694 98.7927 13.6756
v  -1.8835 99.7120 13.9392
v  1.4227 100.1704 11.4282
v  0.3206 100.4122 11.4976
v  2.3064 99.4929 11.2340
v  2.3064 98.7927 13.6756
v  1.4227 91.3711 8.9051
v  0.3206 90.4292 11.2774
v  0.2683 91.1179 8.8325
v  3.6807 97.1362 13.2006
v  3.6807 97.8364 10.7590
v  0.2683 99.7235 13.9425
v  3.1902 98.8154 11.0397
v  4.1712 95.7707 10.1667
v  4.1712 95.0706 12.6083
v  3.6807 93.7051 9.5744
v  3.6807 93.0050 12.0160
v  3.1902 92.7261 9.2936
v  2.3064 91.3485 11.5410
v  2.3064 92.0486 9.0994
v  4.1712 94.6841 9.8551
v  4.1712 96.8574 10.4783
v  -0.7815 95.7707 10.1667
v  -0.7815 93.1453 19.3227
# 186 vertices

vn -0.3827 -0.8881 -0.2547
vn -0.1951 -0.9428 -0.2703
vn -0.1951 0.9428 0.2703
vn -0.3827 0.8881 0.2547
vn -0.1736 0.9467 0.2714
vn -0.5556 -0.7993 -0.2292
vn -0.7071 -0.6797 -0.1949
vn -1.0000 -0.0000 0.0000
vn -0.9808 -0.1875 -0.0538
vn -0.9239 0.3679 0.1055
vn -0.8315 0.5340 0.1531
vn -0.8315 -0.5340 -0.1531
vn -0.9239 -0.3679 -0.1055
vn -0.7071 0.6797 0.1949
vn 0.0000 -0.9613 -0.2756
vn -0.1736 -0.9467 -0.2714
vn -0.0000 0.9613 0.2756
vn -0.5556 0.7993 0.2292
vn -0.9808 0.1875 0.0538
vn 0.3827 0.8881 0.2547
vn 0.1951 0.9428 0.2703
vn 0.5556 0.7993 0.2292
vn 0.7071 0.6797 0.1949
vn 0.9239 -0.3679 -0.1055
vn 0.9808 -0.1875 -0.0538
vn 0.8315 0.5340 0.1531
vn 0.9239 0.3679 0.1055
vn 0.9808 0.1875 0.0538
vn 0.1736 0.9467 0.2714
vn 1.0000 0.0000 0.0000
vn 0.7071 -0.6797 -0.1949
vn 0.8315 -0.5340 -0.1531
vn 0.1736 -0.9467 -0.2714
vn 0.5556 -0.7993 -0.2292
vn 0.3827 -0.8881 -0.2547
vn 0.1951 -0.9428 -0.2703
vn -0.0000 0.2756 -0.9613
vn -0.1900 0.9437 0.2706
vn -0.1900 -0.9437 -0.2706
vn 0.1900 0.9437 0.2706
vn 0.1900 -0.9437 -0.2706
vn -0.4339 -0.8661 -0.2483
vn -0.2225 -0.9372 -0.2687
vn -0.6235 -0.7515 -0.2155
vn -0.7818 -0.5993 -0.1719
vn -0.7818 0.5993 0.1719
vn -0.6235 0.7515 0.2155
vn -0.9010 -0.4171 -0.1196
vn -0.9749 -0.2139 -0.0613
vn -0.2121 -0.9394 -0.2694
vn -0.9749 0.2139 0.0613
vn -0.9010 0.4171 0.1196
vn -0.2121 0.9394 0.2694
vn -0.4339 0.8661 0.2483
vn -0.2225 0.9372 0.2687
vn 0.4339 0.8661 0.2483
vn 0.2225 0.9372 0.2687
vn 0.6235 0.7515 0.2155
vn 0.7818 0.5993 0.1719
vn 0.4339 -0.8661 -0.2483
vn 0.2225 -0.9372 -0.2687
vn 0.2121 -0.9394 -0.2694
vn 0.9010 0.4171 0.1196
vn 0.9749 0.2139 0.0613
vn 0.2121 0.9394 0.2694
vn 0.9749 -0.2139 -0.0613
vn 0.7818 -0.5993 -0.1719
vn 0.9010 -0.4171 -0.1196
vn 0.6235 -0.7515 -0.2155
vn 0.0000 -0.2756 0.9613
# 70 vertex normals

vt 0.0982 0.7292 0.0000
vt 0.0491 0.7292 0.0000
vt 0.0982 0.6042 0.0000
vt 0.7363 0.7292 0.0000
vt 0.6872 0.6042 0.0000
vt 0.7418 0.6042 0.0000
vt 0.1473 0.7292 0.0000
vt 0.1473 0.6042 0.0000
vt 0.1963 0.6042 0.0000
vt 0.3927 0.6042 0.0000
vt 0.3436 0.7292 0.0000
vt 0.3436 0.6042 0.0000
vt 0.4909 0.7292 0.0000
vt 0.5400 0.6042 0.0000
vt 0.5400 0.7292 0.0000
vt 0.2454 0.6042 0.0000
vt 0.2945 0.6042 0.0000
vt 0.2454 0.7292 0.0000
vt 0.5890 0.7292 0.0000
vt 0.0000 0.7292 0.0000
vt 0.0436 0.6042 0.0000
vt 0.1963 0.7292 0.0000
vt 0.2945 0.7292 0.0000
vt 0.3927 0.7292 0.0000
vt 0.7854 0.6042 0.0000
vt 0.7854 0.7292 0.0000
vt 0.5890 0.6042 0.0000
vt 0.0000 0.6042 0.0000
vt 0.6381 0.7292 0.0000
vt 0.6872 0.7292 0.0000
vt 0.4418 0.7292 0.0000
vt 0.4418 0.6042 0.0000
vt 0.6381 0.6042 0.0000
vt 0.4909 0.6042 0.0000
vt -0.6872 0.7292 0.0000
vt -0.7363 0.7292 0.0000
vt -0.6872 0.6042 0.0000
vt -0.6381 0.7292 0.0000
vt -0.6381 0.6042 0.0000
vt -0.5890 0.6042 0.0000
vt -0.2945 0.6042 0.0000
vt -0.3436 0.7292 0.0000
vt -0.3436 0.6042 0.0000
vt -0.5400 0.6042 0.0000
vt -0.4909 0.6042 0.0000
vt -0.5400 0.7292 0.0000
vt -0.4909 0.7292 0.0000
vt -0.4418 0.6042 0.0000
vt -0.7854 0.7292 0.0000
vt -0.7418 0.6042 0.0000
vt -0.5890 0.7292 0.0000
vt -0.4418 0.7292 0.0000
vt -0.3927 0.7292 0.0000
vt -0.3927 0.6042 0.0000
vt -0.1963 0.6042 0.0000
vt -0.2454 0.7292 0.0000
vt -0.2454 0.6042 0.0000
vt -0.0436 0.7292 0.0000
vt -0.1473 0.7292 0.0000
vt -0.1473 0.6042 0.0000
vt -0.0982 0.6042 0.0000
vt -0.0982 0.7292 0.0000
vt -0.1963 0.7292 0.0000
vt -0.0491 0.6042 0.0000
vt -0.7854 0.6042 0.0000
vt -0.2945 0.7292 0.0000
vt 0.0957 5.7239 0.0000
vt 0.0000 5.7429 0.0000
vt 0.0000 5.7012 0.0000
vt 0.0797 5.6854 0.0000
vt 0.1768 5.6697 0.0000
vt 0.1473 5.6402 0.0000
vt 0.2310 5.5886 0.0000
vt 0.2500 5.4929 0.0000
vt 0.1925 5.5726 0.0000
vt 0.2083 5.4929 0.0000
vt 0.0797 5.3004 0.0000
vt 0.0000 5.2846 0.0000
vt 0.0957 5.2619 0.0000
vt 0.0000 5.2429 0.0000
vt 0.1768 5.3161 0.0000
vt 0.1925 5.4132 0.0000
vt 0.2310 5.3972 0.0000
vt 0.1473 5.3456 0.0000
vt -0.1473 5.6402 0.0000
vt -0.1768 5.6697 0.0000
vt -0.2310 5.5886 0.0000
vt -0.2500 5.4929 0.0000
vt -0.2083 5.4929 0.0000
vt -0.1925 5.5726 0.0000
vt -0.0957 5.7239 0.0000
vt -0.0797 5.6854 0.0000
vt -0.1925 5.4132 0.0000
vt -0.2310 5.3972 0.0000
vt -0.1473 5.3456 0.0000
vt -0.1768 5.3161 0.0000
vt -0.0797 5.3004 0.0000
vt -0.0957 5.2619 0.0000
vt 0.0818 0.8333 0.0000
vt 0.0409 0.8333 0.0000
vt 0.0818 0.7292 0.0000
vt 0.1227 0.8333 0.0000
vt 0.1227 0.7292 0.0000
vt 0.1636 0.7292 0.0000
vt 0.4909 0.8333 0.0000
vt 0.4500 0.8333 0.0000
vt 0.6147 0.7292 0.0000
vt 0.6545 0.7292 0.0000
vt 0.6545 0.8333 0.0000
vt 0.2045 0.7292 0.0000
vt 0.2045 0.8333 0.0000
vt 0.4091 0.8333 0.0000
vt 0.4500 0.7292 0.0000
vt 0.0000 0.8333 0.0000
vt 0.0398 0.7292 0.0000
vt 0.1636 0.8333 0.0000
vt 0.2863 0.8333 0.0000
vt 0.2454 0.8333 0.0000
vt 0.2863 0.7292 0.0000
vt 0.3272 0.7292 0.0000
vt 0.3272 0.8333 0.0000
vt 0.5318 0.8333 0.0000
vt 0.5318 0.7292 0.0000
vt 0.5727 0.7292 0.0000
vt 0.6136 0.8333 0.0000
vt 0.5727 0.8333 0.0000
vt 0.3682 0.8333 0.0000
vt 0.3682 0.7292 0.0000
vt 0.4091 0.7292 0.0000
vt -0.5727 0.8333 0.0000
vt -0.6136 0.8333 0.0000
vt -0.5727 0.7292 0.0000
vt -0.5318 0.8333 0.0000
vt -0.5318 0.7292 0.0000
vt -0.2863 0.8333 0.0000
vt -0.2863 0.7292 0.0000
vt -0.4500 0.7292 0.0000
vt -0.4091 0.7292 0.0000
vt -0.4500 0.8333 0.0000
vt -0.4091 0.8333 0.0000
vt -0.3682 0.7292 0.0000
vt -0.6545 0.8333 0.0000
vt -0.6147 0.7292 0.0000
vt -0.4909 0.8333 0.0000
vt -0.3682 0.8333 0.0000
vt -0.3272 0.8333 0.0000
vt -0.3272 0.7292 0.0000
vt -0.1636 0.7292 0.0000
vt -0.2045 0.8333 0.0000
vt -0.2045 0.7292 0.0000
vt -0.0398 0.8333 0.0000
vt -0.1227 0.8333 0.0000
vt -0.1227 0.7292 0.0000
vt -0.0818 0.7292 0.0000
vt -0.0818 0.8333 0.0000
vt -0.1636 0.8333 0.0000
vt -0.0409 0.7292 0.0000
vt -0.6545 0.7292 0.0000
vt -0.2454 0.8333 0.0000
vt 0.0000 5.6596 0.0000
vt 0.0723 5.6431 0.0000
vt 0.1303 5.5968 0.0000
vt 0.1625 5.5300 0.0000
vt 0.0723 5.3427 0.0000
vt 0.0000 5.3262 0.0000
vt 0.1625 5.4558 0.0000
vt 0.1303 5.3890 0.0000
vt -0.1303 5.5968 0.0000
vt -0.0723 5.6431 0.0000
vt -0.1625 5.5300 0.0000
vt -0.1625 5.4558 0.0000
vt -0.1303 5.3890 0.0000
vt -0.0723 5.3427 0.0000
vt 0.0748 0.9167 0.0000
vt 0.0374 0.9167 0.0000
vt 0.0748 0.8333 0.0000
vt 0.1122 0.9167 0.0000
vt 0.1122 0.8333 0.0000
vt 0.1496 0.8333 0.0000
vt 0.3740 0.9167 0.0000
vt 0.3740 0.8333 0.0000
vt 0.4114 0.9167 0.0000
vt 0.1870 0.8333 0.0000
vt 0.2244 0.8333 0.0000
vt 0.1870 0.9167 0.0000
vt 0.2244 0.9167 0.0000
vt 0.2618 0.8333 0.0000
vt 0.2618 0.9167 0.0000
vt 0.0000 0.9167 0.0000
vt 0.0356 0.8333 0.0000
vt 0.2992 0.9167 0.0000
vt 0.3366 0.8333 0.0000
vt 0.3366 0.9167 0.0000
vt 0.1496 0.9167 0.0000
vt 0.2992 0.8333 0.0000
vt 0.5236 0.8333 0.0000
vt 0.5236 0.9167 0.0000
vt 0.4880 0.9167 0.0000
vt 0.4488 0.9167 0.0000
vt 0.4114 0.8333 0.0000
vt 0.4488 0.8333 0.0000
vt 0.4862 0.8333 0.0000
vt -0.4488 0.9167 0.0000
vt -0.4862 0.9167 0.0000
vt -0.4488 0.8333 0.0000
vt -0.4114 0.9167 0.0000
vt -0.4114 0.8333 0.0000
vt -0.3740 0.8333 0.0000
vt -0.0748 0.9167 0.0000
vt -0.0374 0.8333 0.0000
vt -0.0356 0.9167 0.0000
vt -0.3366 0.8333 0.0000
vt -0.2992 0.8333 0.0000
vt -0.3366 0.9167 0.0000
vt -0.4880 0.8333 0.0000
vt -0.5236 0.9167 0.0000
vt -0.3740 0.9167 0.0000
vt -0.2618 0.9167 0.0000
vt -0.2618 0.8333 0.0000
vt -0.2244 0.8333 0.0000
vt -0.5236 0.8333 0.0000
vt -0.1496 0.8333 0.0000
vt -0.1870 0.9167 0.0000
vt -0.1870 0.8333 0.0000
vt -0.1496 0.9167 0.0000
vt -0.1122 0.8333 0.0000
vt -0.1122 0.9167 0.0000
vt -0.0748 0.8333 0.0000
vt -0.2244 0.9167 0.0000
vt -0.2992 0.9167 0.0000
vt 0.0000 5.4929 0.0000
vt -0.0000 5.4929 0.0000
vt -0.0000 5.7429 0.0000
vt -0.0000 5.2429 0.0000
# 234 texture coords

g _Revolve__2028_
usemtl plastic
s off
f 5709/7686/2574 5710/7687/2575 5711/7688/2574 
f 5712/7689/2576 5713/7690/2577 5714/7691/2578 
f 5715/7692/2579 5716/7693/2579 5717/7694/2580 
f 5718/7695/2581 5719/7696/2582 5720/7697/2582 
f 5721/7698/2583 5722/7699/2584 5723/7700/2584 
f 5724/7701/2585 5725/7702/2586 5726/7703/2585 
f 5727/7704/2587 5723/7700/2584 5722/7699/2584 
f 5710/7687/2575 5728/7705/2588 5729/7706/2589 
f 5717/7694/2580 5724/7701/2585 5730/7707/2580 
f 5716/7693/2579 5709/7686/2574 5711/7688/2574 
f 5719/7696/2582 5731/7708/2586 5720/7697/2582 
f 5731/7708/2586 5725/7702/2586 5720/7697/2582 
f 5732/7709/2581 5719/7696/2582 5718/7695/2581 
f 5725/7702/2586 5731/7708/2586 5726/7703/2585 
f 5730/7707/2580 5724/7701/2585 5726/7703/2585 
f 5714/7691/2578 5733/7710/2590 5734/7711/2590 
f 5722/7699/2584 5735/7712/2587 5727/7704/2587 
f 5728/7705/2588 5736/7713/2588 5729/7706/2589 
f 5735/7712/2587 5737/7714/2591 5727/7704/2587 
f 5711/7688/2574 5710/7687/2575 5729/7706/2589 
f 5709/7686/2574 5716/7693/2579 5715/7692/2579 
f 5713/7690/2577 5712/7689/2576 5738/7715/2577 
f 5717/7694/2580 5730/7707/2580 5715/7692/2579 
f 5739/7716/2592 5732/7709/2581 5740/7717/2592 
f 5741/7718/2591 5713/7690/2577 5738/7715/2577 
f 5722/7699/2584 5721/7698/2583 5742/7719/2583 
f 5741/7718/2591 5738/7715/2577 5737/7714/2591 
f 5742/7719/2583 5739/7716/2592 5740/7717/2592 
f 5714/7691/2578 5734/7711/2590 5712/7689/2576 
f 5737/7714/2591 5735/7712/2587 5741/7718/2591 
f 5742/7719/2583 5721/7698/2583 5739/7716/2592 
f 5732/7709/2581 5718/7695/2581 5740/7717/2592 
f 5743/7720/2593 5744/7721/2594 5745/7722/2593 
f 5746/7723/2595 5747/7724/2595 5748/7725/2596 
f 5749/7726/2597 5750/7727/2598 5751/7728/2598 
f 5752/7729/2599 5753/7730/2600 5754/7731/2599 
f 5755/7732/2600 5753/7730/2600 5756/7733/2601 
f 5744/7721/2594 5734/7734/2590 5757/7735/2602 
f 5748/7725/2596 5752/7729/2599 5758/7736/2596 
f 5747/7724/2595 5743/7720/2593 5745/7722/2593 
f 5759/7737/2601 5755/7732/2600 5756/7733/2601 
f 5758/7736/2596 5752/7729/2599 5754/7731/2599 
f 5760/7738/2603 5759/7737/2601 5761/7739/2603 
f 5753/7730/2600 5755/7732/2600 5754/7731/2599 
f 5760/7738/2603 5761/7739/2603 5751/7728/2598 
f 5761/7739/2603 5759/7737/2601 5756/7733/2601 
f 5762/7740/2604 5763/7741/2605 5764/7742/2605 
f 5736/7713/2588 5728/7705/2588 5765/7743/2606 
f 5766/7744/2607 5767/7745/2607 5768/7746/2608 
f 5768/7746/2608 5769/7747/2608 5766/7744/2607 
f 5770/7748/2604 5767/7745/2607 5766/7744/2607 
f 5771/7749/2609 5736/7713/2588 5765/7743/2606 
f 5748/7725/2596 5758/7736/2596 5746/7723/2595 
f 5751/7728/2598 5750/7727/2598 5760/7738/2603 
f 5734/7734/2590 5733/7750/2590 5757/7735/2602 
f 5767/7745/2607 5770/7748/2604 5762/7740/2604 
f 5771/7749/2609 5769/7747/2608 5768/7746/2608 
f 5745/7722/2593 5744/7721/2594 5757/7735/2602 
f 5772/7751/2597 5749/7726/2597 5764/7742/2605 
f 5743/7720/2593 5747/7724/2595 5746/7723/2595 
f 5772/7751/2597 5764/7742/2605 5763/7741/2605 
f 5749/7726/2597 5772/7751/2597 5750/7727/2598 
f 5769/7747/2608 5771/7749/2609 5765/7743/2606 
f 5762/7740/2604 5770/7748/2604 5763/7741/2605 
f 5738/7752/2610 5734/7753/2610 5773/7754/2610 
f 5773/7754/2610 5774/7755/2610 5738/7752/2610 
f 5738/7752/2610 5774/7755/2610 5727/7756/2610 
f 5727/7756/2610 5775/7757/2610 5721/7758/2610 
f 5775/7757/2610 5727/7756/2610 5774/7755/2610 
f 5732/7759/2610 5721/7758/2610 5776/7760/2610 
f 5776/7760/2610 5721/7758/2610 5775/7757/2610 
f 5732/7759/2610 5776/7760/2610 5777/7761/2610 
f 5778/7762/2610 5779/7763/2610 5709/7764/2610 
f 5728/7765/2610 5709/7764/2610 5779/7763/2610 
f 5778/7762/2610 5709/7764/2610 5730/7766/2610 
f 5732/7759/2610 5780/7767/2610 5731/7768/2610 
f 5732/7759/2610 5777/7761/2610 5780/7767/2610 
f 5731/7768/2610 5781/7769/2610 5730/7766/2610 
f 5781/7769/2610 5731/7768/2610 5780/7767/2610 
f 5730/7766/2610 5781/7769/2610 5778/7762/2610 
f 5782/7770/2610 5758/7771/2610 5755/7772/2610 
f 5760/7773/2610 5783/7774/2610 5784/7775/2610 
f 5784/7775/2610 5755/7772/2610 5760/7773/2610 
f 5782/7770/2610 5755/7772/2610 5784/7775/2610 
f 5734/7753/2610 5743/7776/2610 5773/7754/2610 
f 5785/7777/2610 5773/7754/2610 5743/7776/2610 
f 5785/7777/2610 5743/7776/2610 5758/7771/2610 
f 5758/7771/2610 5782/7770/2610 5785/7777/2610 
f 5786/7778/2610 5760/7773/2610 5772/7779/2610 
f 5786/7778/2610 5772/7779/2610 5787/7780/2610 
f 5787/7780/2610 5772/7779/2610 5770/7781/2610 
f 5787/7780/2610 5770/7781/2610 5788/7782/2610 
f 5779/7763/2610 5769/7783/2610 5728/7765/2610 
f 5769/7783/2610 5779/7763/2610 5788/7782/2610 
f 5770/7781/2610 5769/7783/2610 5788/7782/2610 
f 5786/7778/2610 5783/7774/2610 5760/7773/2610 
f 5789/7784/2574 5790/7785/2575 5778/7786/2574 
f 5791/7787/2579 5792/7788/2579 5781/7789/2580 
f 5775/7698/2587 5793/7790/2587 5794/7791/2584 
f 5795/7792/2611 5773/7793/2590 5796/7794/2590 
f 5797/7795/2585 5780/7703/2586 5798/7796/2585 
f 5799/7797/2583 5800/7798/2584 5794/7791/2584 
f 5790/7785/2575 5801/7799/2588 5802/7800/2612 
f 5781/7789/2580 5797/7795/2585 5803/7801/2580 
f 5792/7788/2579 5789/7784/2574 5778/7786/2574 
f 5804/7802/2582 5805/7803/2586 5806/7804/2582 
f 5777/7805/2581 5804/7802/2582 5806/7804/2582 
f 5807/7806/2581 5804/7802/2582 5777/7805/2581 
f 5803/7801/2580 5797/7795/2585 5798/7796/2585 
f 5805/7803/2586 5780/7703/2586 5806/7804/2582 
f 5808/7807/2591 5775/7698/2587 5809/7808/2591 
f 5794/7791/2584 5800/7798/2584 5775/7698/2587 
f 5801/7799/2588 5779/7705/2588 5802/7800/2612 
f 5774/7809/2577 5810/7810/2576 5811/7811/2577 
f 5781/7789/2580 5803/7801/2580 5791/7787/2579 
f 5780/7703/2586 5805/7803/2586 5798/7796/2585 
f 5775/7698/2587 5808/7807/2591 5793/7790/2587 
f 5778/7786/2574 5790/7785/2575 5802/7800/2612 
f 5812/7812/2592 5807/7806/2581 5813/7813/2592 
f 5810/7810/2576 5774/7809/2577 5795/7792/2611 
f 5800/7798/2584 5799/7797/2583 5776/7814/2583 
f 5809/7808/2591 5811/7811/2577 5808/7807/2591 
f 5807/7806/2581 5777/7805/2581 5813/7813/2592 
f 5795/7792/2611 5796/7794/2590 5810/7810/2576 
f 5789/7784/2574 5792/7788/2579 5791/7787/2579 
f 5776/7814/2583 5812/7812/2592 5813/7813/2592 
f 5776/7814/2583 5799/7797/2583 5812/7812/2592 
f 5809/7808/2591 5774/7809/2577 5811/7811/2577 
f 5814/7815/2593 5815/7816/2594 5785/7817/2593 
f 5816/7818/2595 5817/7819/2595 5782/7732/2596 
f 5786/7741/2597 5818/7820/2598 5819/7821/2598 
f 5820/7822/2599 5784/7823/2600 5821/7824/2599 
f 5822/7825/2600 5784/7823/2600 5823/7826/2601 
f 5815/7816/2594 5796/7827/2590 5824/7828/2613 
f 5782/7732/2596 5820/7822/2599 5825/7829/2596 
f 5817/7819/2595 5814/7815/2593 5785/7817/2593 
f 5826/7830/2601 5822/7825/2600 5823/7826/2601 
f 5825/7829/2596 5820/7822/2599 5821/7824/2599 
f 5827/7831/2603 5826/7830/2601 5783/7832/2603 
f 5784/7823/2600 5822/7825/2600 5821/7824/2599 
f 5827/7831/2603 5783/7832/2603 5819/7821/2598 
f 5783/7832/2603 5826/7830/2601 5823/7826/2601 
f 5787/7833/2604 5828/7834/2605 5829/7835/2605 
f 5779/7705/2588 5801/7799/2588 5830/7836/2614 
f 5831/7837/2607 5832/7838/2607 5788/7839/2608 
f 5788/7839/2608 5833/7840/2608 5831/7837/2607 
f 5834/7841/2604 5832/7838/2607 5831/7837/2607 
f 5835/7842/2609 5779/7705/2588 5830/7836/2614 
f 5782/7732/2596 5825/7829/2596 5816/7818/2595 
f 5819/7821/2598 5818/7820/2598 5827/7831/2603 
f 5796/7827/2590 5773/7843/2590 5824/7828/2613 
f 5832/7838/2607 5834/7841/2604 5787/7833/2604 
f 5835/7842/2609 5833/7840/2608 5788/7839/2608 
f 5785/7817/2593 5815/7816/2594 5824/7828/2613 
f 5836/7844/2597 5786/7741/2597 5829/7835/2605 
f 5814/7815/2593 5817/7819/2595 5816/7818/2595 
f 5836/7844/2597 5829/7835/2605 5828/7834/2605 
f 5786/7741/2597 5836/7844/2597 5818/7820/2598 
f 5833/7840/2608 5835/7842/2609 5830/7836/2614 
f 5787/7833/2604 5834/7841/2604 5828/7834/2605 
f 5811/7755/2610 5796/7754/2610 5837/7845/2610 
f 5837/7845/2610 5838/7846/2610 5811/7755/2610 
f 5811/7755/2610 5838/7846/2610 5793/7757/2610 
f 5793/7757/2610 5839/7847/2610 5799/7760/2610 
f 5839/7847/2610 5793/7757/2610 5838/7846/2610 
f 5799/7760/2610 5840/7848/2610 5807/7761/2610 
f 5840/7848/2610 5799/7760/2610 5839/7847/2610 
f 5841/7849/2610 5842/7850/2610 5789/7762/2610 
f 5801/7763/2610 5789/7762/2610 5842/7850/2610 
f 5841/7849/2610 5789/7762/2610 5803/7769/2610 
f 5807/7761/2610 5843/7851/2610 5805/7767/2610 
f 5807/7761/2610 5840/7848/2610 5843/7851/2610 
f 5805/7767/2610 5844/7852/2610 5803/7769/2610 
f 5844/7852/2610 5805/7767/2610 5843/7851/2610 
f 5803/7769/2610 5844/7852/2610 5841/7849/2610 
f 5825/7770/2610 5845/7853/2610 5846/7854/2610 
f 5845/7853/2610 5825/7770/2610 5822/7775/2610 
f 5822/7775/2610 5847/7855/2610 5845/7853/2610 
f 5847/7855/2610 5822/7775/2610 5827/7774/2610 
f 5796/7754/2610 5814/7777/2610 5837/7845/2610 
f 5846/7854/2610 5837/7845/2610 5814/7777/2610 
f 5814/7777/2610 5825/7770/2610 5846/7854/2610 
f 5848/7856/2610 5827/7774/2610 5836/7778/2610 
f 5848/7856/2610 5836/7778/2610 5849/7857/2610 
f 5849/7857/2610 5836/7778/2610 5834/7780/2610 
f 5849/7857/2610 5834/7780/2610 5850/7858/2610 
f 5842/7850/2610 5833/7782/2610 5801/7763/2610 
f 5833/7782/2610 5842/7850/2610 5850/7858/2610 
f 5834/7780/2610 5833/7782/2610 5850/7858/2610 
f 5848/7856/2610 5847/7855/2610 5827/7774/2610 
f 5851/7859/2615 5852/7860/2616 5841/7861/2615 
f 5853/7862/2617 5854/7863/2617 5844/7864/2618 
f 5855/7865/2619 5839/7866/2619 5856/7867/2620 
f 5857/7868/2621 5843/7869/2622 5858/7870/2621 
f 5859/7871/2622 5860/7872/2581 5861/7873/2581 
f 5852/7860/2616 5862/7874/2588 5863/7875/2623 
f 5864/7876/2624 5865/7877/2625 5866/7878/2625 
f 5854/7863/2617 5851/7859/2615 5841/7861/2615 
f 5857/7868/2621 5867/7879/2618 5844/7864/2618 
f 5839/7866/2619 5855/7865/2619 5866/7878/2625 
f 5861/7873/2581 5860/7872/2581 5840/7880/2624 
f 5840/7880/2624 5864/7876/2624 5861/7873/2581 
f 5839/7866/2619 5866/7878/2625 5865/7877/2625 
f 5851/7859/2615 5854/7863/2617 5853/7862/2617 
f 5837/7881/2590 5868/7882/2590 5869/7883/2626 
f 5841/7861/2615 5852/7860/2616 5863/7875/2623 
f 5867/7879/2618 5857/7868/2621 5858/7870/2621 
f 5870/7884/2627 5871/7885/2620 5838/7886/2627 
f 5844/7864/2618 5867/7879/2618 5853/7862/2617 
f 5864/7876/2624 5840/7880/2624 5865/7877/2625 
f 5862/7874/2588 5842/7799/2588 5863/7875/2623 
f 5837/7881/2590 5869/7883/2626 5872/7887/2628 
f 5871/7885/2620 5870/7884/2627 5856/7867/2620 
f 5843/7869/2622 5859/7871/2622 5858/7870/2621 
f 5838/7886/2627 5872/7887/2628 5870/7884/2627 
f 5843/7869/2622 5860/7872/2581 5859/7871/2622 
f 5856/7867/2620 5839/7866/2619 5871/7885/2620 
f 5870/7884/2627 5872/7887/2628 5869/7883/2626 
f 5873/7888/2629 5874/7889/2630 5846/7890/2629 
f 5875/7891/2631 5876/7892/2631 5845/7893/2632 
f 5877/7894/2633 5878/7895/2634 5879/7896/2635 
f 5880/7897/2636 5847/7898/2637 5881/7899/2636 
f 5846/7890/2629 5874/7889/2630 5882/7900/2638 
f 5874/7889/2630 5868/7901/2590 5882/7900/2638 
f 5873/7888/2629 5876/7892/2631 5875/7891/2631 
f 5876/7892/2631 5873/7888/2629 5846/7890/2629 
f 5880/7897/2636 5883/7902/2632 5845/7893/2632 
f 5845/7893/2632 5883/7902/2632 5875/7891/2631 
f 5884/7903/2603 5885/7904/2603 5848/7905/2639 
f 5868/7901/2590 5837/7906/2590 5882/7900/2638 
f 5849/7907/2640 5886/7908/2641 5887/7909/2641 
f 5888/7910/2640 5889/7911/2642 5890/7912/2642 
f 5890/7912/2642 5889/7911/2642 5850/7913/2633 
f 5891/7914/2639 5887/7909/2641 5886/7908/2641 
f 5850/7913/2633 5877/7894/2633 5890/7912/2642 
f 5878/7895/2634 5842/7799/2588 5879/7896/2635 
f 5883/7902/2632 5880/7897/2636 5881/7899/2636 
f 5891/7914/2639 5848/7905/2639 5887/7909/2641 
f 5892/7915/2637 5885/7904/2603 5884/7903/2603 
f 5889/7911/2642 5888/7910/2640 5849/7907/2640 
f 5878/7895/2634 5877/7894/2633 5850/7913/2633 
f 5848/7905/2639 5891/7914/2639 5884/7903/2603 
f 5849/7907/2640 5888/7910/2640 5886/7908/2641 
f 5847/7898/2637 5885/7904/2603 5892/7915/2637 
f 5842/7799/2588 5862/7874/2588 5879/7896/2635 
f 5847/7898/2637 5892/7915/2637 5881/7899/2636 
f 5893/7916/2610 5855/7847/2610 5870/7846/2610 
f 5893/7916/2610 5864/7848/2610 5855/7847/2610 
f 5870/7846/2610 5868/7845/2610 5893/7916/2610 
f 5893/7916/2610 5862/7850/2610 5851/7849/2610 
f 5893/7916/2610 5867/7852/2610 5859/7851/2610 
f 5867/7852/2610 5893/7916/2610 5851/7849/2610 
f 5893/7916/2610 5859/7851/2610 5864/7848/2610 
f 5873/7854/2610 5883/7853/2610 5893/7916/2610 
f 5893/7916/2610 5868/7845/2610 5873/7854/2610 
f 5893/7916/2610 5883/7853/2610 5892/7855/2610 
f 5891/7856/2610 5888/7857/2610 5893/7916/2610 
f 5893/7916/2610 5877/7858/2610 5862/7850/2610 
f 5877/7858/2610 5893/7916/2610 5888/7857/2610 
f 5891/7856/2610 5893/7916/2610 5892/7855/2610 
f 5713/7776/2643 5894/7917/2643 5733/7918/2643 
f 5713/7776/2643 5735/7771/2643 5894/7917/2643 
f 5742/7772/2643 5894/7917/2643 5735/7771/2643 
f 5742/7772/2643 5718/7773/2643 5894/7917/2643 
f 5711/7783/2643 5894/7917/2643 5717/7781/2643 
f 5894/7917/2643 5718/7773/2643 5725/7779/2643 
f 5725/7779/2643 5717/7781/2643 5894/7917/2643 
f 5711/7783/2643 5736/7919/2643 5894/7917/2643 
f 5748/7756/2643 5894/7917/2643 5753/7758/2643 
f 5748/7756/2643 5745/7752/2643 5894/7917/2643 
f 5894/7917/2643 5745/7752/2643 5733/7918/2643 
f 5894/7917/2643 5761/7759/2643 5753/7758/2643 
f 5894/7917/2643 5762/7766/2643 5749/7768/2643 
f 5736/7919/2643 5768/7764/2643 5894/7917/2643 
f 5762/7766/2643 5894/7917/2643 5768/7764/2643 
f 5761/7759/2643 5894/7917/2643 5749/7768/2643 
# 276 faces

#
# object _Extrusion__2040_
#

v  -0.9804 86.7491 35.9851
v  -0.4152 86.7491 35.9851
v  0.0940 86.9848 36.0527
v  -1.4896 88.8937 36.6001
v  -1.8420 87.4096 36.1745
v  -1.4896 86.9848 36.0527
v  -1.8420 88.4689 36.4783
v  -1.9678 87.9393 36.3264
v  0.4464 88.4689 36.4783
v  0.4464 87.4096 36.1745
v  0.0940 88.8937 36.6001
v  -0.4152 89.1294 36.6677
v  -0.9804 89.1294 36.6677
v  0.5722 87.9393 36.3264
v  -1.4896 93.7945 19.5089
v  -0.4152 94.0303 19.5764
v  0.0940 93.7945 19.5089
v  0.0940 91.8856 18.9615
v  -0.9804 94.0303 19.5764
v  -1.8420 92.3104 19.0833
v  -1.9678 92.8401 19.2352
v  -1.8420 93.3698 19.3871
v  0.4464 93.3698 19.3871
v  0.5722 92.8401 19.2352
v  0.4464 92.3104 19.0833
v  -1.4896 91.8856 18.9615
v  -0.9804 91.6499 18.8939
v  -0.4152 91.6499 18.8939
v  -1.6660 89.2783 28.6748
v  -0.6978 89.1689 27.4307
v  -1.9678 91.3691 24.3650
v  0.5722 91.3691 24.3650
v  0.2704 89.2783 28.6748
v  0.2704 90.8584 29.1279
v  -0.6978 91.6105 28.1309
v  -1.6660 90.8584 29.1279
# 36 vertices

vn 0.0000 -0.2756 0.9613
vn -0.0000 0.2756 -0.9613
vn -0.7623 -0.6221 -0.1784
vn -0.9010 -0.4171 -0.1196
vn -0.6235 -0.7515 -0.2155
vn -0.2225 -0.9372 -0.2687
vn -0.0000 -0.9613 -0.2756
vn -1.0000 0.0000 0.0000
vn 0.2225 -0.9372 -0.2687
vn 0.6235 -0.7515 -0.2155
vn 0.9010 -0.4171 -0.1196
vn 1.0000 -0.0000 -0.0000
vn 0.7623 -0.6221 -0.1784
vn 0.7623 0.6221 0.1784
vn 0.9010 0.4171 0.1196
vn 0.6235 0.7515 0.2155
vn 0.2225 0.9372 0.2687
vn -0.0000 0.9613 0.2756
vn -0.6235 0.7515 0.2155
vn -0.2225 0.9372 0.2687
vn -0.7623 0.6221 0.1784
vn -0.9010 0.4171 0.1196
# 22 vertex normals

vt 0.1232 0.8966 0.0000
vt 0.1418 0.8966 0.0000
vt 0.1585 0.9047 0.0000
vt 0.1065 0.9698 0.0000
vt 0.0950 0.9192 0.0000
vt 0.1065 0.9047 0.0000
vt 0.0950 0.9553 0.0000
vt 0.0908 0.9372 0.0000
vt 0.1700 0.9553 0.0000
vt 0.1700 0.9192 0.0000
vt 0.1585 0.9698 0.0000
vt 0.1418 0.9779 0.0000
vt 0.1232 0.9779 0.0000
vt 0.1742 0.9372 0.0000
vt -0.1065 0.9698 0.0000
vt -0.1418 0.9779 0.0000
vt -0.1585 0.9698 0.0000
vt -0.1585 0.9047 0.0000
vt -0.1232 0.9779 0.0000
vt -0.0950 0.9192 0.0000
vt -0.0908 0.9372 0.0000
vt -0.0950 0.9553 0.0000
vt -0.1700 0.9553 0.0000
vt -0.1742 0.9372 0.0000
vt -0.1700 0.9192 0.0000
vt -0.1065 0.9047 0.0000
vt -0.1232 0.8966 0.0000
vt -0.1418 0.8966 0.0000
vt -0.0752 -1.4969 0.0000
vt -0.0300 -1.1700 0.0000
vt -0.0486 -1.1680 0.0000
vt -0.0672 -1.1660 0.0000
vt -0.1071 -1.4551 0.0000
vt -0.1284 -1.7462 0.0000
vt -0.0114 -1.1719 0.0000
vt -0.0298 -1.3460 0.0000
vt -0.0858 -1.1641 0.0000
vt -0.1044 -1.1621 0.0000
vt -0.0912 -1.7501 0.0000
vt -0.0726 -1.7520 0.0000
vt -0.1098 -1.7481 0.0000
vt -0.1230 -1.1602 0.0000
vt -0.1599 -1.3323 0.0000
vt -0.1470 -1.4894 0.0000
vt -0.1416 -1.1582 0.0000
vt -0.2027 -1.7383 0.0000
vt -0.1841 -1.7403 0.0000
vt -0.1470 -1.7442 0.0000
vt -0.1656 -1.7422 0.0000
vt -0.2053 -1.4832 0.0000
vt -0.1602 -1.1562 0.0000
vt -0.1788 -1.1543 0.0000
vt -0.2585 -1.7324 0.0000
vt -0.2373 -1.4414 0.0000
vt -0.2346 -1.1484 0.0000
vt -0.2160 -1.1504 0.0000
vt -0.2772 -1.4757 0.0000
vt -0.3329 -1.7246 0.0000
vt -0.3143 -1.7266 0.0000
vt -0.1974 -1.1523 0.0000
vt -0.2771 -1.7305 0.0000
vt -0.2957 -1.7285 0.0000
vt -0.2213 -1.7364 0.0000
vt -0.2532 -1.1464 0.0000
vt -0.2901 -1.3186 0.0000
vt -0.2399 -1.7344 0.0000
vt -0.2718 -1.1445 0.0000
# 67 texture coords

g _Extrusion__2040_
usemtl metal
s off
f 5895/7920/2644 5896/7921/2644 5897/7922/2644 
f 5898/7923/2644 5899/7924/2644 5897/7922/2644 
f 5900/7925/2644 5895/7920/2644 5899/7924/2644 
f 5899/7924/2644 5895/7920/2644 5897/7922/2644 
f 5899/7924/2644 5901/7926/2644 5902/7927/2644 
f 5903/7928/2644 5897/7922/2644 5904/7929/2644 
f 5903/7928/2644 5905/7930/2644 5897/7922/2644 
f 5905/7930/2644 5898/7923/2644 5897/7922/2644 
f 5899/7924/2644 5898/7923/2644 5901/7926/2644 
f 5906/7931/2644 5907/7932/2644 5898/7923/2644 
f 5905/7930/2644 5906/7931/2644 5898/7923/2644 
f 5908/7933/2644 5903/7928/2644 5904/7929/2644 
f 5909/7934/2645 5910/7935/2645 5911/7936/2645 
f 5911/7936/2645 5912/7937/2645 5909/7934/2645 
f 5913/7938/2645 5910/7935/2645 5909/7934/2645 
f 5914/7939/2645 5915/7940/2645 5916/7941/2645 
f 5916/7941/2645 5909/7934/2645 5914/7939/2645 
f 5911/7936/2645 5917/7942/2645 5918/7943/2645 
f 5918/7943/2645 5919/7944/2645 5912/7937/2645 
f 5912/7937/2645 5914/7939/2645 5909/7934/2645 
f 5920/7945/2645 5914/7939/2645 5921/7946/2645 
f 5921/7946/2645 5914/7939/2645 5912/7937/2645 
f 5912/7937/2645 5922/7947/2645 5921/7946/2645 
f 5912/7937/2645 5911/7936/2645 5918/7943/2645 
f 5923/7948/2646 5914/7949/2647 5920/7950/2648 
f 5921/7951/2649 5924/7952/2650 5920/7950/2648 
f 5924/7952/2650 5895/7953/2649 5923/7948/2646 
f 5923/7948/2646 5920/7950/2648 5924/7952/2650 
f 5915/7954/2651 5914/7949/2647 5925/7955/2651 
f 5924/7952/2650 5922/7956/2652 5912/7957/2653 
f 5923/7948/2646 5899/7958/2647 5902/7959/2651 
f 5902/7959/2651 5925/7955/2651 5923/7948/2646 
f 5923/7948/2646 5895/7953/2649 5900/7960/2648 
f 5921/7951/2649 5922/7956/2652 5924/7952/2650 
f 5919/7961/2654 5926/7962/2655 5927/7963/2656 
f 5899/7958/2647 5923/7948/2646 5900/7960/2648 
f 5918/7964/2655 5926/7962/2655 5919/7961/2654 
f 5927/7963/2656 5908/7965/2655 5904/7966/2654 
f 5927/7963/2656 5896/7967/2652 5924/7952/2650 
f 5912/7957/2653 5927/7963/2656 5924/7952/2650 
f 5897/7968/2653 5927/7963/2656 5904/7966/2654 
f 5919/7961/2654 5927/7963/2656 5912/7957/2653 
f 5896/7967/2652 5927/7963/2656 5897/7968/2653 
f 5927/7963/2656 5926/7962/2655 5908/7965/2655 
f 5896/7967/2652 5895/7953/2649 5924/7952/2650 
f 5923/7948/2646 5925/7955/2651 5914/7949/2647 
f 5928/7969/2657 5917/7970/2658 5911/7971/2659 
f 5928/7969/2657 5926/7962/2655 5917/7970/2658 
f 5906/7972/2660 5928/7969/2657 5929/7973/2661 
f 5909/7974/2662 5929/7973/2661 5913/7975/2663 
f 5930/7976/2664 5902/7977/2651 5901/7978/2665 
f 5910/7979/2660 5929/7973/2661 5911/7971/2659 
f 5907/7980/2663 5930/7976/2664 5898/7981/2662 
f 5918/7964/2655 5917/7970/2658 5926/7962/2655 
f 5928/7969/2657 5911/7971/2659 5929/7973/2661 
f 5908/7965/2655 5928/7969/2657 5903/7982/2658 
f 5908/7965/2655 5926/7962/2655 5928/7969/2657 
f 5907/7980/2663 5906/7972/2660 5929/7973/2661 
f 5913/7975/2663 5929/7973/2661 5910/7979/2660 
f 5916/7983/2665 5925/7984/2651 5930/7976/2664 
f 5930/7976/2664 5925/7984/2651 5902/7977/2651 
f 5903/7982/2658 5928/7969/2657 5905/7985/2659 
f 5915/7986/2651 5925/7984/2651 5916/7983/2665 
f 5929/7973/2661 5930/7976/2664 5907/7980/2663 
f 5898/7981/2662 5930/7976/2664 5901/7978/2665 
f 5916/7983/2665 5930/7976/2664 5909/7974/2662 
f 5909/7974/2662 5930/7976/2664 5929/7973/2661 
f 5928/7969/2657 5906/7972/2660 5905/7985/2659 
# 68 faces

#
# object _Revolve__2044_
#

v  -0.7815 95.5693 38.5143
v  -0.7815 88.2445 36.4139
v  -3.6975 95.0117 38.3544
v  -6.1696 93.4239 37.8991
v  -7.8214 91.0475 37.2177
v  -8.4015 88.2445 36.4139
v  -6.1696 83.0650 34.9287
v  -3.6975 81.4772 34.4734
v  -7.8214 85.4414 35.6102
v  -0.7815 80.9196 34.3136
v  6.2585 91.0475 37.2177
v  4.6067 93.4239 37.8991
v  2.1346 95.0117 38.3544
v  6.8385 88.2445 36.4139
v  6.2585 85.4414 35.6102
v  4.6067 83.0650 34.9287
v  2.1346 81.4772 34.4734
v  -2.9856 90.0186 46.8315
v  -4.7532 88.6636 46.4430
v  -0.7815 85.6190 45.5699
v  -5.7341 86.7056 45.8815
v  -0.7815 90.5022 46.9702
v  -2.9856 81.2194 44.3084
v  -0.7815 80.7358 44.1697
v  -5.7341 84.5324 45.2584
v  -4.7532 82.5744 44.6969
v  3.1902 88.6636 46.4430
v  1.4227 90.0186 46.8315
v  4.1712 86.7056 45.8815
v  3.1902 82.5744 44.6969
v  4.1712 84.5324 45.2584
v  1.4227 81.2194 44.3084
v  -2.9856 81.9195 41.8668
v  -1.8835 80.9776 44.2390
v  -3.8694 82.5970 42.0610
v  -2.9856 90.7188 44.3899
v  -3.8694 90.0413 44.1956
v  -4.7532 89.3638 44.0014
v  -3.8694 89.3411 46.6372
v  -5.2436 84.2535 42.5360
v  -4.7532 83.2745 42.2553
v  -5.7341 85.6190 45.5699
v  -5.7341 87.4057 43.4399
v  -5.7341 86.3191 43.1283
v  -1.8313 81.6663 41.7941
v  -5.2436 88.3848 43.7206
v  -5.2436 87.6846 46.1622
v  -3.8694 81.8969 44.5026
v  -5.2436 83.5534 44.9776
v  -5.7341 85.2325 42.8167
v  -1.8835 90.9605 44.4592
v  -0.7815 81.4359 41.7281
v  -1.8313 90.2719 46.9041
v  -0.7815 91.2023 44.5286
v  1.4227 90.7188 44.3899
v  0.3206 90.2604 46.9008
v  2.3064 90.0413 44.1956
v  0.3206 81.6777 41.7974
v  0.2683 80.9661 44.2357
v  3.6807 88.3848 43.7206
v  3.1902 89.3638 44.0014
v  0.2683 90.9720 44.4625
v  2.3064 89.3411 46.6372
v  3.6807 87.6846 46.1622
v  4.1712 87.4057 43.4399
v  4.1712 85.2325 42.8167
v  4.1712 85.6190 45.5699
v  3.6807 84.2535 42.5360
v  2.3064 82.5970 42.0610
v  2.3064 81.8969 44.5026
v  3.1902 83.2745 42.2553
v  3.6807 83.5534 44.9776
v  1.4227 81.9195 41.8668
v  4.1712 86.3191 43.1283
v  -0.7815 92.4231 44.8786
v  -3.2115 91.9585 44.7454
v  -5.2716 90.6353 44.3660
v  -6.6481 88.6550 43.7981
v  -7.1315 86.3191 43.1283
v  -3.2115 80.6798 41.5113
v  -0.7815 80.2151 41.3780
v  -5.2716 82.0029 41.8907
v  -6.6481 83.9832 42.4585
v  3.7087 90.6353 44.3660
v  5.0852 88.6550 43.7981
v  5.5685 86.3191 43.1283
v  1.6486 91.9585 44.7454
v  5.0852 83.9832 42.4585
v  3.7087 82.0029 41.8907
v  1.6486 80.6798 41.5113
v  -3.2115 81.5549 38.4593
v  -1.9965 80.4474 41.4447
v  -5.9599 90.5203 41.0301
v  -5.9599 89.6452 44.0821
v  -5.9599 83.8682 39.1226
v  -5.2716 82.8781 38.8387
v  -6.8898 85.1512 42.7934
v  -7.1315 87.1943 40.0763
v  -6.8898 86.0263 39.7414
v  -5.2716 91.5105 41.3140
v  -4.2415 91.2969 44.5557
v  -4.2415 92.1721 41.5037
v  -4.2415 82.2165 38.6490
v  -0.7815 93.2983 41.8266
v  -1.9646 93.0721 41.7617
v  -1.9646 81.3165 38.3909
v  -5.9599 82.9931 42.1746
v  -6.6481 84.8584 39.4065
v  -4.2415 81.3413 41.7010
v  -6.6481 89.5302 40.7461
v  -3.2115 92.8336 41.6934
v  -6.8898 88.3622 40.4112
v  -1.9965 92.1908 44.8120
v  -6.8898 87.4871 43.4632
v  -0.7815 81.0903 38.3260
v  1.6486 92.8336 41.6934
v  0.4335 92.1908 44.8120
v  2.6786 91.2969 44.5557
v  3.7087 91.5105 41.3140
v  4.3969 90.5203 41.0301
v  2.6786 92.1721 41.5037
v  5.3268 87.4871 43.4632
v  5.5685 87.1943 40.0763
v  5.3268 88.3622 40.4112
v  5.0852 89.5302 40.7461
v  0.4016 93.0721 41.7617
v  4.3969 89.6452 44.0821
v  0.4335 81.3226 38.3926
v  0.4016 80.4413 41.4429
v  4.3969 82.9931 42.1746
v  3.7087 82.8781 38.8387
v  4.3969 83.8682 39.1226
v  5.0852 84.8584 39.4065
v  1.6486 81.5549 38.4593
v  2.6786 82.2165 38.6490
v  5.3268 85.1512 42.7934
v  5.3268 86.0263 39.7414
v  2.6786 81.3413 41.7010
v  -0.7815 94.5191 42.1767
v  -3.6975 93.9615 42.0168
v  -6.1696 92.3737 41.5615
v  -7.8214 89.9974 40.8801
v  -8.4015 87.1943 40.0763
v  -3.6975 80.4270 38.1358
v  -0.7815 79.8695 37.9760
v  -6.1696 82.0149 38.5911
v  -7.8214 84.3912 39.2726
v  6.2585 89.9974 40.8801
v  4.6067 92.3737 41.5615
v  6.8385 87.1943 40.0763
v  2.1346 93.9615 42.0168
v  6.2585 84.3912 39.2726
v  4.6067 82.0149 38.5911
v  2.1346 80.4270 38.1358
v  -2.2395 80.1483 38.0559
v  -8.1115 86.8429 36.0120
v  -6.9955 84.2532 35.2694
v  -4.9336 81.2209 38.3635
v  -8.1115 88.5958 40.4782
v  -4.9336 82.2711 34.7011
v  -6.9955 92.2357 37.5584
v  -6.9955 91.1855 41.2208
v  -2.0775 81.1674 34.3846
v  -6.9955 83.2030 38.9319
v  -8.1115 85.7927 39.6744
v  -8.1115 89.6460 36.8158
v  -4.9336 94.2178 38.1267
v  -4.9336 93.1676 41.7892
v  -2.2395 95.2905 38.4343
v  -2.2395 94.2403 42.0967
v  0.6766 94.2403 42.0967
v  3.3706 93.1676 41.7892
v  5.4326 92.2357 37.5584
v  3.3706 94.2178 38.1267
v  6.5485 88.5958 40.4782
v  6.5485 89.6460 36.8158
v  0.5146 95.3215 38.4432
v  5.4326 91.1855 41.2208
v  0.6766 81.1984 34.3935
v  0.5146 80.1173 38.0470
v  5.4326 83.2030 38.9319
v  5.4326 84.2532 35.2694
v  3.3706 82.2711 34.7011
v  6.5485 85.7927 39.6744
v  6.5485 86.8429 36.0120
v  3.3706 81.2209 38.3635
# 186 vertices

vn 0.0000 0.2756 -0.9613
vn -0.0000 -0.2756 0.9613
vn -0.4339 -0.8661 -0.2483
vn -0.2225 -0.9372 -0.2687
vn -0.6235 -0.7515 -0.2155
vn -0.4339 0.8661 0.2483
vn -0.6235 0.7515 0.2155
vn -0.7818 0.5993 0.1719
vn -0.7818 -0.5993 -0.1719
vn -0.9010 -0.4171 -0.1196
vn -1.0000 -0.0000 -0.0000
vn -0.9749 0.2139 0.0613
vn -0.2121 -0.9394 -0.2694
vn -0.0000 -0.9613 -0.2756
vn -0.9010 0.4171 0.1196
vn -0.9749 -0.2139 -0.0613
vn -0.2225 0.9372 0.2687
vn -0.2121 0.9394 0.2694
vn -0.0000 0.9613 0.2756
vn 0.4339 0.8661 0.2483
vn 0.2225 0.9372 0.2687
vn 0.6235 0.7515 0.2155
vn 0.2225 -0.9372 -0.2687
vn 0.4339 -0.8661 -0.2483
vn 0.2121 -0.9394 -0.2694
vn 0.7818 0.5993 0.1719
vn 0.9010 0.4171 0.1196
vn 0.2121 0.9394 0.2694
vn 0.9749 0.2139 0.0613
vn 0.9749 -0.2139 -0.0613
vn 1.0000 0.0000 0.0000
vn 0.9010 -0.4171 -0.1196
vn 0.6235 -0.7515 -0.2155
vn 0.7818 -0.5993 -0.1719
vn -0.3827 -0.8881 -0.2547
vn -0.1951 -0.9428 -0.2703
vn -0.8315 0.5340 0.1531
vn -0.9239 0.3679 0.1055
vn -0.7071 -0.6797 -0.1949
vn -0.8315 -0.5340 -0.1531
vn -0.9808 -0.1875 -0.0538
vn -0.7071 0.6797 0.1949
vn -0.5556 0.7993 0.2292
vn -0.5556 -0.7993 -0.2292
vn -0.1900 0.9437 0.2706
vn -0.1900 -0.9437 -0.2706
vn -0.9239 -0.3679 -0.1055
vn -0.3827 0.8881 0.2547
vn -0.9808 0.1875 0.0538
vn -0.1951 0.9428 0.2703
vn 0.3827 0.8881 0.2547
vn 0.1951 0.9428 0.2703
vn 0.5556 0.7993 0.2292
vn 0.7071 0.6797 0.1949
vn 0.8315 0.5340 0.1531
vn 0.9808 0.1875 0.0538
vn 0.9239 0.3679 0.1055
vn 0.1900 0.9437 0.2706
vn 0.1951 -0.9428 -0.2703
vn 0.3827 -0.8881 -0.2547
vn 0.1900 -0.9437 -0.2706
vn 0.8315 -0.5340 -0.1531
vn 0.7071 -0.6797 -0.1949
vn 0.9239 -0.3679 -0.1055
vn 0.5556 -0.7993 -0.2292
vn 0.9808 -0.1875 -0.0538
vn -0.1736 -0.9467 -0.2714
vn 0.1736 0.9467 0.2714
vn 0.1736 -0.9467 -0.2714
# 69 vertex normals

vt -0.0000 5.7429 0.0000
vt -0.0000 5.4929 0.0000
vt 0.0957 5.7239 0.0000
vt 0.1768 5.6697 0.0000
vt 0.2310 5.5886 0.0000
vt 0.2500 5.4929 0.0000
vt 0.1768 5.3161 0.0000
vt 0.0957 5.2619 0.0000
vt 0.2310 5.3972 0.0000
vt -0.0000 5.2429 0.0000
vt -0.2310 5.5886 0.0000
vt -0.1768 5.6697 0.0000
vt -0.0957 5.7239 0.0000
vt -0.2500 5.4929 0.0000
vt -0.2310 5.3972 0.0000
vt -0.1768 5.3161 0.0000
vt -0.0957 5.2619 0.0000
vt -0.0723 5.6431 0.0000
vt -0.1303 5.5968 0.0000
vt 0.0000 5.4929 0.0000
vt -0.1625 5.5300 0.0000
vt 0.0000 5.6596 0.0000
vt -0.0723 5.3427 0.0000
vt 0.0000 5.3262 0.0000
vt -0.1625 5.4558 0.0000
vt -0.1303 5.3890 0.0000
vt 0.1303 5.5968 0.0000
vt 0.0723 5.6431 0.0000
vt 0.1625 5.5300 0.0000
vt 0.1303 5.3890 0.0000
vt 0.1625 5.4558 0.0000
vt 0.0723 5.3427 0.0000
vt 0.0748 -0.8333 0.0000
vt 0.0374 -0.9167 0.0000
vt 0.0748 -0.9167 0.0000
vt 0.1122 -0.8333 0.0000
vt 0.4488 -0.9167 0.0000
vt 0.4488 -0.8333 0.0000
vt 0.4114 -0.8333 0.0000
vt 0.3740 -0.8333 0.0000
vt 0.4114 -0.9167 0.0000
vt 0.1496 -0.9167 0.0000
vt 0.1870 -0.8333 0.0000
vt 0.1496 -0.8333 0.0000
vt 0.2618 -0.9167 0.0000
vt 0.2992 -0.8333 0.0000
vt 0.2618 -0.8333 0.0000
vt 0.0356 -0.8333 0.0000
vt 0.0000 -0.9167 0.0000
vt 0.3366 -0.8333 0.0000
vt 0.2992 -0.9167 0.0000
vt 0.3366 -0.9167 0.0000
vt 0.1122 -0.9167 0.0000
vt 0.1870 -0.9167 0.0000
vt 0.2244 -0.8333 0.0000
vt 0.2244 -0.9167 0.0000
vt 0.4862 -0.8333 0.0000
vt 0.0000 -0.8333 0.0000
vt 0.4880 -0.9167 0.0000
vt 0.5236 -0.8333 0.0000
vt 0.3740 -0.9167 0.0000
vt 0.5236 -0.9167 0.0000
vt -0.4488 -0.8333 0.0000
vt -0.4862 -0.9167 0.0000
vt -0.4488 -0.9167 0.0000
vt -0.4114 -0.8333 0.0000
vt -0.0374 -0.8333 0.0000
vt -0.0748 -0.9167 0.0000
vt -0.0356 -0.9167 0.0000
vt -0.3740 -0.9167 0.0000
vt -0.3366 -0.8333 0.0000
vt -0.3740 -0.8333 0.0000
vt -0.5236 -0.9167 0.0000
vt -0.4880 -0.8333 0.0000
vt -0.5236 -0.8333 0.0000
vt -0.4114 -0.9167 0.0000
vt -0.3366 -0.9167 0.0000
vt -0.2992 -0.8333 0.0000
vt -0.2244 -0.8333 0.0000
vt -0.2618 -0.9167 0.0000
vt -0.2244 -0.9167 0.0000
vt -0.1870 -0.8333 0.0000
vt -0.1122 -0.8333 0.0000
vt -0.1496 -0.9167 0.0000
vt -0.1122 -0.9167 0.0000
vt -0.1496 -0.8333 0.0000
vt -0.1870 -0.9167 0.0000
vt -0.0748 -0.8333 0.0000
vt -0.2618 -0.8333 0.0000
vt -0.2992 -0.9167 0.0000
vt 0.0000 5.7012 0.0000
vt -0.0797 5.6854 0.0000
vt -0.1473 5.6402 0.0000
vt -0.1925 5.5726 0.0000
vt -0.2083 5.4929 0.0000
vt -0.0797 5.3004 0.0000
vt 0.0000 5.2846 0.0000
vt -0.1473 5.3456 0.0000
vt -0.1925 5.4132 0.0000
vt 0.1473 5.6402 0.0000
vt 0.1925 5.5726 0.0000
vt 0.2083 5.4929 0.0000
vt 0.0797 5.6854 0.0000
vt 0.1925 5.4132 0.0000
vt 0.1473 5.3456 0.0000
vt 0.0797 5.3004 0.0000
vt 0.0818 -0.7292 0.0000
vt 0.0409 -0.8333 0.0000
vt 0.0818 -0.8333 0.0000
vt 0.4500 -0.7292 0.0000
vt 0.4091 -0.8333 0.0000
vt 0.4500 -0.8333 0.0000
vt 0.1636 -0.8333 0.0000
vt 0.2045 -0.7292 0.0000
vt 0.1636 -0.7292 0.0000
vt 0.2863 -0.8333 0.0000
vt 0.3272 -0.7292 0.0000
vt 0.2863 -0.7292 0.0000
vt 0.4909 -0.7292 0.0000
vt 0.5318 -0.8333 0.0000
vt 0.5318 -0.7292 0.0000
vt 0.1227 -0.7292 0.0000
vt 0.6545 -0.8333 0.0000
vt 0.6545 -0.7292 0.0000
vt 0.6147 -0.7292 0.0000
vt 0.0398 -0.7292 0.0000
vt 0.2045 -0.8333 0.0000
vt 0.2454 -0.7292 0.0000
vt 0.1227 -0.8333 0.0000
vt 0.2454 -0.8333 0.0000
vt 0.3272 -0.8333 0.0000
vt 0.4909 -0.8333 0.0000
vt 0.4091 -0.7292 0.0000
vt 0.5727 -0.8333 0.0000
vt 0.5727 -0.7292 0.0000
vt 0.3682 -0.7292 0.0000
vt 0.6136 -0.8333 0.0000
vt 0.3682 -0.8333 0.0000
vt 0.0000 -0.7292 0.0000
vt -0.5727 -0.7292 0.0000
vt -0.6136 -0.8333 0.0000
vt -0.5727 -0.8333 0.0000
vt -0.5318 -0.8333 0.0000
vt -0.4909 -0.8333 0.0000
vt -0.4909 -0.7292 0.0000
vt -0.4500 -0.7292 0.0000
vt -0.5318 -0.7292 0.0000
vt -0.3682 -0.8333 0.0000
vt -0.3272 -0.7292 0.0000
vt -0.3682 -0.7292 0.0000
vt -0.4091 -0.7292 0.0000
vt -0.4091 -0.8333 0.0000
vt -0.6147 -0.7292 0.0000
vt -0.6545 -0.8333 0.0000
vt -0.4500 -0.8333 0.0000
vt -0.0409 -0.7292 0.0000
vt -0.0818 -0.8333 0.0000
vt -0.0398 -0.8333 0.0000
vt -0.2045 -0.8333 0.0000
vt -0.1636 -0.8333 0.0000
vt -0.1636 -0.7292 0.0000
vt -0.3272 -0.8333 0.0000
vt -0.2045 -0.7292 0.0000
vt -0.2454 -0.8333 0.0000
vt -0.2454 -0.7292 0.0000
vt -0.0818 -0.7292 0.0000
vt -0.6545 -0.7292 0.0000
vt -0.1227 -0.7292 0.0000
vt -0.2863 -0.8333 0.0000
vt -0.2863 -0.7292 0.0000
vt -0.1227 -0.8333 0.0000
vt 0.0000 5.7429 0.0000
vt 0.0000 5.2429 0.0000
vt 0.0982 -0.6042 0.0000
vt 0.0491 -0.7292 0.0000
vt 0.0982 -0.7292 0.0000
vt 0.3436 -0.6042 0.0000
vt 0.2945 -0.6042 0.0000
vt 0.2945 -0.7292 0.0000
vt 0.1963 -0.7292 0.0000
vt 0.2454 -0.6042 0.0000
vt 0.1963 -0.6042 0.0000
vt 0.1473 -0.7292 0.0000
vt 0.4418 -0.7292 0.0000
vt 0.4909 -0.6042 0.0000
vt 0.1473 -0.6042 0.0000
vt 0.5400 -0.6042 0.0000
vt 0.5400 -0.7292 0.0000
vt 0.0436 -0.6042 0.0000
vt 0.3436 -0.7292 0.0000
vt 0.3927 -0.6042 0.0000
vt 0.3927 -0.7292 0.0000
vt 0.4418 -0.6042 0.0000
vt 0.5890 -0.7292 0.0000
vt 0.6872 -0.7292 0.0000
vt 0.6872 -0.6042 0.0000
vt 0.6381 -0.6042 0.0000
vt 0.6381 -0.7292 0.0000
vt 0.0000 -0.6042 0.0000
vt 0.5890 -0.6042 0.0000
vt 0.7363 -0.6042 0.0000
vt 0.7363 -0.7292 0.0000
vt 0.7854 -0.7292 0.0000
vt 0.7854 -0.6042 0.0000
vt -0.6872 -0.6042 0.0000
vt -0.7363 -0.7292 0.0000
vt -0.6872 -0.7292 0.0000
vt -0.6381 -0.7292 0.0000
vt -0.5890 -0.7292 0.0000
vt -0.5890 -0.6042 0.0000
vt -0.5400 -0.6042 0.0000
vt -0.6381 -0.6042 0.0000
vt -0.4418 -0.7292 0.0000
vt -0.3927 -0.6042 0.0000
vt -0.4418 -0.6042 0.0000
vt -0.4909 -0.6042 0.0000
vt -0.7418 -0.6042 0.0000
vt -0.7854 -0.7292 0.0000
vt -0.5400 -0.7292 0.0000
vt -0.0491 -0.6042 0.0000
vt -0.0982 -0.7292 0.0000
vt -0.0436 -0.7292 0.0000
vt -0.1963 -0.7292 0.0000
vt -0.1963 -0.6042 0.0000
vt -0.3927 -0.7292 0.0000
vt -0.2454 -0.6042 0.0000
vt -0.2945 -0.7292 0.0000
vt -0.2945 -0.6042 0.0000
vt -0.0982 -0.6042 0.0000
vt -0.7854 -0.6042 0.0000
vt -0.1473 -0.6042 0.0000
vt -0.3436 -0.7292 0.0000
vt -0.3436 -0.6042 0.0000
vt -0.1473 -0.7292 0.0000
# 234 texture coords

g _Revolve__2044_
usemtl plastic
s off
f 5931/7987/2666 5932/7988/2666 5933/7989/2666 
f 5932/7988/2666 5934/7990/2666 5933/7989/2666 
f 5934/7990/2666 5932/7988/2666 5935/7991/2666 
f 5932/7988/2666 5936/7992/2666 5935/7991/2666 
f 5937/7993/2666 5932/7988/2666 5938/7994/2666 
f 5939/7995/2666 5936/7992/2666 5932/7988/2666 
f 5932/7988/2666 5937/7993/2666 5939/7995/2666 
f 5932/7988/2666 5940/7996/2666 5938/7994/2666 
f 5941/7997/2666 5932/7988/2666 5942/7998/2666 
f 5932/7988/2666 5943/7999/2666 5942/7998/2666 
f 5931/7987/2666 5943/7999/2666 5932/7988/2666 
f 5941/7997/2666 5944/8000/2666 5932/7988/2666 
f 5945/8001/2666 5946/8002/2666 5932/7988/2666 
f 5932/7988/2666 5947/8003/2666 5940/7996/2666 
f 5947/8003/2666 5932/7988/2666 5946/8002/2666 
f 5945/8001/2666 5932/7988/2666 5944/8000/2666 
f 5948/8004/2667 5949/8005/2667 5950/8006/2667 
f 5949/8005/2667 5951/8007/2667 5950/8006/2667 
f 5950/8006/2667 5952/8008/2667 5948/8004/2667 
f 5953/8009/2667 5954/8010/2667 5950/8006/2667 
f 5955/8011/2667 5956/8012/2667 5950/8006/2667 
f 5953/8009/2667 5950/8006/2667 5956/8012/2667 
f 5951/8007/2667 5955/8011/2667 5950/8006/2667 
f 5950/8006/2667 5957/8013/2667 5958/8014/2667 
f 5958/8014/2667 5952/8008/2667 5950/8006/2667 
f 5959/8015/2667 5957/8013/2667 5950/8006/2667 
f 5950/8006/2667 5960/8016/2667 5961/8017/2667 
f 5954/8010/2667 5962/8018/2667 5950/8006/2667 
f 5960/8016/2667 5950/8006/2667 5962/8018/2667 
f 5959/8015/2667 5950/8006/2667 5961/8017/2667 
f 5963/8019/2668 5964/8020/2669 5953/8021/2668 
f 5953/8021/2668 5965/8022/2670 5963/8019/2668 
f 5948/8023/2671 5966/8024/2671 5967/8025/2672 
f 5968/8026/2673 5969/8027/2672 5967/8025/2672 
f 5956/8028/2674 5970/8029/2675 5971/8030/2674 
f 5972/8031/2676 5973/8032/2677 5974/8033/2676 
f 5975/8034/2678 5954/8035/2679 5964/8020/2669 
f 5976/8036/2680 5951/8037/2677 5977/8038/2680 
f 5978/8039/2670 5971/8030/2674 5965/8022/2670 
f 5979/8040/2675 5980/8041/2681 5970/8029/2675 
f 5974/8033/2676 5980/8041/2681 5955/8042/2681 
f 5973/8032/2677 5972/8031/2676 5951/8037/2677 
f 5951/8037/2677 5976/8036/2680 5973/8032/2677 
f 5978/8039/2670 5956/8028/2674 5971/8030/2674 
f 5948/8023/2671 5981/8043/2682 5966/8024/2671 
f 5963/8019/2668 5975/8034/2678 5964/8020/2669 
f 5979/8040/2675 5955/8042/2681 5980/8041/2681 
f 5948/8023/2671 5967/8025/2672 5969/8027/2672 
f 5965/8022/2670 5953/8021/2668 5978/8039/2670 
f 5977/8038/2680 5968/8026/2673 5976/8036/2680 
f 5954/8035/2679 5975/8034/2678 5982/8044/2679 
f 5983/8045/2683 5984/8046/2684 5981/8043/2682 
f 5949/8047/2673 5969/8027/2672 5968/8026/2673 
f 5970/8029/2675 5956/8028/2674 5979/8040/2675 
f 5981/8043/2682 5948/8023/2671 5983/8045/2683 
f 5974/8033/2676 5955/8042/2681 5972/8031/2676 
f 5983/8045/2683 5952/8048/2684 5984/8046/2684 
f 5977/8038/2680 5949/8047/2673 5968/8026/2673 
f 5985/8049/2685 5986/8050/2686 5958/8051/2685 
f 5958/8051/2685 5987/8052/2687 5985/8049/2685 
f 5988/8053/2688 5962/8054/2689 5989/8055/2690 
f 5989/8055/2690 5954/8035/2679 5982/8044/2679 
f 5957/8056/2691 5990/8057/2692 5991/8058/2691 
f 5952/8059/2684 5992/8060/2693 5984/8061/2684 
f 5992/8060/2693 5952/8059/2684 5986/8050/2686 
f 5987/8052/2687 5958/8051/2685 5993/8062/2687 
f 5993/8062/2687 5991/8058/2691 5987/8052/2687 
f 5994/8063/2692 5995/8064/2694 5990/8057/2692 
f 5985/8049/2685 5992/8060/2693 5986/8050/2686 
f 5996/8065/2695 5997/8066/2696 5961/8067/2695 
f 5961/8067/2695 5998/8068/2697 5996/8065/2695 
f 5999/8069/2698 5960/8070/2699 6000/8071/2698 
f 5960/8070/2699 5999/8069/2698 6001/8072/2699 
f 5998/8068/2697 5961/8067/2695 6002/8073/2697 
f 6002/8073/2697 5960/8070/2699 6001/8072/2699 
f 5962/8054/2689 5988/8053/2688 6003/8074/2689 
f 5990/8057/2692 5957/8056/2691 5994/8063/2692 
f 6002/8073/2697 6001/8072/2699 5998/8068/2697 
f 5997/8066/2696 5996/8065/2695 6004/8075/2696 
f 6000/8071/2698 6003/8074/2689 5999/8069/2698 
f 5989/8055/2690 5982/8044/2679 5988/8053/2688 
f 5994/8063/2692 5959/8076/2694 5995/8064/2694 
f 6004/8075/2696 5995/8064/2694 5959/8076/2694 
f 6004/8075/2696 5959/8076/2694 5997/8066/2696 
f 6000/8071/2698 5962/8054/2689 6003/8074/2689 
f 5993/8062/2687 5957/8056/2691 5991/8058/2691 
f 5984/8008/2667 6005/8077/2667 6006/8078/2667 
f 6006/8078/2667 5966/8004/2667 5984/8008/2667 
f 6007/8079/2667 5966/8004/2667 6006/8078/2667 
f 6008/8080/2667 5968/8005/2667 6007/8079/2667 
f 5966/8004/2667 6007/8079/2667 5968/8005/2667 
f 6009/8081/2667 5973/8007/2667 6008/8080/2667 
f 5968/8005/2667 6008/8080/2667 5973/8007/2667 
f 6010/8082/2667 5982/8010/2667 5963/8009/2667 
f 5982/8010/2667 6010/8082/2667 6011/8083/2667 
f 6012/8084/2667 6010/8082/2667 5963/8009/2667 
f 6013/8085/2667 5980/8011/2667 6009/8081/2667 
f 5980/8011/2667 5973/8007/2667 6009/8081/2667 
f 6012/8084/2667 5971/8012/2667 6013/8085/2667 
f 5980/8011/2667 6013/8085/2667 5971/8012/2667 
f 5963/8009/2667 5971/8012/2667 6012/8084/2667 
f 5985/8014/2667 5991/8013/2667 6014/8086/2667 
f 6015/8087/2667 6014/8086/2667 5991/8013/2667 
f 5991/8013/2667 5995/8015/2667 6015/8087/2667 
f 6016/8088/2667 6015/8087/2667 5995/8015/2667 
f 5984/8008/2667 6017/8089/2667 6005/8077/2667 
f 6017/8089/2667 5984/8008/2667 5985/8014/2667 
f 5985/8014/2667 6014/8086/2667 6017/8089/2667 
f 6018/8090/2667 6016/8088/2667 5996/8017/2667 
f 6001/8016/2667 6018/8090/2667 5996/8017/2667 
f 6019/8091/2667 6018/8090/2667 6001/8016/2667 
f 6003/8018/2667 6019/8091/2667 6001/8016/2667 
f 6011/8083/2667 6020/8092/2667 5982/8010/2667 
f 6003/8018/2667 5982/8010/2667 6020/8092/2667 
f 6003/8018/2667 6020/8092/2667 6019/8091/2667 
f 6016/8088/2667 5995/8015/2667 5996/8017/2667 
f 6021/8093/2700 6022/8094/2701 6010/8095/2700 
f 6023/8096/2702 6008/8097/2703 6024/8098/2702 
f 6012/8099/2704 6025/8100/2705 6026/8101/2704 
f 6027/8102/2706 6028/8103/2676 6029/8104/2706 
f 6030/8105/2707 6031/8106/2708 6032/8107/2708 
f 6010/8095/2700 6033/8108/2709 6021/8093/2700 
f 6005/8109/2684 6034/8110/2684 6035/8111/2710 
f 6036/8112/2711 6011/8044/2679 6022/8094/2701 
f 6037/8113/2705 6038/8114/2712 6025/8100/2705 
f 6039/8115/2709 6026/8101/2704 6033/8108/2709 
f 6039/8115/2709 6012/8099/2704 6026/8101/2704 
f 6029/8104/2706 6038/8114/2712 6013/8116/2712 
f 6028/8103/2676 6027/8102/2706 6009/8117/2676 
f 6024/8098/2702 6007/8118/2707 6030/8105/2707 
f 6029/8104/2706 6013/8116/2712 6027/8102/2706 
f 6008/8097/2703 6023/8096/2702 6040/8119/2703 
f 6025/8100/2705 6012/8099/2704 6037/8113/2705 
f 6006/8120/2713 6032/8107/2708 6031/8106/2708 
f 6006/8120/2713 6041/8121/2713 6032/8107/2708 
f 6042/8122/2714 6028/8103/2676 6009/8117/2676 
f 6005/8109/2684 6035/8111/2710 6043/8123/2715 
f 6040/8119/2703 6044/8124/2714 6008/8097/2703 
f 6042/8122/2714 6009/8117/2676 6044/8124/2714 
f 6021/8093/2700 6036/8112/2711 6022/8094/2701 
f 6024/8098/2702 6030/8105/2707 6023/8096/2702 
f 6030/8105/2707 6007/8118/2707 6031/8106/2708 
f 6011/8044/2679 6036/8112/2711 6045/8125/2679 
f 6006/8120/2713 6043/8123/2715 6041/8121/2713 
f 6037/8113/2705 6013/8116/2712 6038/8114/2712 
f 6044/8124/2714 6040/8119/2703 6042/8122/2714 
f 6033/8108/2709 6010/8095/2700 6039/8115/2709 
f 6041/8121/2713 6043/8123/2715 6035/8111/2710 
f 6046/8126/2716 6047/8127/2717 6017/8128/2716 
f 6048/8129/2718 6014/8130/2719 6049/8131/2719 
f 6014/8130/2719 6050/8132/2720 6049/8131/2719 
f 6051/8133/2718 6017/8128/2716 6048/8129/2718 
f 6052/8134/2721 6053/8135/2696 6054/8136/2721 
f 6017/8128/2716 6051/8133/2718 6046/8126/2716 
f 6054/8136/2721 6055/8137/2722 6015/8138/2722 
f 6056/8139/2723 6005/8140/2684 6047/8127/2717 
f 6057/8141/2720 6055/8137/2722 6050/8132/2720 
f 6048/8129/2718 6049/8131/2719 6051/8133/2718 
f 6058/8142/2724 6020/8143/2725 6059/8144/2726 
f 6060/8145/2727 6019/8146/2728 6061/8147/2728 
f 6053/8135/2696 6052/8134/2721 6016/8148/2696 
f 6062/8149/2727 6018/8150/2729 6060/8145/2727 
f 6054/8136/2721 6015/8138/2722 6052/8134/2721 
f 6018/8150/2729 6062/8149/2727 6063/8151/2729 
f 6046/8126/2716 6056/8139/2723 6047/8127/2717 
f 6020/8143/2725 6058/8142/2724 6064/8152/2725 
f 6005/8140/2684 6056/8139/2723 6034/8153/2684 
f 6050/8132/2720 6014/8130/2719 6057/8141/2720 
f 6019/8146/2728 6065/8154/2730 6061/8147/2728 
f 6063/8151/2729 6066/8155/2731 6018/8150/2729 
f 6067/8156/2731 6016/8148/2696 6066/8155/2731 
f 6060/8145/2727 6061/8147/2728 6062/8149/2727 
f 6068/8157/2730 6064/8152/2725 6065/8154/2730 
f 6066/8155/2731 6063/8151/2729 6067/8156/2731 
f 6068/8157/2730 6020/8143/2725 6064/8152/2725 
f 6059/8144/2726 6045/8125/2679 6058/8142/2724 
f 6065/8154/2730 6019/8146/2728 6068/8157/2730 
f 6067/8156/2731 6053/8135/2696 6016/8148/2696 
f 6057/8141/2720 6015/8138/2722 6055/8137/2722 
f 6059/8144/2726 6011/8044/2679 6045/8125/2679 
f 6034/8077/2667 6069/8158/2667 6070/7999/2667 
f 6070/7999/2667 6041/8078/2667 6034/8077/2667 
f 6071/7998/2667 6041/8078/2667 6070/7999/2667 
f 6072/7997/2667 6030/8079/2667 6071/7998/2667 
f 6041/8078/2667 6071/7998/2667 6030/8079/2667 
f 6040/8080/2667 6072/7997/2667 6073/8000/2667 
f 6030/8079/2667 6072/7997/2667 6040/8080/2667 
f 6028/8081/2667 6040/8080/2667 6073/8000/2667 
f 6074/8003/2667 6045/8083/2667 6021/8082/2667 
f 6045/8083/2667 6074/8003/2667 6075/8159/2667 
f 6076/8002/2667 6074/8003/2667 6021/8082/2667 
f 6077/8001/2667 6038/8085/2667 6073/8000/2667 
f 6038/8085/2667 6028/8081/2667 6073/8000/2667 
f 6076/8002/2667 6026/8084/2667 6077/8001/2667 
f 6038/8085/2667 6077/8001/2667 6026/8084/2667 
f 6021/8082/2667 6026/8084/2667 6076/8002/2667 
f 6078/7991/2667 6079/7990/2667 6049/8086/2667 
f 6055/8087/2667 6053/8088/2667 6080/7992/2667 
f 6080/7992/2667 6078/7991/2667 6055/8087/2667 
f 6055/8087/2667 6078/7991/2667 6049/8086/2667 
f 6034/8077/2667 6081/7989/2667 6069/8158/2667 
f 6081/7989/2667 6034/8077/2667 6046/8089/2667 
f 6079/7990/2667 6081/7989/2667 6046/8089/2667 
f 6046/8089/2667 6049/8086/2667 6079/7990/2667 
f 6082/7995/2667 6080/7992/2667 6063/8090/2667 
f 6061/8091/2667 6082/7995/2667 6063/8090/2667 
f 6083/7993/2667 6082/7995/2667 6061/8091/2667 
f 6064/8092/2667 6083/7993/2667 6061/8091/2667 
f 6075/8159/2667 6084/7994/2667 6045/8083/2667 
f 6064/8092/2667 6045/8083/2667 6084/7994/2667 
f 6064/8092/2667 6084/7994/2667 6083/7993/2667 
f 6080/7992/2667 6053/8088/2667 6063/8090/2667 
f 5938/8160/2700 6085/8161/2701 6074/8162/2700 
f 6086/8163/2706 5939/8164/2712 6077/8165/2712 
f 6076/8166/2704 6087/8167/2705 5937/8168/2704 
f 6088/8169/2709 6076/8166/2704 5937/8168/2704 
f 6089/8170/2714 6072/8105/2703 5935/8171/2703 
f 6074/8162/2700 6090/8172/2709 5938/8160/2700 
f 6091/8173/2702 6072/8105/2703 6092/8174/2702 
f 6093/8175/2732 6075/8125/2679 6085/8161/2701 
f 6094/8114/2705 5939/8164/2712 6087/8167/2705 
f 6088/8169/2709 5937/8168/2704 6090/8172/2709 
f 6090/8172/2709 6074/8162/2700 6088/8169/2709 
f 6095/8176/2706 5936/8177/2676 6086/8163/2706 
f 5936/8177/2676 6095/8176/2706 6073/8178/2676 
f 6096/8179/2714 6073/8178/2676 6089/8170/2714 
f 6086/8163/2706 6077/8165/2712 6095/8176/2706 
f 6073/8178/2676 6096/8179/2714 5936/8177/2676 
f 6094/8114/2705 6077/8165/2712 5939/8164/2712 
f 6071/8180/2707 6091/8173/2702 6092/8174/2702 
f 5935/8171/2703 6072/8105/2703 6091/8173/2702 
f 6070/8181/2713 5933/8182/2713 6097/8183/2708 
f 6098/8184/2708 6070/8181/2713 6097/8183/2708 
f 6075/8125/2679 6093/8175/2732 5940/8185/2679 
f 5934/8186/2707 6091/8173/2702 6071/8180/2707 
f 6099/8187/2715 5933/8182/2713 6100/8188/2715 
f 6098/8184/2708 5934/8186/2707 6071/8180/2707 
f 5933/8182/2713 6070/8181/2713 6100/8188/2715 
f 6087/8167/2705 6076/8166/2704 6094/8114/2705 
f 6069/8189/2684 5931/8190/2684 6099/8187/2715 
f 5938/8160/2700 6093/8175/2732 6085/8161/2701 
f 6069/8189/2684 6099/8187/2715 6100/8188/2715 
f 6089/8170/2714 5935/8171/2703 6096/8179/2714 
f 5934/8186/2707 6098/8184/2708 6097/8183/2708 
f 5943/8191/2716 6101/8192/2717 6081/8193/2716 
f 6102/8194/2718 6079/8195/2719 5942/8196/2719 
f 6079/8195/2719 6103/8197/2720 5942/8196/2719 
f 6104/8198/2718 6081/8193/2716 6102/8194/2718 
f 6105/8199/2721 5944/8200/2696 6106/8201/2721 
f 6081/8193/2716 6104/8198/2718 5943/8191/2716 
f 6106/8201/2721 5941/8202/2722 6078/8131/2722 
f 6107/8203/2733 6069/8204/2684 6101/8192/2717 
f 6108/8205/2720 5941/8202/2722 6103/8197/2720 
f 6102/8194/2718 5942/8196/2719 6104/8198/2718 
f 6109/8206/2724 6084/8207/2725 6110/8208/2734 
f 6111/8151/2727 6083/8209/2728 5946/8210/2728 
f 5944/8200/2696 6105/8199/2721 6080/8211/2696 
f 6112/8212/2727 6082/8213/2729 6111/8151/2727 
f 6106/8201/2721 6078/8131/2722 6105/8199/2721 
f 6082/8213/2729 6112/8212/2727 5945/8214/2729 
f 5943/8191/2716 6107/8203/2733 6101/8192/2717 
f 6084/8207/2725 6109/8206/2724 5947/8215/2725 
f 6069/8204/2684 6107/8203/2733 5931/8216/2684 
f 6103/8197/2720 6079/8195/2719 6108/8205/2720 
f 6083/8209/2728 6113/8217/2730 5946/8210/2728 
f 5945/8214/2729 6114/8218/2731 6082/8213/2729 
f 6115/8219/2731 6080/8211/2696 6114/8218/2731 
f 6111/8151/2727 5946/8210/2728 6112/8212/2727 
f 6116/8220/2730 5947/8215/2725 6113/8217/2730 
f 6114/8218/2731 5945/8214/2729 6115/8219/2731 
f 6116/8220/2730 6084/8207/2725 5947/8215/2725 
f 6110/8208/2734 5940/8185/2679 6109/8206/2724 
f 6113/8217/2730 6083/8209/2728 6116/8220/2730 
f 6115/8219/2731 5944/8200/2696 6080/8211/2696 
f 6108/8205/2720 6078/8131/2722 5941/8202/2722 
f 6110/8208/2734 6075/8125/2679 5940/8185/2679 
# 276 faces

#
# object Box001
#

v  -139.9917 0.0000 -46.3795
v  -139.9917 0.0000 120.6762
v  41.7516 0.0000 -46.3795
v  41.7516 0.0000 120.6762
v  41.7516 -1.0000 120.6762
v  -139.9917 -1.0000 120.6762
v  41.7516 -1.0000 -46.3795
v  -139.9917 -1.0000 -46.3795
# 8 vertices

vn 0.0000 1.0000 -0.0000
vn 0.0000 -1.0000 -0.0000
vn 0.0000 0.0000 1.0000
vn 1.0000 0.0000 -0.0000
vn 0.0000 0.0000 -1.0000
vn -1.0000 0.0000 -0.0000
# 6 vertex normals

vt -0.2463 1.5441 1.0000
vt -0.2463 -0.5441 1.0000
vt 1.2463 1.5441 1.0000
vt 1.2463 -0.5441 1.0000
vt -0.2463 -0.5441 0.0000
vt 1.2463 -0.5441 0.0000
vt -0.2463 1.5441 0.0000
vt 1.2463 1.5441 0.0000
vt 1.2463 1.0000 -0.5441
vt -0.2463 1.0000 -0.5441
vt 1.2463 0.0000 -0.5441
vt -0.2463 0.0000 -0.5441
vt 1.5441 1.0000 1.2463
vt -0.5441 1.0000 1.2463
vt 1.5441 0.0000 1.2463
vt -0.5441 0.0000 1.2463
vt 1.2463 1.0000 1.5441
vt -0.2463 1.0000 1.5441
vt 1.2463 0.0000 1.5441
vt -0.2463 0.0000 1.5441
vt 1.5441 1.0000 -0.2463
vt -0.5441 1.0000 -0.2463
vt 1.5441 0.0000 -0.2463
vt -0.5441 0.0000 -0.2463
# 24 texture coords

g Box001
usemtl fabric
s 2
f 6117/8221/2735 6118/8222/2735 6119/8223/2735 
f 6120/8224/2735 6119/8223/2735 6118/8222/2735 
s 4
f 6121/8225/2736 6122/8226/2736 6123/8227/2736 
f 6124/8228/2736 6123/8227/2736 6122/8226/2736 
s 8
f 6120/8229/2737 6118/8230/2737 6121/8231/2737 
f 6122/8232/2737 6121/8231/2737 6118/8230/2737 
s 16
f 6119/8233/2738 6120/8234/2738 6123/8235/2738 
f 6121/8236/2738 6123/8235/2738 6120/8234/2738 
s 32
f 6117/8237/2739 6119/8238/2739 6124/8239/2739 
f 6123/8240/2739 6124/8239/2739 6119/8238/2739 
s 64
f 6118/8241/2740 6117/8242/2740 6122/8243/2740 
f 6124/8244/2740 6122/8243/2740 6117/8242/2740 
# 12 faces

